sense,honor,curse,despise,situation,antihuman,roughness,slaughter,strike_support,depression_rate
3.234,3.564,3.319,2.868,2.865,2.217,0.801,0.736,2.947,0.636
2.551,2.601,2.189,1.893,2.334,1.223,1.084,0.68,2.442,0.062
2.418,2.638,2.313,2.183,2.206,1.876,0.484,0.136,2.081,0.174
3.339,3.331,2.922,1.973,2.718,1.549,0.679,0.528,3.157,0.482
2.712,2.375,2.256,1.987,2.257,1.411,0.963,0.661,2.234,0.32
2.908,2.582,2.349,1.861,2.656,1.463,2.115,1.95,2.835,0.675
1.656,1.675,1.414,1.322,1.92,0.994,0.286,0.017,1.474,0.016
1.166,0.853,0.197,0.202,1.661,0.494,0.321,0.284,1.408,0.0
3.034,2.576,2.617,2.276,2.394,1.742,1.041,0.44,2.939,0.554
2.695,2.539,2.419,2.05,2.577,1.707,0.45,0.366,2.297,0.287
2.199,1.9,1.671,1.54,2.184,0.959,0.456,0.168,2.057,0.035
0.773,0.488,0.164,0.068,1.75,0.015,0.234,0.107,1.138,0.024
3.436,3.51,3.125,2.767,2.965,2.182,0.855,0.499,3.303,0.467
2.539,2.409,1.906,1.924,2.382,1.74,0.418,0.146,2.098,0.366
0.517,0.715,0.61,0.684,1.882,0.49,0.103,0.248,1.382,0.0
3.23,3.424,3.346,2.715,2.56,2.066,0.212,0.113,2.788,0.273
3.297,2.471,2.218,2.077,2.319,1.793,0.699,0.377,2.463,0.346
1.852,2.001,1.334,1.508,2.256,1.0,0.366,0.154,2.091,0.075
2.691,2.938,2.701,2.241,2.72,1.358,0.513,0.389,2.789,0.187
2.889,2.838,2.695,2.591,2.627,2.043,0.6,0.242,2.554,0.55
1.498,1.438,1.414,1.258,2.472,1.132,0.473,0.186,1.682,0.324
2.728,2.358,2.165,1.653,2.399,1.333,0.828,0.74,2.779,0.624
0.826,0.726,0.505,0.268,1.828,0.384,0.076,0.025,1.177,0.102
4.0,3.626,2.98,2.77,2.825,2.032,2.394,1.826,2.807,0.692
2.207,1.884,1.468,1.177,2.163,1.068,0.081,0.011,2.154,0.0
1.665,1.729,1.438,1.376,2.192,1.121,0.299,0.196,1.828,0.181
2.464,2.212,1.83,1.652,2.442,1.389,0.503,0.072,2.337,0.039
2.039,2.154,1.943,1.058,2.069,1.037,0.53,0.48,1.655,0.339
2.664,2.828,2.461,2.052,2.485,1.887,1.025,0.807,2.443,0.523
3.149,2.271,2.167,1.694,2.06,1.787,0.824,0.661,2.206,0.56
3.33,3.109,2.642,2.402,2.419,2.324,1.508,0.914,2.547,0.874
1.457,1.137,0.448,0.474,1.902,0.749,0.208,0.157,1.653,0.0
2.244,1.867,1.613,1.565,1.849,1.032,1.087,0.902,2.107,0.252
2.375,2.195,1.928,1.518,2.05,0.988,0.641,0.231,2.083,0.2
1.469,1.351,1.119,1.043,1.887,0.808,0.038,0.0,1.659,0.0
2.499,2.27,1.768,1.55,2.141,0.961,0.613,0.518,2.357,0.335
2.36,1.931,1.43,1.129,2.475,0.79,0.045,0.0,2.321,0.304
2.025,1.871,1.392,1.442,2.354,1.071,0.818,0.837,1.957,0.325
3.81,3.154,2.783,2.45,2.691,1.797,0.545,0.191,2.673,0.407
2.766,2.493,2.232,1.752,2.318,1.162,0.735,0.584,2.332,0.354
2.635,2.822,2.73,2.644,2.635,2.178,1.08,0.664,2.403,0.383
3.3,2.682,2.385,2.047,2.642,1.633,1.314,1.247,2.934,0.331
3.057,2.803,2.741,2.204,2.721,1.679,0.367,0.292,2.712,0.451
3.156,2.858,2.242,2.035,2.859,1.576,0.714,0.304,2.888,0.422
2.278,2.299,2.008,1.565,2.098,0.886,0.195,0.116,1.986,0.031
0.972,0.81,0.544,0.843,1.564,0.509,0.956,0.557,1.223,0.103
2.143,2.144,1.793,1.648,2.216,1.264,0.428,0.279,2.04,0.201
0.247,0.096,0.113,0.0,1.626,0.201,0.0,0.0,1.013,0.0
3.321,2.731,2.385,2.039,2.907,1.369,1.077,0.213,2.387,0.623
2.826,2.383,1.881,1.559,2.554,1.072,0.0,0.0,2.256,0.0
3.201,2.828,2.539,1.829,2.681,1.476,0.139,0.235,2.573,0.522
2.026,1.688,1.294,0.872,1.928,0.286,0.0,0.031,1.947,0.0
1.954,1.72,1.221,1.041,1.855,0.658,0.0,0.065,1.495,0.042
2.455,2.552,1.977,1.898,2.151,1.032,0.481,0.239,2.301,0.284
2.76,2.569,2.121,1.876,2.209,1.003,0.4,0.13,2.531,0.278
2.728,2.631,2.434,1.877,2.587,1.72,0.646,0.187,2.689,0.315
1.827,1.959,1.429,1.301,2.351,1.112,0.401,0.384,1.86,0.0
0.662,0.652,0.303,0.536,1.809,0.764,0.118,0.0,1.377,0.027
0.707,0.268,0.076,0.186,1.541,0.01,0.0,0.0,1.128,0.0
1.382,1.174,0.884,0.84,1.758,0.542,0.125,0.112,1.26,0.197
3.25,3.059,2.816,2.229,2.491,2.057,0.542,0.396,2.838,0.25
3.659,3.063,3.098,3.016,3.175,2.435,1.927,1.088,2.931,0.497
2.824,2.353,2.121,1.582,2.373,0.948,0.231,0.13,2.363,0.145
2.363,1.871,1.669,1.2,2.279,1.069,0.033,0.004,1.647,0.115
1.707,1.526,1.193,1.111,2.108,0.609,0.638,0.374,1.902,0.017
0.949,1.256,0.772,0.521,1.954,1.03,0.568,0.545,1.845,0.176
2.627,2.405,2.202,1.712,2.14,1.118,0.411,0.327,2.408,0.272
1.824,1.594,1.467,1.371,1.827,0.626,0.253,0.121,1.764,0.019
2.844,2.657,2.472,1.997,2.463,1.875,1.215,0.719,3.009,0.451
1.181,0.925,0.51,0.54,2.069,0.845,0.065,0.004,1.172,0.0
2.484,2.301,2.185,1.679,2.841,1.554,0.252,0.176,2.224,0.189
2.251,1.48,1.264,1.124,2.103,0.69,0.607,0.126,1.456,0.154
2.321,2.38,2.056,1.727,2.128,1.076,0.367,0.327,2.341,0.33
1.926,1.579,1.532,1.175,2.29,1.108,0.289,0.0,1.836,0.366
4.0,3.908,3.836,3.147,3.173,2.013,1.068,0.61,3.353,0.638
2.967,2.294,2.247,1.883,2.182,1.27,0.104,0.179,2.198,0.283
2.61,2.543,2.219,1.766,2.439,1.286,0.144,0.108,2.406,0.191
2.671,2.657,1.908,1.638,2.319,1.187,0.849,0.611,2.338,0.322
2.71,2.562,1.896,1.76,2.524,1.971,1.603,1.267,2.906,0.202
2.033,1.835,1.806,1.509,2.031,1.185,0.141,0.0,1.676,0.101
1.121,1.134,1.072,0.972,1.895,0.906,0.477,0.496,1.32,0.107
2.788,2.572,2.267,1.753,2.357,1.73,0.594,0.276,2.12,0.239
2.957,2.717,1.986,1.881,2.492,1.528,0.572,0.197,2.431,0.292
1.489,1.587,0.74,0.509,1.872,0.887,0.15,0.204,1.542,0.051
1.656,1.893,1.173,1.393,2.054,1.418,0.96,0.378,1.98,0.252
2.008,2.072,1.654,1.297,2.272,1.062,0.474,0.182,2.416,0.266
2.728,2.417,1.853,1.478,2.539,1.386,1.459,1.195,2.421,0.561
1.035,0.548,0.375,0.512,1.654,0.331,0.028,0.0,1.221,0.0
2.76,2.799,2.689,2.564,2.538,2.02,0.817,0.252,2.761,0.343
3.503,3.673,3.426,2.927,2.831,1.692,1.038,0.269,3.032,0.66
1.405,1.282,0.802,0.689,1.949,0.499,0.246,0.163,1.797,0.012
3.266,3.414,3.062,2.794,2.867,1.978,0.893,0.0,3.009,0.312
2.671,2.62,2.462,2.205,2.371,2.06,1.148,0.774,2.35,0.446
3.033,2.709,2.365,1.758,2.322,0.831,0.0,0.0,2.357,0.0
2.604,2.653,2.263,1.829,2.486,1.546,1.562,0.733,2.334,0.545
3.144,3.34,3.08,2.999,3.376,2.704,0.945,0.602,2.895,0.794
3.576,3.203,2.958,2.702,2.865,2.267,1.569,0.57,2.862,0.699
3.498,3.511,3.419,3.041,3.363,1.928,0.367,0.198,3.271,0.401
2.277,2.332,2.548,2.002,2.584,1.397,0.504,0.417,2.397,0.059
3.308,3.192,2.743,2.261,2.959,1.548,0.68,0.236,2.772,0.485
3.322,3.201,2.766,2.402,2.892,1.728,1.207,0.904,2.755,0.636
2.733,2.382,2.19,1.697,2.481,1.119,0.52,0.258,1.914,0.327
2.784,2.546,2.456,2.363,2.475,1.98,0.763,0.561,2.136,0.334
2.984,2.893,2.601,2.116,2.627,1.757,0.534,0.258,2.54,0.462
1.794,1.492,1.23,0.973,1.972,0.63,0.268,0.234,1.504,0.356
3.025,2.754,2.473,2.02,2.607,1.483,0.42,0.241,2.284,0.221
2.528,2.053,2.078,1.587,2.549,1.187,0.155,0.0,2.364,0.369
1.775,1.744,1.373,0.8,2.147,0.798,0.193,0.0,1.718,0.0
2.533,2.368,1.782,1.229,2.353,0.709,0.375,0.096,1.977,0.0
2.85,2.761,2.534,2.106,2.535,1.451,0.83,0.556,2.575,0.442
1.346,1.536,1.389,1.009,2.188,0.826,0.092,0.0,1.798,0.204
2.117,2.029,1.686,1.518,2.408,1.409,0.384,0.207,1.916,0.302
2.475,2.61,2.393,2.062,2.546,1.691,0.399,0.532,2.459,0.271
2.88,2.462,2.264,1.924,2.318,1.159,0.599,0.416,2.322,0.245
1.987,2.117,1.623,1.488,1.975,0.652,0.038,0.0,1.85,0.012
3.885,3.743,3.373,2.947,3.079,1.896,1.098,0.417,3.125,0.825
3.007,2.382,2.038,1.626,2.132,0.766,0.157,0.142,2.196,0.158
1.328,0.826,0.294,0.494,1.937,0.496,0.33,0.304,1.485,0.015
1.91,1.438,1.281,0.839,1.941,0.86,0.897,0.634,1.968,0.17
0.947,1.2,0.2,0.213,1.66,0.0,0.0,0.0,1.487,0.0
2.035,2.173,1.9,1.871,2.377,1.243,0.474,0.281,2.275,0.187
2.539,2.205,2.293,1.893,2.604,1.522,0.709,0.619,2.223,0.388
2.028,2.399,2.243,1.477,2.465,0.742,0.214,0.134,2.28,0.157
2.435,2.179,1.992,1.708,2.411,1.624,0.744,0.455,2.315,0.184
3.114,2.951,2.549,2.117,2.593,1.781,1.106,0.297,2.947,0.432
3.254,3.05,3.11,2.431,2.773,2.46,0.942,0.526,3.035,0.469
2.903,2.891,2.905,2.75,2.706,2.046,1.006,0.652,2.505,0.607
1.841,1.349,1.256,1.033,2.016,0.766,0.141,0.034,1.71,0.081
3.005,2.785,2.65,2.163,2.536,1.347,0.519,0.349,2.855,0.288
3.13,3.293,3.007,2.816,3.033,2.53,0.682,0.127,2.81,0.965
3.471,3.352,2.975,2.729,2.979,2.138,1.042,0.486,2.978,0.537
3.442,3.115,2.865,2.523,2.856,1.738,1.242,0.894,2.891,0.599
0.939,1.071,0.329,0.113,1.681,0.389,0.0,0.0,1.044,0.0
1.86,1.867,1.5,1.033,2.188,0.87,0.138,0.126,2.037,0.055
3.176,3.111,2.278,2.117,2.625,1.626,0.795,0.431,2.521,0.402
2.924,2.535,2.407,1.991,2.535,1.469,0.574,0.487,2.59,0.418
2.886,2.365,2.386,1.979,2.627,1.87,1.466,0.959,2.563,0.59
2.068,2.469,1.669,1.882,2.166,1.971,0.508,0.209,2.076,0.337
2.315,2.374,2.102,2.002,2.24,1.674,0.569,0.488,2.14,0.146
3.029,2.881,2.627,1.911,2.495,1.856,1.138,0.674,2.331,0.468
3.488,3.11,2.713,2.492,2.625,1.897,1.221,0.655,2.616,0.404
2.258,2.53,2.069,1.848,2.473,1.134,0.295,0.065,2.427,0.399
2.268,1.757,1.583,1.272,2.133,1.185,0.26,0.229,1.839,0.0
2.016,1.96,1.618,1.525,2.442,1.607,0.998,0.727,2.304,0.364
1.995,1.969,1.772,1.739,2.275,0.946,0.178,0.088,2.013,0.0
2.256,1.877,1.519,1.364,2.161,1.304,0.079,0.222,1.648,0.001
2.425,2.078,1.598,1.254,2.169,1.099,0.766,0.688,1.957,0.456
2.844,2.23,1.855,1.342,2.29,1.604,1.085,1.1,2.447,0.399
2.409,2.546,2.187,1.706,2.196,1.271,0.464,0.333,2.15,0.188
2.309,2.306,1.984,1.644,1.814,1.004,0.0,0.0,1.825,0.0
1.056,0.877,0.551,0.47,1.688,0.184,0.14,0.107,1.063,0.079
2.529,2.007,1.661,1.006,2.2,0.718,0.122,0.0,1.741,0.165
2.77,2.889,2.448,2.212,2.586,1.593,0.409,0.195,2.845,0.683
2.73,2.273,1.871,1.456,2.279,0.906,0.261,0.016,2.452,0.193
1.2,1.28,1.075,0.61,2.208,1.083,0.485,0.109,1.431,0.21
2.702,2.445,2.159,1.945,2.34,1.177,0.998,0.944,2.81,0.241
1.676,1.565,1.481,1.205,1.922,0.572,0.084,0.073,2.034,0.709
1.652,1.637,1.666,1.545,2.16,1.171,0.023,0.005,1.797,0.069
2.273,1.886,1.495,1.142,2.018,1.026,0.704,0.28,1.735,0.013
2.565,2.318,2.034,1.847,2.3,1.609,0.604,0.211,2.682,0.381
1.759,1.657,1.406,1.352,2.044,0.831,0.355,0.141,1.677,0.049
2.11,1.761,1.33,1.162,2.254,0.925,0.456,0.28,2.154,0.16
3.012,2.864,2.199,1.651,2.488,1.592,0.972,0.76,2.533,0.777
2.493,2.158,1.969,1.488,2.388,1.322,0.883,0.419,1.998,0.3
2.087,1.562,1.198,0.881,2.09,0.713,0.289,0.343,1.844,0.146
2.691,2.354,1.934,1.767,2.275,1.173,0.365,0.064,1.952,0.256
2.861,2.447,1.78,1.663,2.456,1.275,0.85,0.169,1.885,0.33
3.012,2.873,2.126,1.69,2.601,1.333,1.001,0.722,2.79,0.334
2.151,1.302,1.214,1.338,1.795,0.92,0.526,0.27,1.454,0.0
2.062,1.903,1.54,1.25,2.257,0.8,0.072,0.0,1.895,0.019
1.089,0.924,0.507,0.544,2.137,0.48,0.372,0.125,1.342,0.0
3.15,3.024,2.711,2.132,2.784,1.933,1.343,0.898,2.634,0.613
2.183,1.875,1.198,1.095,2.34,1.017,0.45,0.393,1.774,0.672
3.384,3.012,2.667,2.202,2.507,1.348,0.654,0.515,2.378,0.195
1.74,1.61,1.004,0.853,2.197,0.514,0.322,0.221,1.969,0.0
1.805,1.558,1.132,1.163,2.28,0.849,0.316,0.025,1.828,0.0
1.544,1.466,1.282,1.168,1.948,0.702,0.295,0.196,2.136,0.012
2.684,2.452,2.223,1.675,2.444,1.271,0.541,0.095,2.438,0.29
2.913,2.966,2.687,2.544,2.791,1.474,0.796,0.542,2.468,0.623
3.13,2.816,2.511,2.63,2.866,1.952,0.815,0.084,2.894,0.373
2.42,2.083,1.626,1.502,2.268,0.738,0.598,0.172,2.025,0.214
2.287,1.887,1.191,1.163,2.17,0.87,0.382,0.068,1.781,0.0
2.644,2.62,2.149,1.745,2.176,1.382,0.447,0.346,2.269,0.267
3.083,3.079,2.754,2.549,2.478,2.145,1.862,1.455,2.851,0.725
3.224,3.172,2.922,2.322,2.868,1.459,0.79,0.444,2.955,0.342
3.656,3.596,3.224,2.327,2.835,1.758,0.325,0.051,2.888,0.166
2.562,2.106,1.723,1.738,2.205,1.273,0.194,0.015,1.993,0.0
2.921,2.297,2.3,1.897,2.27,1.643,0.451,0.312,2.345,0.331
2.164,2.296,1.979,2.031,2.002,1.242,0.742,0.655,1.994,0.45
0.645,0.68,0.761,0.571,1.891,0.484,0.087,0.055,1.663,0.146
3.241,3.259,2.923,2.606,2.108,2.085,0.189,0.0,2.204,0.299
2.808,2.579,2.649,2.177,2.694,2.092,0.784,0.507,2.469,0.438
3.455,3.467,3.075,3.1,3.295,2.846,0.771,0.132,2.978,0.841
2.11,1.745,1.361,1.27,2.431,1.189,0.424,0.296,1.843,0.064
2.974,2.485,2.155,1.651,2.359,1.156,0.778,0.585,2.389,0.434
2.476,2.149,1.739,1.602,2.226,1.025,0.049,0.114,2.591,0.323
3.348,3.085,2.975,2.859,2.789,2.012,0.564,0.382,2.642,0.443
2.753,2.629,2.457,2.116,2.578,1.961,1.325,1.023,2.493,0.14
2.937,2.845,2.927,2.48,2.794,2.226,1.847,1.471,2.77,0.739
3.243,2.972,2.737,2.409,2.546,1.648,1.084,0.657,2.48,0.242
1.563,1.57,1.392,0.922,1.581,0.666,0.395,0.213,1.67,0.212
2.749,2.657,2.093,1.413,2.422,1.105,0.423,0.15,2.22,0.25
2.018,1.882,1.575,1.255,2.017,1.182,0.349,0.133,1.771,0.299
3.248,3.036,2.342,1.793,2.486,1.382,0.478,0.38,2.271,0.221
2.651,2.181,1.948,1.879,2.274,1.588,1.414,1.213,2.406,0.505
1.626,1.655,1.126,0.964,2.063,0.8,0.248,0.011,1.79,0.269
2.244,1.998,1.381,1.105,1.69,0.785,0.0,0.0,1.897,0.089
2.882,2.771,2.638,1.983,2.791,1.385,1.752,1.139,2.706,0.235
2.442,2.049,1.556,1.359,2.323,0.983,0.589,0.524,2.399,0.337
3.011,2.783,2.433,2.333,2.594,1.918,0.881,0.262,2.622,0.6
2.926,2.417,2.407,2.263,2.66,1.875,0.947,0.429,2.631,0.385
1.054,0.864,0.536,0.498,1.668,0.109,0.0,0.0,1.2,0.0
4.0,3.973,3.618,2.821,2.949,2.896,2.155,1.759,3.573,0.994
3.021,2.876,2.779,2.252,2.709,2.136,0.776,0.212,2.445,0.362
4.0,3.767,3.631,3.218,2.838,2.622,0.867,0.487,3.137,0.502
3.887,3.108,2.771,2.828,2.967,2.337,1.37,0.78,2.819,0.83
2.922,2.875,2.252,1.875,2.171,1.319,0.569,0.238,1.862,0.207
3.627,3.107,2.742,2.347,2.611,2.097,1.494,1.366,2.73,0.481
2.395,1.965,1.623,1.063,2.003,1.09,0.922,0.662,2.502,0.0
1.82,1.755,1.216,1.329,2.144,0.797,0.635,0.619,2.138,0.24
1.563,1.57,1.392,0.922,1.581,0.666,0.395,0.213,1.67,0.212
2.284,2.226,2.078,1.639,2.637,1.499,0.578,0.299,2.227,0.414
2.074,1.796,1.053,0.784,2.012,0.675,0.514,0.374,1.989,0.0
3.22,3.296,3.042,2.79,3.313,2.494,0.934,0.465,3.062,1.212
3.19,2.898,2.643,2.041,2.531,1.876,0.086,0.079,2.8,0.583
2.335,2.1,1.754,1.735,2.454,1.242,0.449,0.254,2.164,0.392
2.65,2.494,2.213,1.669,2.387,1.432,0.698,0.536,2.105,0.831
1.81,1.223,1.101,0.553,2.133,0.899,0.572,0.479,1.833,0.256
1.984,1.416,1.254,1.28,1.997,0.987,0.888,0.586,1.877,0.058
0.826,1.387,0.893,0.86,2.001,0.748,0.702,0.535,1.386,0.169
3.138,3.282,2.995,2.622,2.689,2.084,0.634,0.049,2.698,0.471
0.943,0.656,0.085,0.229,1.48,0.371,0.0,0.038,1.106,0.0
1.878,1.645,0.908,0.925,2.184,0.587,0.366,0.468,1.562,0.409
1.246,1.052,0.873,0.86,2.051,0.307,0.056,0.047,1.784,0.0
2.097,1.819,1.534,1.223,2.302,1.084,0.794,0.639,1.786,0.208
1.341,1.424,1.174,1.099,1.944,1.088,0.497,0.01,1.073,0.277
1.389,1.343,1.202,0.939,2.203,1.007,0.512,0.254,1.806,0.107
1.103,0.95,0.582,0.662,1.915,0.52,0.111,0.183,1.165,0.012
2.006,1.943,1.573,1.232,2.384,1.072,0.18,0.152,1.904,0.121
1.882,1.719,1.283,1.066,1.946,1.053,0.559,0.475,2.16,0.338
3.548,3.832,3.652,2.926,3.239,2.393,0.6,0.429,3.487,0.651
2.419,2.102,1.877,1.619,2.333,1.336,0.468,0.235,1.632,0.476
2.74,2.519,2.238,2.057,2.709,1.671,1.119,0.696,2.787,0.508
2.839,2.328,2.142,1.666,2.267,1.423,0.72,0.146,2.422,0.139
2.635,2.116,1.913,1.68,2.65,1.354,0.382,0.219,2.08,0.418
2.988,2.517,2.022,1.81,2.415,1.384,0.995,0.662,2.518,0.237
2.677,2.393,2.109,1.811,2.331,1.652,1.563,1.071,2.434,0.213
2.567,1.937,1.921,1.875,2.406,1.526,1.075,0.691,2.235,0.316
4.0,4.0,4.0,3.808,3.423,3.213,0.987,0.789,3.653,1.466
1.631,1.186,1.161,1.141,1.954,0.962,0.193,0.125,1.673,0.023
2.637,2.241,1.981,1.568,2.089,1.584,1.003,0.424,2.051,0.228
3.566,3.101,2.595,1.761,2.329,1.425,0.466,0.237,3.161,0.455
2.158,2.008,1.646,1.473,2.172,1.223,1.179,0.712,2.242,0.354
2.917,3.056,2.66,2.228,2.785,1.749,0.382,0.381,2.481,0.281
2.72,2.598,2.138,1.854,2.094,1.246,0.095,0.012,2.144,0.253
3.604,2.976,2.668,2.317,2.712,1.986,1.248,0.822,2.434,1.046
3.06,2.87,2.673,2.207,2.214,1.693,0.161,0.0,2.417,0.437
1.038,0.996,0.565,0.391,1.918,0.328,0.088,0.077,1.565,0.0
1.148,1.087,0.805,0.964,1.785,0.674,0.898,0.457,1.766,0.187
2.401,2.171,1.904,1.453,2.279,1.012,0.021,0.043,2.002,0.083
3.853,3.413,3.165,2.586,3.133,2.146,1.423,1.049,3.37,0.634
2.249,2.229,1.431,1.566,1.979,0.889,0.815,0.551,2.276,0.39
3.288,2.915,2.692,2.597,2.821,1.75,0.289,0.106,2.53,0.811
3.211,3.443,2.858,2.369,2.932,2.08,0.913,0.387,2.696,0.684
3.599,3.572,3.125,2.478,2.983,2.273,1.277,0.946,3.514,0.581
3.595,3.318,2.772,2.626,3.491,2.924,0.816,0.495,3.233,1.021
2.863,2.564,2.024,1.658,2.445,1.366,0.488,0.233,2.233,0.195
2.368,2.055,1.948,1.843,2.567,1.272,0.039,0.142,1.84,0.355
1.825,1.841,1.378,1.425,2.028,1.321,0.119,0.0,2.163,0.078
2.959,2.684,2.55,1.866,2.804,1.402,0.325,0.114,2.485,0.298
3.021,2.587,2.547,1.787,2.534,1.503,0.629,0.475,2.934,0.667
2.984,2.708,2.487,1.956,2.494,1.301,1.053,0.646,2.074,0.239
1.108,1.251,0.971,0.797,2.222,0.668,0.533,0.396,1.537,0.11
2.466,2.536,2.244,1.866,2.261,1.37,0.668,0.409,2.384,0.09
2.888,2.264,1.728,1.418,2.202,1.094,0.145,0.098,1.881,0.12
2.863,2.773,2.544,1.906,2.462,1.502,0.485,0.305,2.517,0.511
1.566,1.246,1.149,0.794,2.27,0.91,0.0,0.0,1.407,0.12
2.099,1.792,1.125,0.927,2.574,0.768,0.079,0.012,1.97,0.072
2.44,2.381,2.063,1.922,2.384,1.527,0.918,0.773,2.02,0.443
2.243,2.554,2.166,2.189,2.363,1.55,0.481,0.278,2.103,0.0
3.426,3.427,3.085,2.547,3.015,2.264,0.895,0.389,3.418,0.601
2.935,3.086,2.793,2.379,2.693,2.082,1.244,0.661,2.533,0.463
2.27,2.273,2.096,1.507,2.358,1.147,0.0,0.0,2.197,0.076
2.403,2.28,1.641,1.392,1.928,0.88,0.532,0.159,1.932,0.247
3.376,3.581,3.306,3.203,3.401,2.901,3.065,2.55,3.457,0.301
1.941,1.725,1.259,1.257,1.763,0.789,0.093,0.075,1.79,0.201
3.37,3.189,2.791,2.537,2.946,1.858,1.965,1.26,3.193,0.464
2.106,1.68,1.397,1.229,2.085,0.808,0.45,0.211,1.562,0.024
2.346,1.903,1.878,1.805,2.579,0.881,0.587,0.411,2.116,0.146
0.431,0.466,0.212,0.053,1.528,0.267,0.0,0.016,1.214,0.178
3.044,3.28,3.08,2.419,2.572,1.222,0.709,0.561,3.249,0.3
3.413,3.407,3.199,3.012,2.971,2.362,1.256,0.694,3.297,0.665
2.183,2.233,1.697,1.249,2.132,1.538,1.18,0.643,1.905,0.444
1.492,1.648,1.45,1.45,2.289,0.703,0.006,0.0,1.49,0.0
3.141,3.151,3.044,2.471,2.776,1.557,0.429,0.02,2.857,0.447
1.907,2.084,1.65,1.325,2.193,0.577,0.139,0.17,2.1,0.258
2.781,2.483,2.346,2.042,2.308,1.831,0.709,0.288,2.382,0.309
2.795,2.291,2.138,1.917,2.301,1.0,0.909,0.788,2.484,0.526
2.595,2.417,1.881,2.026,2.226,1.271,1.496,0.184,2.338,0.279
3.122,3.087,2.718,2.439,2.852,2.031,0.794,0.556,2.415,0.625
2.597,2.474,2.205,1.898,2.206,1.393,1.371,0.787,2.357,0.468
2.251,2.148,1.942,1.359,2.121,1.1,0.692,0.495,2.345,0.328
2.879,2.697,2.539,1.972,2.431,1.194,0.563,0.846,2.524,0.426
1.926,1.626,1.742,1.366,2.076,1.027,0.33,0.015,1.793,0.0
2.521,2.218,2.079,1.727,2.524,1.215,0.0,0.0,2.266,0.351
2.629,2.195,2.188,1.791,2.43,1.548,0.263,0.06,1.872,0.018
2.976,3.111,2.652,2.631,2.833,2.42,0.847,0.417,2.701,0.364
1.662,1.776,1.161,1.236,2.208,0.893,0.349,0.068,2.033,0.236
0.498,0.391,0.023,0.0,1.729,0.085,0.0,0.0,1.374,0.0
1.174,1.283,1.018,0.796,2.162,0.673,0.0,0.136,1.619,0.021
2.939,2.622,1.967,1.51,2.548,1.511,1.719,1.478,2.437,0.548
1.42,1.267,0.762,0.872,2.076,0.798,0.398,0.227,1.372,0.0
2.81,2.017,1.594,1.712,2.272,1.455,0.455,0.295,2.135,0.275
0.626,0.982,0.937,0.816,1.666,0.44,0.325,0.242,1.512,0.075
2.136,2.198,1.613,1.27,2.309,1.269,0.04,0.0,2.034,0.196
2.639,2.51,2.171,1.936,2.484,1.45,0.132,0.099,2.32,0.141
1.87,1.853,1.394,1.246,2.027,0.705,0.58,0.268,1.665,0.389
1.916,2.024,1.587,1.251,2.05,1.005,0.816,0.685,2.262,0.303
2.385,2.558,2.035,1.568,2.303,0.918,0.121,0.012,1.906,0.0
2.461,2.612,2.17,1.77,2.116,0.999,0.573,0.457,2.406,0.146
3.319,2.945,2.663,2.579,2.225,1.92,0.269,0.031,2.113,0.406
1.986,1.682,1.249,1.186,2.055,0.626,0.318,0.164,2.046,0.188
2.898,2.692,2.518,2.022,2.606,1.747,0.769,0.557,2.466,0.393
0.684,0.833,0.605,0.728,1.698,0.3,0.056,0.0,1.496,0.066
1.876,1.329,0.709,0.809,1.956,0.521,0.0,0.0,1.553,0.0
1.804,1.78,1.479,1.264,1.871,0.877,0.41,0.421,1.922,0.146
2.177,1.657,1.18,1.012,2.347,1.015,0.39,0.47,1.91,0.095
3.142,3.011,2.869,2.557,2.821,1.63,0.457,0.424,2.885,0.43
1.761,1.371,1.204,1.144,1.865,0.546,0.093,0.0,1.551,0.031
2.091,1.952,1.805,1.444,2.314,0.709,0.257,0.158,2.169,0.093
3.247,3.392,2.936,2.477,2.788,1.841,0.55,0.076,2.763,0.811
2.511,2.829,2.652,2.601,2.529,2.3,1.296,0.379,2.524,0.364
3.326,3.215,3.222,2.662,3.116,2.179,0.762,0.302,2.925,0.38
3.696,3.507,3.271,3.127,3.227,2.794,1.368,0.568,3.082,0.971
2.772,2.758,2.442,2.032,2.448,1.3,0.633,0.599,2.483,0.243
2.699,2.438,2.46,2.102,2.677,1.212,0.527,0.109,2.453,0.367
3.128,3.146,2.641,2.069,2.664,1.574,1.93,1.795,3.233,0.839
2.678,2.303,2.237,1.762,2.532,1.277,0.404,0.0,2.336,0.075
2.258,1.911,1.661,1.228,1.964,0.68,0.43,0.433,1.921,0.115
2.622,2.449,1.831,1.78,2.548,1.397,0.298,0.338,2.234,0.179
2.01,2.034,1.535,1.094,1.961,0.96,0.732,0.0,1.984,0.0
3.47,3.221,2.849,2.72,2.777,2.485,1.393,1.35,3.029,0.995
3.99,4.0,3.572,2.907,3.325,2.555,3.041,2.089,3.922,0.751
3.011,2.886,2.689,2.23,2.594,1.856,0.746,0.657,2.678,0.326
3.153,2.941,2.587,2.22,2.705,1.774,1.121,0.901,2.668,0.149
2.571,2.11,1.935,1.261,2.113,0.774,0.0,0.0,2.025,0.064
2.405,2.054,1.849,1.915,2.251,1.646,0.704,0.354,2.015,0.44
0.846,0.926,0.427,0.351,1.645,0.034,0.203,0.023,1.323,0.022
3.548,3.373,3.24,2.614,3.012,1.256,0.759,0.197,2.906,0.614
1.513,1.728,1.475,1.272,2.065,0.925,0.382,0.225,2.06,0.148
3.079,3.372,3.407,2.89,2.967,2.487,0.995,0.661,2.407,1.073
3.411,3.292,3.233,2.322,2.99,1.768,0.935,0.457,3.261,0.489
1.605,1.744,1.62,1.245,2.375,1.007,0.739,0.705,2.111,0.21
1.696,1.506,1.222,0.994,1.963,0.339,0.179,0.0,1.953,0.277
3.845,4.0,4.0,4.0,3.336,3.228,1.004,0.512,3.396,1.295
2.756,2.607,2.5,1.953,2.413,1.296,0.0,0.0,2.225,0.498
3.471,2.735,2.497,2.54,2.581,2.097,1.327,1.152,2.688,0.545
1.661,1.275,0.988,0.982,1.719,0.563,0.264,0.183,1.46,0.126
2.453,2.778,2.428,2.221,2.408,1.801,0.457,0.092,2.3,0.439
2.309,1.624,1.326,1.163,2.206,1.212,0.441,0.459,1.47,0.0
0.97,0.861,0.665,0.577,1.94,0.355,0.0,0.0,0.974,0.0
3.169,2.766,2.25,1.996,2.517,1.219,1.262,0.879,2.284,0.52
3.184,3.165,3.026,2.542,2.741,1.742,0.807,0.634,2.749,0.295
2.697,2.531,2.211,1.83,2.368,1.206,0.292,0.047,2.467,0.204
2.42,1.653,1.211,1.181,2.291,1.337,0.155,0.154,1.907,0.187
3.1,3.14,2.477,2.173,2.594,1.683,0.987,0.376,2.855,0.585
3.116,3.116,2.787,2.373,3.045,2.143,2.322,1.765,3.033,0.582
3.313,2.795,2.563,2.319,2.84,2.328,2.213,2.409,2.883,0.69
1.772,1.597,1.055,0.931,2.113,0.628,0.084,0.032,1.306,0.0
2.361,1.918,1.416,1.253,2.086,1.127,0.806,0.458,1.904,0.083
4.0,4.0,3.712,2.973,3.071,2.645,3.67,3.7,3.847,1.207
2.361,2.126,1.826,1.397,2.01,1.016,0.318,0.185,1.911,0.379
2.026,2.022,1.393,1.161,2.081,0.929,0.416,0.22,2.076,0.18
1.828,1.535,1.463,1.035,1.992,1.02,0.275,0.0,1.779,0.181
2.899,2.823,2.182,1.816,2.623,1.53,0.338,0.253,2.191,0.681
1.846,2.001,1.57,1.395,2.138,1.092,0.508,0.324,1.782,0.316
3.549,3.316,3.063,2.582,2.85,1.593,0.939,0.563,3.241,0.706
2.684,2.38,1.857,1.398,2.277,1.195,0.32,0.047,2.253,0.28
3.045,2.953,2.74,2.334,2.846,1.951,0.831,0.389,2.861,0.299
2.917,2.565,2.319,1.816,2.569,0.961,0.495,0.463,2.582,0.417
1.449,1.427,0.952,0.694,2.184,0.338,0.146,0.084,1.535,0.0
1.937,1.628,1.214,1.013,2.17,0.94,0.877,0.694,2.059,0.041
3.203,2.442,2.826,2.501,2.556,1.705,0.969,0.837,2.586,1.156
2.666,2.618,2.51,2.506,2.355,2.038,1.653,1.355,2.591,0.461
2.651,2.627,2.159,2.338,2.695,1.425,0.308,0.15,2.264,0.362
2.731,2.524,2.258,1.694,2.499,1.466,0.322,0.098,2.145,0.197
2.385,2.273,1.997,1.708,2.807,1.543,0.718,0.48,2.336,0.335
2.98,2.919,2.156,1.957,2.359,1.532,0.67,0.45,2.195,0.147
2.807,2.351,2.123,1.828,2.499,1.344,0.0,0.0,1.986,0.448
2.751,2.655,2.418,2.342,2.446,1.585,0.728,0.392,2.606,0.016
2.013,2.151,1.774,1.625,2.382,1.156,0.318,0.042,1.945,0.213
2.729,2.094,1.857,1.653,1.744,1.365,0.665,0.129,1.751,0.527
2.206,2.002,1.932,1.797,2.538,1.367,0.327,0.199,2.061,0.176
1.795,1.487,1.047,1.054,1.954,0.794,0.176,0.015,1.731,0.156
2.727,2.599,2.262,1.748,2.542,1.719,0.539,0.0,2.196,0.0
1.748,1.366,1.192,1.144,2.121,1.009,0.375,0.153,1.682,0.254
1.975,2.028,1.595,1.469,2.288,1.32,0.55,0.435,2.048,0.216
2.731,2.712,2.177,1.96,2.452,1.153,0.677,0.0,2.551,0.656
3.037,2.819,2.896,2.586,3.19,2.364,1.248,0.978,2.849,0.984
1.364,1.715,1.482,1.189,2.084,0.963,0.545,0.507,2.042,0.226
2.704,2.055,1.957,1.503,2.046,0.656,0.494,0.16,2.055,0.191
3.892,3.823,4.0,3.509,2.682,3.012,1.749,1.539,2.805,1.154
2.035,2.049,1.485,1.024,2.263,1.051,0.414,0.244,1.757,0.279
2.793,2.641,2.21,1.91,2.486,1.28,0.812,0.572,2.387,0.363
3.604,3.152,3.303,2.788,3.106,2.298,1.182,0.727,2.78,0.532
2.102,2.054,1.606,1.325,1.853,0.96,0.415,0.446,1.838,0.016
2.183,2.073,1.618,1.568,2.383,1.154,0.53,0.156,1.957,0.144
2.452,2.372,2.142,2.062,2.098,1.422,0.748,0.328,2.53,0.173
2.735,2.797,2.38,1.844,2.009,1.431,0.479,0.38,2.015,0.234
2.183,2.134,1.807,1.74,2.422,1.407,0.804,0.615,1.884,0.363
2.737,2.204,1.988,1.884,2.473,1.426,0.565,0.374,2.269,0.425
1.521,1.331,1.344,1.092,2.108,0.782,0.0,0.191,1.961,0.01
1.7,1.833,1.747,1.667,2.463,1.351,1.053,0.82,2.107,0.357
1.862,2.015,1.314,1.254,2.192,1.18,0.203,0.155,1.983,0.211
3.945,4.0,3.873,3.943,3.591,2.824,0.645,0.047,3.134,2.356
1.734,1.874,1.247,1.192,1.981,1.172,0.698,0.144,1.571,0.035
2.78,2.661,2.042,1.451,2.369,1.011,0.073,0.033,2.108,0.104
2.684,2.519,2.472,2.253,2.395,1.571,0.236,0.111,2.202,0.33
2.209,2.105,2.023,1.755,2.403,1.182,0.069,0.0,2.13,0.212
3.515,3.425,3.372,3.084,3.386,2.447,0.487,0.097,2.72,1.232
2.424,2.106,1.674,1.328,1.91,0.465,0.314,0.025,2.021,0.0
3.809,3.628,3.476,3.459,2.953,2.505,0.905,0.615,3.036,0.99
2.475,2.48,2.314,1.981,2.418,1.438,0.169,0.054,2.427,0.106
0.998,0.699,0.41,0.418,1.821,0.573,0.255,0.322,1.42,0.21
2.983,2.593,2.003,1.899,2.547,1.902,0.856,0.765,2.372,0.358
1.92,1.902,1.358,1.109,2.096,1.035,0.553,0.117,1.978,0.056
3.158,2.871,2.72,2.296,2.611,2.327,1.03,0.568,2.636,0.411
3.69,3.781,3.636,3.483,3.216,3.053,3.313,3.224,3.637,1.397
2.992,2.472,2.369,1.992,2.752,1.567,0.419,0.128,2.242,0.24
2.561,2.462,2.108,1.841,2.69,1.74,0.838,0.594,2.587,0.296
2.378,1.771,1.314,1.114,2.067,0.635,0.35,0.0,1.704,0.013
4.0,3.772,3.638,3.354,3.014,3.035,1.894,1.78,3.279,0.764
3.642,3.713,3.83,2.956,3.131,2.532,0.792,0.245,3.45,0.68
2.554,2.538,2.201,1.924,2.385,1.412,0.486,0.0,2.285,0.044
2.505,2.136,1.987,1.709,2.573,1.193,0.41,0.21,2.305,0.45
3.301,3.053,2.595,2.191,2.698,1.859,1.061,0.686,2.481,0.395
2.553,2.234,1.867,1.965,2.395,1.479,0.382,0.221,2.17,0.38
1.963,1.542,1.42,1.208,2.08,0.816,0.161,0.144,1.709,0.0
3.061,2.923,2.69,2.314,2.616,1.873,0.751,0.381,2.921,0.452
0.76,0.941,0.222,0.123,1.787,0.546,0.038,0.136,1.313,0.002
3.805,3.534,3.439,2.716,3.011,2.321,0.734,0.205,3.286,0.625
3.108,2.991,2.443,2.008,2.778,1.703,0.155,0.015,2.728,0.201
2.586,2.64,2.421,2.013,2.601,1.721,1.16,0.91,2.781,0.361
1.097,1.113,0.758,0.933,2.079,0.611,0.39,0.542,1.345,0.065
2.705,2.232,1.793,1.59,2.375,1.549,0.486,0.0,1.941,0.032
2.517,2.35,1.974,1.472,2.24,1.409,0.639,0.226,2.575,0.124
4.0,4.0,3.755,3.323,3.007,2.347,1.642,1.055,3.426,0.988
3.243,3.092,2.969,2.49,2.605,1.637,0.612,0.145,2.626,0.202
1.156,1.173,0.657,0.695,2.174,1.009,0.083,0.0,1.613,0.219
2.948,2.772,2.352,1.874,2.493,1.35,1.754,1.753,2.105,0.628
2.914,3.012,2.402,2.548,2.703,1.577,0.855,0.659,2.707,0.589
2.882,2.454,2.258,1.852,2.426,1.04,1.072,0.913,2.363,0.13
2.742,2.461,2.275,2.05,2.514,1.469,0.651,0.744,1.938,0.318
1.929,1.706,1.225,1.337,2.111,1.293,0.354,0.063,1.434,0.007
2.086,2.058,1.872,1.45,1.978,1.206,0.254,0.116,1.915,0.103
3.503,2.969,2.907,2.411,2.744,1.679,0.8,0.6,2.807,0.847
2.78,2.74,2.313,1.966,2.615,1.731,0.372,0.106,2.244,0.328
2.932,3.24,2.894,2.649,2.689,2.192,0.863,0.507,3.067,0.445
2.614,2.284,2.059,1.664,2.127,1.555,0.247,0.058,2.542,0.355
2.911,2.484,2.322,1.768,2.496,1.446,1.088,0.717,2.376,0.0
3.157,3.157,2.897,2.129,2.123,1.444,1.129,0.816,2.759,0.421
3.19,3.003,2.631,2.421,2.702,1.425,1.75,1.522,3.198,0.486
1.476,1.448,1.057,0.935,1.849,0.877,0.222,0.0,1.619,0.0
2.641,2.767,2.522,2.07,2.362,1.888,0.611,0.272,2.306,0.245
2.882,3.008,2.813,2.586,2.428,2.191,0.749,0.478,2.719,0.448
2.49,2.142,1.954,1.751,2.142,1.317,0.187,0.141,2.105,0.127
2.18,2.002,1.734,1.176,2.386,0.73,0.25,0.021,2.092,0.0
1.554,1.49,1.338,1.19,2.239,1.144,0.129,0.1,1.719,0.075
2.365,2.536,1.956,2.002,2.322,1.705,0.595,0.385,2.199,0.393
3.214,2.774,2.676,2.245,2.488,1.692,0.458,0.239,2.674,0.237
3.119,3.4,3.324,2.885,3.015,2.103,1.792,1.092,3.36,0.471
2.901,2.841,2.362,2.128,2.301,1.293,0.442,0.183,2.294,0.086
2.296,1.724,1.287,1.31,2.383,1.06,0.586,0.141,2.032,0.107
3.184,2.65,2.132,2.097,2.58,1.766,0.81,0.122,2.499,0.151
3.169,2.548,2.471,1.977,2.322,1.298,0.0,0.0,2.155,0.642
2.218,1.535,0.888,0.82,2.007,0.175,0.0,0.0,1.68,0.0
2.119,1.786,1.362,1.508,2.194,1.29,0.797,0.676,1.738,0.173
1.778,1.719,1.439,1.147,2.194,1.036,0.414,0.174,2.021,0.108
1.336,1.492,1.058,1.136,2.063,0.749,0.543,0.579,1.654,0.18
1.613,1.06,0.912,0.824,1.678,0.712,0.185,0.0,1.618,0.0
3.053,2.74,2.514,1.991,2.603,1.475,0.657,0.335,2.432,0.225
2.429,2.45,2.192,1.932,2.626,1.183,0.773,0.433,2.556,0.161
1.228,1.237,1.014,1.156,1.535,0.649,0.356,0.225,1.236,0.011
3.556,3.347,3.362,2.563,2.933,1.912,1.093,0.369,3.236,0.646
1.412,1.383,1.285,1.356,2.213,0.917,0.559,0.312,1.585,0.206
3.042,2.621,2.614,1.893,2.21,1.235,1.032,0.859,2.547,0.51
3.239,2.88,2.493,2.324,2.31,2.31,1.548,0.921,2.748,0.301
3.475,3.261,2.787,2.5,3.005,2.179,0.567,0.248,2.755,0.366
2.748,2.66,2.322,2.347,2.646,1.178,0.705,0.47,2.654,0.177
2.492,2.21,1.896,1.617,2.52,1.286,0.381,0.249,2.07,0.074
2.333,2.331,1.945,1.78,2.4,1.472,1.383,0.685,2.189,0.179
3.262,3.155,2.734,2.425,2.749,1.828,0.939,0.786,2.672,0.318
2.412,1.954,1.549,1.405,1.925,0.837,0.11,0.057,1.905,0.012
2.853,3.096,2.692,2.535,2.521,2.217,1.488,0.509,2.809,0.108
2.058,1.387,1.28,0.94,2.138,0.616,0.114,0.054,1.462,0.0
3.068,2.425,2.1,1.926,2.302,1.375,0.493,0.287,2.146,0.0
2.961,2.599,2.219,2.064,2.747,1.959,0.612,0.249,2.358,0.402
3.575,3.226,2.924,2.382,2.823,1.971,1.732,1.634,3.039,0.443
0.378,0.69,0.715,0.592,1.646,0.57,0.114,0.169,1.285,0.021
2.365,2.462,2.179,1.657,2.514,1.463,0.112,0.025,2.323,0.059
2.785,2.87,2.453,2.337,2.72,2.122,0.937,0.996,2.895,0.284
3.181,2.842,2.175,1.918,2.534,1.269,0.663,0.489,2.269,0.321
1.183,1.07,0.61,0.451,1.772,0.289,0.212,0.005,1.501,0.007
2.431,2.448,1.852,1.877,2.484,1.315,0.716,0.243,2.388,0.483
2.72,2.531,2.134,1.927,2.697,1.226,0.751,0.373,2.211,0.383
3.149,2.947,2.757,2.298,3.106,1.663,0.764,0.601,2.512,0.312
2.416,1.946,1.486,1.114,2.178,1.347,0.625,0.434,2.137,0.105
2.942,2.957,2.421,1.913,2.608,1.221,0.603,0.276,2.881,0.272
2.647,2.586,2.348,1.93,2.359,1.51,0.899,0.795,2.517,0.543
2.805,2.858,2.375,1.848,2.75,1.418,0.634,0.556,2.743,0.277
3.028,3.226,2.794,2.229,2.715,1.56,0.847,0.501,2.537,0.591
3.092,2.934,2.653,2.327,2.732,1.765,1.472,1.02,2.77,0.685
2.262,2.16,1.655,1.684,2.364,1.184,0.282,0.101,2.322,0.2
2.636,2.441,2.039,1.555,2.243,1.653,0.602,0.422,2.314,0.159
0.443,0.612,0.194,0.252,2.234,0.576,0.039,0.232,1.305,0.01
2.238,2.345,1.994,1.64,2.426,1.167,0.379,0.2,2.593,0.24
1.982,1.999,1.872,1.565,2.181,1.03,0.992,0.946,1.924,0.236
2.98,2.633,2.509,2.103,2.541,1.636,0.631,0.263,2.349,0.42
2.182,1.736,1.547,1.187,2.183,1.263,0.418,0.004,2.01,0.21
2.882,2.741,2.498,2.246,2.543,1.775,1.833,1.253,2.447,0.613
3.029,2.741,2.388,1.929,2.612,1.241,0.709,0.466,2.326,0.069
3.042,3.181,3.093,2.712,2.812,2.056,0.895,0.623,3.07,0.551
2.59,2.503,2.431,1.941,2.333,1.441,0.101,0.031,2.272,0.0
3.122,2.639,2.22,2.06,2.546,1.784,1.005,0.47,2.789,0.145
3.745,3.661,3.346,2.862,3.118,2.073,1.715,1.45,3.209,0.86
2.399,2.468,2.319,2.086,2.21,1.7,0.172,0.228,2.274,0.263
2.506,2.37,2.058,1.928,2.517,1.485,0.626,0.394,2.104,0.383
2.38,2.064,1.569,1.113,2.16,0.587,0.224,0.068,2.121,0.315
3.156,3.266,2.733,2.193,3.019,1.959,1.986,1.728,3.175,0.527
3.84,3.471,3.125,2.852,2.764,2.203,0.676,0.323,3.095,1.18
3.294,3.611,3.491,3.001,3.086,2.434,1.395,0.68,3.059,0.856
4.0,3.623,3.335,3.03,2.978,2.962,1.532,0.989,3.272,0.784
1.959,1.861,0.993,1.029,1.821,0.836,0.286,0.131,1.731,0.269
4.0,3.674,3.69,3.053,2.935,2.148,1.599,1.111,3.292,1.249
2.498,2.145,1.868,1.585,2.028,1.178,0.514,0.429,1.98,0.137
2.994,2.847,2.52,2.102,2.693,1.645,0.896,0.222,2.622,0.411
2.593,2.295,1.715,1.626,2.312,1.374,0.056,0.0,2.126,0.0
2.067,2.161,1.769,1.446,2.091,1.34,0.835,0.201,2.159,0.345
3.128,3.017,2.721,2.395,2.569,1.769,1.033,0.538,2.946,0.581
2.387,2.181,1.833,1.877,2.313,1.075,0.618,0.462,2.148,0.05
3.784,3.459,2.983,2.775,3.155,2.405,3.027,2.293,3.267,0.607
3.121,2.792,2.1,1.834,2.467,1.427,0.851,0.569,2.373,0.56
1.703,1.71,1.254,1.094,1.988,0.729,0.265,0.263,1.708,0.076
2.943,2.993,2.946,2.901,2.702,1.981,1.178,0.504,3.01,0.749
2.352,1.933,1.653,1.129,1.929,1.418,0.564,0.235,1.929,0.117
2.998,3.098,2.652,2.169,2.598,1.511,0.225,0.159,2.835,0.415
2.453,2.248,2.284,1.982,2.339,1.411,0.228,0.034,2.026,0.089
2.791,2.87,2.142,1.912,2.521,1.412,0.29,0.022,2.704,0.219
2.63,2.869,2.245,2.394,2.774,1.515,1.017,0.738,2.581,0.243
1.927,1.754,0.931,0.732,2.178,0.262,0.266,0.265,1.715,0.208
3.782,3.593,3.49,3.151,3.41,2.188,0.125,0.0,2.942,1.666
2.528,2.079,1.543,1.585,2.215,1.888,1.397,1.011,2.096,0.352
1.835,1.573,1.203,1.379,1.797,0.833,0.429,0.052,1.762,0.226
3.433,3.096,2.813,2.205,2.916,1.521,0.985,0.628,2.799,0.428
1.512,0.998,0.702,0.637,1.721,0.538,0.171,0.295,1.174,0.0
3.211,2.477,1.956,1.906,2.565,2.234,1.436,1.152,2.329,0.957
3.377,3.341,3.223,2.535,3.257,2.303,0.882,0.736,3.315,0.634
2.929,2.658,2.526,1.868,2.494,1.233,0.616,0.29,2.604,0.0
1.039,1.092,0.318,0.435,1.899,0.327,0.392,0.272,1.755,0.009
2.95,2.899,2.652,2.374,2.703,1.436,0.643,0.442,2.127,0.149
3.193,2.946,2.573,2.525,2.467,2.126,1.772,1.315,2.672,0.442
2.818,2.833,2.731,2.557,2.553,1.671,0.724,0.563,2.727,0.327
2.894,2.14,2.064,1.65,2.429,0.871,0.441,0.156,2.393,0.294
2.156,2.225,1.851,1.753,2.351,1.128,0.687,0.572,2.043,0.0
1.886,1.373,1.076,1.053,2.108,0.976,0.257,0.216,1.842,0.0
3.487,3.257,3.278,2.759,2.75,2.143,1.178,0.546,2.93,0.942
3.402,3.019,2.732,2.286,2.751,1.553,0.565,0.483,2.901,0.352
2.585,2.506,2.008,1.45,2.32,1.087,0.345,0.417,2.164,0.114
2.974,2.928,2.472,1.857,2.591,1.085,0.515,0.294,2.584,0.148
2.661,2.522,2.229,1.82,2.376,1.047,0.598,0.328,2.517,0.272
2.867,2.598,2.224,2.032,2.214,1.623,0.611,0.432,2.228,0.11
2.171,1.987,1.701,1.048,2.415,0.993,0.839,0.825,1.924,0.37
1.538,1.245,1.197,1.103,2.019,0.977,0.103,0.0,1.821,0.146
1.46,1.093,1.117,0.873,1.972,0.604,0.324,0.296,1.471,0.018
0.978,1.014,1.009,1.129,1.824,0.985,0.714,0.386,1.396,0.228
3.048,2.982,2.551,2.461,2.709,2.225,1.075,0.741,3.163,0.563
2.6,2.412,2.215,1.933,2.411,1.456,0.952,0.344,2.231,0.184
2.891,2.643,2.212,2.071,2.518,1.609,0.598,0.338,2.148,0.342
3.062,3.225,3.084,2.529,2.752,1.485,1.502,0.867,2.665,0.508
3.429,3.017,2.666,2.049,2.604,1.545,0.754,0.243,2.809,0.449
2.869,2.792,2.32,1.951,2.611,1.565,0.485,0.026,2.641,0.611
3.077,2.627,2.478,1.965,2.628,1.787,1.069,0.711,2.26,0.426
1.891,1.96,1.286,0.921,2.122,0.692,0.206,0.118,2.066,0.0
2.897,2.99,2.88,2.145,2.718,1.851,0.38,0.264,2.732,0.305
2.811,2.979,2.712,2.198,2.639,2.07,0.621,0.585,2.472,1.433
2.378,2.156,1.726,1.559,2.355,1.263,0.65,0.292,2.163,0.182
2.652,2.686,2.196,1.612,2.315,1.394,0.765,0.516,2.417,0.221
2.988,2.812,2.721,2.493,2.555,1.746,0.461,0.062,2.836,0.255
1.975,1.821,1.482,1.059,1.97,1.105,0.288,0.116,2.291,0.182
2.301,1.917,2.086,1.925,2.365,1.208,1.036,0.843,2.351,0.0
3.659,3.741,3.526,3.005,3.148,2.584,0.96,0.349,3.047,0.573
2.751,2.919,2.759,2.301,2.558,1.199,0.463,0.327,2.763,0.199
2.424,2.346,1.904,1.829,2.233,0.797,0.0,0.0,1.653,0.292
2.015,1.792,1.361,0.998,2.221,1.109,0.345,0.182,1.837,0.138
2.716,2.479,2.114,1.862,2.181,1.58,0.367,0.286,2.433,0.116
2.074,1.629,1.591,1.05,2.27,0.848,0.306,0.251,1.96,0.025
3.818,3.953,3.804,3.6,3.292,3.156,3.352,3.258,3.768,1.427
1.843,1.611,0.892,0.771,1.719,0.556,0.0,0.139,1.674,0.0
2.791,2.743,2.492,2.235,2.477,1.906,0.556,0.278,2.329,0.37
2.956,2.693,2.24,2.127,2.516,1.511,0.322,0.262,2.705,0.077
2.338,1.843,1.452,1.551,1.904,0.725,0.0,0.0,1.582,0.102
2.944,2.79,2.746,2.204,2.337,1.338,0.0,0.0,2.421,0.165
1.849,1.471,1.269,0.958,2.221,0.621,0.0,0.051,1.685,0.039
2.929,2.538,2.397,1.897,2.537,1.938,1.991,1.851,2.559,0.779
1.893,2.153,1.818,1.645,2.262,1.135,0.262,0.244,1.843,0.259
2.206,2.154,1.725,1.536,2.245,1.175,0.633,0.407,2.17,0.424
3.627,3.347,3.315,2.973,3.26,2.385,1.948,1.408,3.326,0.353
1.407,1.077,0.832,0.749,1.931,0.911,0.289,0.229,1.582,0.038
3.69,3.315,2.901,2.784,2.871,2.221,2.351,2.009,3.439,0.41
3.219,3.688,3.516,2.743,2.533,2.343,0.728,0.624,2.753,0.922
2.054,1.548,0.965,0.927,1.986,0.269,0.392,0.34,1.891,0.0
2.429,2.082,1.694,1.745,2.302,1.087,0.712,0.372,2.054,0.175
2.564,2.624,2.25,2.187,2.487,1.195,0.778,0.648,2.493,0.257
3.852,3.804,3.334,3.196,3.293,2.64,1.396,0.725,3.506,0.309
1.548,1.124,1.153,0.837,1.772,0.718,0.271,0.218,1.495,0.211
2.665,2.453,2.323,2.322,2.614,1.535,0.461,0.168,1.99,0.433
0.1,0.422,0.13,0.196,1.703,0.475,0.111,0.016,1.008,0.0
3.01,2.694,2.501,2.155,2.45,1.46,0.993,0.384,2.574,0.284
2.473,2.517,2.279,1.843,2.623,1.478,0.893,0.741,2.315,0.484
1.765,1.371,1.078,1.006,1.858,0.645,0.449,0.097,1.382,0.231
3.264,3.287,2.907,2.907,2.723,2.065,0.796,0.479,2.802,0.797
2.489,2.118,1.653,1.668,2.398,1.161,0.43,0.038,2.13,0.135
3.371,2.981,2.585,2.108,2.313,1.017,0.503,0.403,2.573,0.125
2.959,2.936,2.453,2.319,2.686,2.09,0.775,0.46,2.667,0.484
2.811,2.699,2.119,2.014,2.276,1.765,1.232,0.977,2.357,0.394
2.567,2.419,2.011,1.681,2.39,1.191,0.304,0.168,2.053,0.248
1.765,1.655,1.073,1.158,1.815,0.719,0.552,0.158,2.119,0.272
2.961,2.858,2.522,2.257,2.998,1.532,1.051,0.808,2.684,0.599
1.444,0.992,0.628,0.358,1.73,0.463,0.434,0.233,1.18,0.088
1.142,0.744,0.746,0.354,1.83,0.32,0.309,0.4,1.363,0.0
1.315,0.624,0.638,0.684,2.17,0.534,0.035,0.255,0.822,0.025
2.33,2.288,1.872,1.573,2.077,1.265,0.285,0.084,2.065,0.32
2.489,2.32,2.016,2.042,2.455,1.327,0.233,0.027,2.265,0.893
2.634,2.542,2.256,2.237,2.736,1.504,1.648,0.252,2.512,0.509
2.127,1.949,1.795,1.319,2.2,0.752,0.0,0.0,1.705,0.266
3.716,3.181,2.896,2.587,2.766,2.139,1.024,0.615,3.045,0.473
3.17,2.84,2.499,1.949,2.481,1.222,0.4,0.334,2.553,0.333
2.98,2.684,2.229,1.861,2.501,1.792,1.983,1.943,2.302,0.545
2.589,2.243,2.133,1.546,2.588,1.564,0.531,0.544,2.37,0.263
1.088,0.868,0.81,0.802,1.723,0.397,0.0,0.0,1.214,0.095
1.376,1.039,0.71,0.673,2.09,0.443,0.291,0.268,1.876,0.031
2.232,1.857,1.341,0.986,2.112,1.193,0.839,0.726,2.104,0.418
2.552,2.728,2.449,2.034,2.263,1.565,0.308,0.312,2.605,0.438
3.023,2.668,2.327,2.215,2.563,1.416,0.526,0.208,2.736,0.48
1.634,1.66,1.131,0.815,2.072,0.849,0.862,0.397,1.633,0.028
2.82,2.128,1.878,1.566,2.515,1.44,0.895,1.049,2.28,0.126
3.267,3.122,2.987,2.71,2.904,1.681,1.803,1.298,3.014,0.726
3.028,3.163,2.634,2.413,2.705,1.577,0.419,0.241,2.69,0.369
0.888,1.011,0.835,0.553,1.617,0.429,0.441,0.369,1.515,0.0
3.328,3.05,2.856,2.131,2.551,1.294,0.539,0.142,2.748,0.288
3.273,3.227,2.824,2.558,2.565,1.755,1.619,1.142,2.957,0.29
2.234,2.005,1.717,1.618,2.29,1.133,0.858,0.5,2.034,0.216
1.073,0.997,0.828,0.579,1.869,0.293,0.249,0.18,1.246,0.0
2.863,2.665,2.246,2.223,2.667,1.526,1.064,0.527,2.695,0.134
2.52,2.253,1.85,1.81,2.51,1.468,0.241,0.0,2.221,0.282
2.367,2.515,1.978,1.597,2.468,1.033,0.257,0.197,2.033,0.528
2.706,2.604,2.251,2.038,2.598,1.574,0.97,0.408,2.949,0.507
2.921,2.73,2.475,1.822,2.301,1.634,0.867,0.314,2.51,0.536
1.685,1.519,1.282,0.898,1.738,0.764,0.0,0.079,1.404,0.0
2.082,2.059,1.772,1.661,2.051,1.088,1.051,0.719,2.151,0.285
2.492,2.228,1.745,1.353,2.256,1.011,0.197,0.017,2.193,0.004
2.796,2.513,2.096,1.501,2.499,1.108,0.309,0.321,2.184,0.277
2.75,2.458,2.234,1.894,2.498,1.628,0.889,0.688,2.445,0.065
1.992,1.883,1.525,1.437,2.195,1.156,0.314,0.243,1.955,0.0
2.442,2.333,1.995,1.698,2.641,1.484,0.203,0.124,2.301,0.206
3.81,3.422,3.022,3.039,2.951,1.72,1.289,1.17,3.027,0.683
3.261,3.167,2.993,2.541,2.949,1.678,0.875,0.0,2.816,0.464
3.857,3.878,3.394,2.776,3.077,2.383,1.862,1.051,3.423,1.267
1.836,1.656,1.412,1.202,2.124,0.71,0.123,0.04,1.77,0.201
1.617,1.362,1.018,1.01,2.161,0.677,0.354,0.228,1.681,0.185
2.97,2.862,2.604,2.091,2.981,2.279,1.354,0.538,2.803,0.429
2.364,1.878,1.72,1.498,2.479,1.266,0.817,0.839,2.058,0.379
2.878,2.899,2.764,2.427,2.895,1.848,2.14,1.496,2.957,0.524
3.899,3.657,3.523,2.739,2.852,2.419,0.677,0.232,2.833,0.529
3.674,3.297,2.886,2.301,2.847,1.259,0.572,0.298,2.616,0.917
2.926,2.896,2.667,2.326,2.343,1.93,0.463,0.384,2.53,0.06
2.318,2.248,1.911,1.536,2.14,1.185,0.354,0.182,2.09,0.042
2.854,2.356,2.215,1.869,2.226,1.423,0.809,0.657,2.275,0.422
2.83,2.797,2.417,1.812,2.572,1.799,0.516,0.331,2.397,0.857
3.067,2.991,2.771,2.465,2.672,1.519,0.517,0.168,2.596,0.35
3.448,3.658,3.071,3.118,2.708,2.093,0.887,0.46,3.034,0.618
3.407,3.251,3.263,2.784,3.1,2.04,0.95,0.398,3.128,0.488
3.261,2.914,2.867,2.795,2.734,1.953,0.48,0.233,2.956,0.641
2.871,2.638,2.246,1.512,2.369,1.624,1.525,1.423,2.397,0.395
2.614,2.413,2.105,1.653,1.671,1.04,0.086,0.0,1.864,0.29
3.147,2.894,2.649,2.185,2.743,1.574,0.751,0.5,2.902,0.785
1.872,1.778,1.635,1.306,2.35,1.146,0.0,0.0,1.835,0.084
1.714,1.391,1.205,0.862,1.86,0.264,0.0,0.141,1.181,0.0
1.336,1.313,0.807,0.902,1.95,0.499,0.0,0.0,1.632,0.0
3.912,3.71,3.507,3.017,3.24,2.512,1.712,1.465,3.251,0.551
2.73,2.629,2.426,2.289,2.49,1.807,1.215,0.875,2.42,0.546
2.901,2.515,2.443,1.878,2.148,1.231,1.121,0.729,2.601,0.199
2.081,1.99,1.436,1.122,2.411,1.253,0.309,0.25,2.112,0.367
2.589,2.384,1.604,1.443,2.473,0.999,0.51,0.302,2.128,0.0
2.657,2.206,1.804,1.636,2.188,1.001,0.422,0.342,1.964,0.495
1.884,1.665,1.033,0.968,1.87,0.751,0.293,0.088,1.633,0.074
2.019,1.893,1.625,1.43,2.067,0.813,0.212,0.011,2.362,0.0
2.505,2.259,2.107,1.684,2.448,1.386,0.207,0.148,2.557,0.331
0.776,0.434,0.336,0.136,1.712,0.388,0.0,0.0,1.287,0.0
2.115,1.808,1.619,1.456,2.328,0.97,0.551,0.038,2.051,0.109
2.654,2.512,2.105,1.858,2.512,1.379,0.204,0.162,2.072,0.183
2.298,1.803,1.663,1.524,2.43,1.735,1.076,0.811,1.769,0.345
3.315,2.95,2.58,1.939,2.314,0.897,1.003,0.826,2.739,0.479
2.326,2.012,1.697,1.663,2.536,1.074,0.0,0.0,1.987,0.294
2.65,2.591,2.017,1.66,2.322,1.348,0.59,0.476,2.436,0.373
3.118,2.625,2.571,2.233,2.59,1.709,0.263,0.104,2.12,0.478
2.823,3.065,2.815,2.563,2.585,2.048,0.741,0.39,2.781,0.415
2.555,2.206,1.871,1.758,2.33,1.33,0.847,0.661,2.443,0.518
2.518,2.25,2.655,2.082,2.507,1.738,0.881,0.77,2.395,0.287
1.058,0.838,0.814,0.768,1.784,0.69,0.172,0.166,1.382,0.0
2.446,2.371,2.086,1.718,2.033,0.964,0.286,0.185,2.086,0.022
2.942,2.924,2.823,2.464,2.59,1.442,1.681,1.353,3.019,0.37
3.437,3.382,3.108,2.699,2.788,2.491,1.259,0.671,3.236,0.373
2.042,1.982,1.652,1.626,2.255,0.91,0.081,0.129,2.02,0.027
2.302,2.426,2.083,1.609,2.14,1.465,0.751,0.561,2.503,0.0
3.057,2.424,2.216,1.903,2.462,1.5,0.815,0.366,2.549,0.118
2.716,2.556,2.319,1.904,2.419,1.317,0.76,0.057,2.396,0.15
2.296,2.082,1.663,1.361,2.335,1.221,0.062,0.078,1.96,0.115
2.587,2.397,2.084,1.552,2.383,1.515,1.05,0.529,2.192,0.387
3.053,2.489,1.83,2.123,2.257,1.315,0.636,0.543,2.11,0.009
2.309,2.163,1.543,1.408,2.499,1.006,0.123,0.0,1.828,0.185
3.061,3.078,2.806,2.505,2.679,1.718,0.619,0.514,2.564,0.274
1.421,1.38,1.239,0.961,2.135,0.907,0.537,0.333,1.821,0.339
3.119,3.025,2.884,2.496,2.489,1.962,1.678,0.538,2.739,0.667
2.607,2.756,2.298,2.083,2.585,1.541,0.602,0.477,2.338,0.183
2.428,1.719,1.215,1.292,1.875,0.813,0.236,0.359,1.879,0.068
3.712,2.881,2.824,1.947,2.745,1.466,0.569,0.252,2.663,0.789
3.099,2.681,2.16,1.919,2.607,1.408,0.301,0.0,2.076,0.216
1.474,2.002,1.194,1.201,2.276,1.001,0.235,0.065,1.843,0.454
1.794,1.393,1.087,0.945,2.003,0.586,0.0,0.0,1.792,0.014
2.63,2.238,2.031,1.807,2.613,1.656,0.846,0.188,2.275,0.216
3.105,3.192,3.039,2.317,2.772,1.534,1.022,0.496,2.915,0.715
2.747,2.864,2.767,2.541,2.605,1.778,1.212,1.022,2.789,0.637
2.736,2.727,2.338,1.824,2.06,1.32,0.059,0.0,2.463,0.556
3.035,2.942,2.783,2.082,2.391,1.83,2.091,1.864,2.725,0.399
4.0,4.0,3.89,3.874,3.329,3.681,1.404,0.827,3.367,1.1
3.288,3.58,3.516,3.173,2.714,2.808,0.683,0.547,2.669,0.627
3.388,3.559,2.891,2.52,2.851,2.024,0.842,0.324,2.658,0.625
3.512,3.277,3.246,2.755,2.732,1.892,0.178,0.161,2.762,0.802
1.7,1.333,0.93,0.989,2.014,0.861,0.604,0.408,1.529,0.07
2.848,2.545,1.897,1.883,2.713,1.635,0.962,0.527,2.606,0.548
1.753,1.627,1.337,1.065,1.837,0.536,0.0,0.04,1.709,0.0
2.017,1.952,1.29,1.033,2.065,0.473,0.375,0.312,1.96,0.209
0.695,0.273,0.288,0.42,1.38,0.346,0.148,0.0,1.096,0.045
2.75,2.919,2.38,2.603,2.795,2.288,1.352,0.724,2.829,0.184
1.913,1.781,1.671,1.444,2.166,1.126,0.473,0.16,1.978,0.301
2.075,1.996,1.605,1.486,2.553,0.925,0.627,0.093,2.014,0.022
2.354,1.781,1.69,1.283,2.085,0.497,0.0,0.0,1.93,0.138
1.233,1.087,0.807,0.745,1.956,0.597,0.011,0.056,1.545,0.078
3.675,3.628,3.271,2.742,2.965,2.284,0.911,0.465,3.025,0.741
3.129,2.532,2.495,1.848,2.555,1.709,1.041,0.852,2.486,0.502
2.798,2.834,2.647,2.196,2.349,1.18,0.234,0.226,2.683,0.186
3.253,2.678,1.95,1.95,2.705,1.447,0.978,0.802,2.557,0.363
1.508,1.029,0.589,0.263,1.856,0.546,0.0,0.0,1.546,0.0
1.791,1.771,1.464,0.839,1.871,0.436,0.165,0.126,1.483,0.0
2.741,2.418,2.278,2.006,2.373,0.946,0.291,0.068,2.549,0.0
2.236,2.15,2.147,2.065,2.329,1.656,0.904,0.583,2.238,0.548
2.659,2.532,2.108,1.81,2.255,0.961,0.915,0.525,2.093,0.0
3.466,3.096,3.062,2.547,2.927,2.155,0.748,0.457,2.703,0.68
3.98,3.717,3.729,3.101,2.875,2.251,1.135,0.977,3.302,0.716
3.133,2.675,2.149,1.947,2.542,1.811,1.126,0.983,2.351,0.361
1.834,1.621,1.299,0.906,2.411,0.842,0.195,0.112,1.678,0.0
2.824,2.691,2.497,2.052,2.498,1.806,0.729,0.442,2.589,0.579
3.153,2.811,2.498,2.315,2.418,1.765,0.267,0.167,2.591,0.472
2.216,1.996,1.691,1.336,2.114,0.835,0.147,0.166,1.942,0.063
3.592,3.516,3.305,2.804,3.241,2.066,1.197,0.949,3.331,0.618
2.468,2.438,2.066,1.612,2.599,1.397,0.832,0.523,2.441,0.683
2.394,2.044,1.734,1.352,2.163,0.994,0.248,0.229,1.845,0.101
3.261,2.988,2.84,2.235,2.737,1.752,0.566,0.379,3.137,0.265
0.461,0.987,0.897,0.769,1.867,0.973,0.014,0.0,1.479,0.0
1.826,1.372,0.978,0.902,1.967,0.801,0.0,0.022,1.657,0.0
2.799,2.692,2.376,1.904,2.625,1.408,0.944,0.725,2.404,0.2
2.845,3.058,2.91,2.485,2.922,1.639,1.125,0.464,2.965,0.652
2.41,2.325,1.794,1.666,2.308,1.437,0.184,0.153,2.312,0.306
2.777,2.741,2.616,1.892,2.269,1.229,0.104,0.102,2.195,0.807
2.553,2.265,2.249,1.944,2.6,1.089,0.859,0.911,2.148,0.135
2.315,2.386,2.048,1.741,2.425,1.462,0.785,0.409,2.688,0.223
2.17,1.902,1.742,1.358,2.156,0.535,0.0,0.0,2.327,0.024
2.171,1.893,1.715,1.398,2.292,1.306,0.3,0.083,2.048,0.161
2.722,2.633,2.407,1.916,2.451,1.513,0.466,0.149,2.731,0.121
3.372,3.377,2.787,2.446,2.567,1.744,0.675,0.107,2.837,0.412
3.288,2.756,2.63,2.372,2.243,1.762,1.112,0.57,2.454,0.599
2.015,1.648,1.497,1.293,2.017,1.024,0.316,0.298,1.917,0.081
2.245,1.93,1.785,1.627,2.175,0.478,0.165,0.0,2.052,0.0
2.172,1.895,1.664,1.367,2.533,1.197,0.244,0.257,1.599,0.221
1.362,1.444,1.22,0.952,2.15,0.833,0.509,0.313,2.296,0.009
2.553,2.071,1.682,1.466,2.238,1.054,0.998,0.584,2.093,0.157
3.251,3.133,2.663,2.063,2.791,1.717,0.193,0.006,2.354,0.97
3.222,3.015,2.588,2.096,2.759,1.126,0.318,0.0,2.618,0.616
2.815,2.546,2.22,1.935,2.413,1.588,0.577,0.505,2.393,0.142
2.448,2.143,1.973,1.983,2.406,1.438,0.423,0.095,2.117,0.442
1.982,1.954,1.606,1.377,2.048,1.35,0.347,0.078,1.851,0.128
1.363,1.356,0.989,0.652,1.985,0.464,0.07,0.0,1.396,0.0
1.81,1.501,1.223,1.26,1.983,0.656,0.0,0.0,1.752,0.0
1.245,1.464,1.027,0.756,1.87,0.644,0.15,0.006,1.78,0.068
3.26,2.4,2.073,2.067,2.265,1.111,1.257,0.891,2.766,0.333
2.174,2.321,2.233,1.939,2.829,1.695,1.707,1.379,2.156,0.287
3.059,2.333,2.097,1.852,2.226,1.27,0.621,0.352,2.204,0.56
0.813,0.848,0.712,0.625,1.629,0.43,0.008,0.0,1.199,0.0
3.724,3.651,3.404,3.145,3.049,2.49,1.445,0.79,3.382,0.346
1.956,1.737,1.44,1.237,1.852,0.892,0.0,0.0,1.856,0.359
2.355,2.492,1.964,1.864,2.529,1.635,0.601,0.171,2.313,0.486
1.981,1.591,1.398,0.79,2.292,0.635,0.191,0.158,1.769,0.0
0.93,0.863,0.705,0.978,2.058,0.179,0.0,0.0,1.209,0.0
3.236,2.871,2.799,2.448,2.588,2.076,1.069,0.591,2.872,0.237
1.589,1.291,0.488,0.589,1.834,0.206,0.241,0.189,1.508,0.0
3.567,3.236,2.935,2.25,2.566,1.972,0.814,0.444,2.572,0.776
2.608,2.475,1.807,1.68,2.554,1.375,0.768,0.389,2.269,0.495
2.393,2.457,2.209,1.906,2.359,1.356,0.632,0.375,2.382,0.169
3.525,3.308,3.116,2.457,2.552,1.335,0.427,0.03,2.952,0.249
3.232,2.971,2.717,2.221,2.965,1.89,3.251,2.234,2.803,0.52
3.044,2.784,2.374,1.817,2.697,1.902,0.371,0.283,2.98,0.0
3.144,2.509,2.489,2.04,2.37,1.995,1.412,1.093,2.335,0.295
3.805,3.339,3.292,2.2,2.601,1.64,0.85,0.243,3.386,0.519
1.965,1.521,1.235,1.126,2.045,0.704,0.245,0.067,1.839,0.0
1.869,1.916,1.328,1.145,2.208,1.105,0.571,0.539,2.153,0.033
2.95,2.596,2.396,1.991,2.546,1.918,1.894,1.52,2.548,0.332
3.512,3.321,2.727,2.334,2.797,1.77,0.863,0.628,2.61,0.464
2.617,2.558,2.274,2.174,2.461,1.147,1.124,0.904,2.594,0.135
2.842,2.872,2.723,2.447,2.544,1.679,0.057,0.029,2.418,0.145
3.265,2.972,2.396,2.487,2.781,2.085,1.174,0.671,2.701,0.369
1.929,1.863,1.41,1.309,1.964,1.086,0.28,0.154,1.787,0.015
2.33,2.297,1.993,1.818,2.259,1.245,0.57,0.38,2.514,0.0
2.038,1.95,1.46,1.298,2.004,0.471,0.0,0.0,2.005,0.085
3.59,3.31,3.015,2.664,2.462,1.849,1.672,1.337,2.885,0.782
2.911,2.582,2.107,1.775,2.197,1.114,0.218,0.0,2.277,0.072
3.227,3.324,2.954,2.431,2.904,2.129,1.064,0.587,2.944,0.886
3.756,3.938,3.742,3.367,2.927,2.569,0.481,0.09,3.303,1.015
1.971,2.028,1.638,1.344,2.234,0.815,0.146,0.053,1.765,0.215
3.24,3.134,2.813,2.571,2.677,2.301,2.442,1.98,2.671,0.866
3.543,3.425,3.149,2.955,2.644,2.11,0.997,0.379,2.9,0.771
2.671,2.227,1.987,1.837,2.311,1.701,1.137,0.972,1.823,0.263
2.457,2.146,2.276,1.966,2.489,1.363,0.393,0.29,2.143,0.198
1.997,1.606,1.447,1.413,1.997,1.006,0.08,0.018,1.954,0.0
1.991,1.86,1.625,1.124,1.951,0.819,0.0,0.0,2.093,0.029
3.39,3.104,2.942,2.489,2.687,1.807,0.424,0.141,2.75,0.505
2.57,2.434,2.086,1.465,2.581,1.574,1.217,1.16,2.713,0.387
1.227,1.072,0.809,0.961,2.093,0.821,0.398,0.322,1.558,0.128
3.168,2.672,2.765,2.409,2.444,1.368,0.176,0.0,2.681,0.277
2.407,2.465,2.001,1.892,2.484,1.702,0.415,0.409,2.382,0.374
3.714,3.533,3.614,3.161,3.169,2.068,0.644,0.297,2.588,1.258
2.287,2.237,1.808,1.32,2.439,1.016,0.502,0.322,2.099,0.207
3.256,2.605,2.401,2.036,2.565,1.937,2.206,2.169,2.817,0.818
1.796,1.794,1.141,0.844,2.096,0.942,0.601,0.318,1.855,0.118
2.914,3.034,2.715,2.461,2.939,1.532,0.272,0.318,2.959,0.319
4.0,3.887,3.531,3.122,3.222,2.441,1.311,0.723,3.695,1.024
3.249,3.027,2.78,2.201,2.078,1.648,0.952,0.622,2.554,0.549
3.332,3.419,3.091,2.789,3.041,2.036,0.678,0.613,2.867,0.726
2.81,2.318,2.257,1.474,2.366,1.087,0.277,0.074,2.032,0.156
3.033,2.701,2.449,1.787,2.206,1.36,0.445,0.241,2.444,0.322
3.277,3.368,2.982,2.437,2.907,2.04,0.24,0.221,2.823,0.493
2.337,2.131,1.874,1.49,2.023,1.409,0.111,0.0,2.088,0.031
2.702,2.412,2.353,2.032,2.511,2.058,0.889,0.491,2.278,0.588
2.806,3.118,2.64,2.539,2.631,2.219,1.173,1.206,2.925,1.734
3.032,2.398,2.085,1.896,2.191,1.012,0.0,0.0,2.257,0.128
4.0,3.898,3.681,3.151,3.103,2.419,2.381,1.713,3.579,1.151
2.292,1.929,1.412,1.399,2.146,0.999,0.505,0.351,2.009,0.361
3.099,3.199,2.666,2.133,2.981,2.154,1.057,0.423,3.05,0.728
2.849,2.51,2.455,2.133,2.645,2.1,1.037,0.678,2.317,0.558
2.46,2.149,1.868,1.636,2.109,0.933,0.0,0.0,1.758,0.28
3.205,2.594,2.138,1.845,2.158,1.393,0.812,0.413,2.23,0.29
2.657,2.478,2.36,1.895,2.509,1.151,0.601,0.285,2.29,0.497
3.041,2.706,2.267,1.887,2.78,1.688,1.145,0.958,2.554,0.428
2.649,2.921,2.482,1.944,2.174,1.217,0.259,0.0,2.36,0.0
2.297,2.351,1.899,1.821,2.247,1.673,0.202,0.227,2.106,0.0
1.9,2.15,1.894,1.61,2.503,1.427,0.42,0.288,2.086,0.2
2.081,1.575,1.338,1.479,2.413,0.975,0.76,0.756,1.546,0.179
3.053,2.872,2.205,1.803,3.001,1.308,0.874,0.548,2.447,0.208
1.486,0.717,0.448,0.524,1.751,0.326,0.207,0.031,1.203,0.038
3.32,3.53,2.988,2.912,2.958,2.479,0.225,0.179,2.999,0.146
3.027,2.705,2.117,1.775,2.566,1.571,1.592,0.923,2.621,0.305
1.526,1.156,0.856,0.791,1.791,0.899,0.308,0.218,1.49,0.063
3.01,3.123,2.713,2.374,2.6,1.221,0.424,0.177,2.733,0.428
3.141,2.752,2.514,2.364,2.589,1.912,0.909,0.637,2.32,0.162
2.681,2.506,2.201,1.901,2.477,1.652,1.406,0.493,2.427,0.445
1.851,1.466,1.207,0.864,2.131,0.677,0.331,0.035,2.008,0.051
2.131,2.179,2.03,1.658,2.19,0.842,0.0,0.0,2.131,0.0
2.458,2.413,2.303,1.824,2.477,1.276,0.908,0.643,2.453,0.21
1.784,1.953,1.686,1.217,2.145,1.11,0.671,0.429,1.895,0.223
2.174,2.038,1.578,1.347,2.048,0.874,0.651,0.373,2.14,0.162
1.875,1.673,1.349,0.928,2.211,0.939,0.144,0.0,1.789,0.107
3.9,3.235,2.562,2.583,2.627,1.953,1.168,0.722,2.726,0.532
2.524,2.541,2.247,1.978,2.087,1.198,0.194,0.0,2.235,0.176
3.088,3.052,2.601,2.634,2.89,1.78,0.211,0.085,2.682,0.443
3.11,2.748,2.181,2.087,2.466,1.714,1.971,1.312,2.307,0.566
2.817,2.661,2.432,2.371,2.675,1.799,1.307,0.794,2.662,0.281
3.093,3.018,2.891,2.335,2.769,1.735,0.551,0.401,2.953,0.657
2.378,2.394,2.104,1.938,2.463,1.099,0.496,0.042,2.433,0.29
2.547,2.324,2.108,1.772,2.432,1.419,0.518,0.395,2.342,0.457
1.782,1.729,1.261,0.861,2.013,0.222,0.006,0.028,1.88,0.013
2.929,2.329,2.28,1.886,2.596,1.884,0.193,0.0,2.148,0.26
0.625,0.397,0.012,0.0,1.976,0.109,0.202,0.226,1.281,0.0
3.955,3.9,3.658,3.151,3.138,2.328,1.301,0.626,3.409,0.984
2.114,1.802,1.439,1.491,2.34,1.11,0.292,0.021,1.912,0.001
2.619,2.867,2.413,2.202,2.113,1.622,0.246,0.107,2.104,0.061
2.041,1.681,1.628,1.177,1.941,1.025,0.285,0.177,1.462,0.018
1.578,1.283,1.06,0.909,1.999,0.605,0.616,0.523,1.42,0.116
2.649,2.381,1.85,1.797,2.428,1.43,0.674,0.485,2.536,0.146
2.831,2.18,1.833,1.599,2.321,1.135,0.448,0.277,2.144,0.185
2.012,1.597,1.144,0.783,2.021,0.78,0.63,0.456,1.813,0.11
3.289,3.241,2.708,2.614,2.97,2.351,0.769,0.6,2.723,0.699
3.342,3.111,3.351,2.674,3.181,2.419,1.08,0.779,3.152,0.843
2.679,2.561,1.886,1.461,2.29,1.126,0.453,0.343,2.256,0.167
1.826,1.743,1.41,0.938,1.96,0.623,0.366,0.213,1.608,0.115
1.616,1.737,0.661,0.449,1.527,0.389,0.0,0.001,1.745,0.0
3.39,3.058,2.548,1.904,2.756,1.228,1.447,1.423,2.799,0.485
1.576,1.725,1.467,1.244,1.796,0.559,0.0,0.0,1.424,0.092
3.73,3.52,3.23,2.772,2.775,2.127,1.821,1.381,2.719,0.908
1.52,1.877,1.366,0.991,2.077,0.508,0.127,0.0,1.583,0.073
3.526,3.102,2.855,2.838,2.979,2.546,1.42,0.796,2.937,0.81
1.881,1.607,0.987,0.76,2.04,0.198,0.214,0.138,1.781,0.0
3.302,3.254,3.293,2.994,2.48,2.124,0.721,0.208,2.949,0.835
3.235,2.981,2.616,2.426,2.923,1.841,1.333,0.774,2.523,0.263
1.885,2.005,1.52,1.437,2.38,1.102,0.427,0.47,2.151,0.071
3.065,2.675,2.322,1.884,2.291,1.455,0.12,0.0,2.202,0.496
3.45,3.257,3.37,2.67,2.857,2.18,0.573,0.313,2.664,0.419
1.989,1.824,1.391,1.27,2.267,0.984,0.347,0.179,1.802,0.148
3.174,2.661,2.68,2.348,2.62,1.65,0.713,0.171,2.556,0.353
2.758,2.39,2.014,1.744,2.362,1.194,0.472,0.231,2.402,0.238
1.954,1.581,1.192,1.265,2.069,0.683,0.35,0.261,1.926,0.0
2.553,2.421,2.155,1.746,2.284,1.193,0.514,0.598,2.362,0.0
2.167,1.566,1.513,1.056,2.226,0.283,0.127,0.089,1.735,0.009
2.745,2.461,2.511,1.997,2.204,1.087,0.427,0.209,2.425,0.248
2.809,2.849,2.597,2.255,2.773,2.031,0.761,0.312,2.796,0.564
1.762,1.734,1.194,1.335,2.214,1.062,0.626,0.331,1.858,0.144
1.716,1.484,1.3,0.868,2.045,0.353,0.0,0.0,1.632,0.125
1.405,1.048,0.832,0.499,2.185,0.536,0.253,0.0,1.481,0.0
1.255,1.059,0.754,0.588,1.956,0.635,0.095,0.0,1.131,0.093
3.054,2.598,2.337,1.74,2.542,1.616,0.945,0.442,1.939,0.23
2.892,2.6,2.423,2.018,2.403,1.635,1.134,1.127,2.761,0.501
3.203,3.544,2.983,2.365,2.579,2.006,0.902,0.454,2.981,0.439
1.693,1.293,1.028,0.907,1.865,0.677,0.063,0.111,1.468,0.039
1.809,2.023,1.142,0.982,1.986,0.249,0.008,0.06,1.247,0.0
2.744,2.714,2.351,2.214,2.627,1.68,0.919,0.229,2.306,0.307
2.629,2.725,2.852,2.155,2.455,1.694,1.491,1.209,2.617,0.271
2.494,2.016,1.635,1.164,2.169,0.63,0.096,0.047,2.049,0.0
3.438,3.164,3.025,2.836,2.925,2.125,1.2,0.562,2.748,0.45
2.558,2.337,2.242,1.736,2.629,1.501,1.047,0.987,2.326,0.602
2.669,2.283,1.997,1.373,2.393,0.328,0.185,0.083,2.186,0.0
2.82,2.772,2.37,1.844,2.63,1.363,0.92,0.448,2.671,0.181
2.396,2.146,1.953,1.54,2.458,1.761,0.385,0.467,2.225,0.133
2.753,2.776,2.318,2.372,2.544,1.79,0.334,0.364,2.523,0.301
1.97,1.982,1.983,1.559,2.305,1.244,0.84,0.798,2.074,0.083
2.603,2.154,1.865,1.565,2.35,1.404,0.0,0.0,2.053,0.0
1.51,1.424,1.16,0.639,1.887,0.552,0.166,0.17,1.414,0.302
2.106,1.735,1.25,1.04,2.252,0.875,0.566,0.412,1.579,0.062
3.057,3.124,2.79,2.448,2.581,2.691,1.731,1.242,2.758,0.526
3.798,3.489,3.285,2.74,2.879,2.759,1.205,0.904,3.473,0.513
1.862,1.493,1.032,0.817,1.987,0.657,0.746,0.397,2.015,0.322
2.066,1.84,1.541,1.351,2.275,0.885,0.218,0.0,1.971,0.16
2.004,1.917,1.215,1.044,2.277,1.049,0.02,0.0,1.939,0.0
2.898,2.443,1.805,1.21,2.434,1.722,1.015,0.56,2.392,0.283
2.697,2.922,2.772,2.205,2.669,1.838,0.457,0.204,2.42,0.262
3.157,2.873,2.909,2.326,2.626,2.023,0.651,0.539,3.028,0.658
1.125,1.374,0.87,0.891,1.646,0.523,0.0,0.0,1.389,0.0
2.352,2.378,2.011,1.421,2.033,1.082,0.316,0.354,2.135,0.245
1.519,1.082,0.752,0.594,1.796,0.393,0.0,0.0,1.757,0.0
3.229,3.191,2.801,2.21,2.603,2.032,0.841,0.529,2.825,0.794
1.608,1.601,1.293,1.301,1.943,1.133,0.0,0.0,1.429,0.036
2.527,2.281,1.962,1.717,2.391,1.078,1.048,1.041,2.118,0.251
2.073,1.58,1.373,1.155,1.987,0.898,0.12,0.0,1.74,0.131
2.463,2.051,1.485,1.269,2.245,0.973,0.117,0.036,2.254,0.335
1.801,1.005,0.605,0.421,2.386,0.543,0.071,0.137,0.871,0.015
1.913,1.921,1.458,1.538,2.168,1.238,0.153,0.115,1.84,0.0
2.212,1.978,1.854,1.492,2.356,1.75,0.938,0.746,2.113,0.082
0.244,0.381,0.574,0.388,1.67,0.611,0.724,0.563,1.261,0.0
3.129,2.786,2.628,2.32,2.721,1.537,0.182,0.257,2.518,0.781
2.678,2.566,2.448,2.225,2.386,1.908,0.645,0.508,2.538,0.472
2.286,2.099,1.706,1.458,2.356,1.139,0.58,0.103,2.015,0.336
2.367,1.939,1.648,1.347,2.058,0.72,0.526,0.475,2.085,0.131
1.442,0.974,1.013,0.826,1.982,1.083,0.079,0.127,1.568,0.0
1.986,1.569,1.247,1.04,2.101,1.104,0.286,0.278,1.729,0.179
0.0,0.0,0.0,0.0,1.591,0.0,0.0,0.0,1.21,0.216
2.957,2.607,2.713,2.43,2.721,1.523,1.086,0.603,2.526,0.443
1.908,1.765,1.697,1.483,2.189,0.943,0.23,0.123,2.106,0.32
2.501,1.769,1.503,1.064,1.928,0.853,0.468,0.307,1.796,0.026
3.088,2.757,2.783,2.648,2.936,2.064,0.666,0.428,2.571,0.568
2.534,2.289,1.986,1.586,2.565,1.185,0.487,0.523,2.655,0.143
1.816,1.481,1.373,1.534,2.041,0.964,0.405,0.32,1.849,0.0
3.583,3.709,3.325,2.812,3.014,2.475,1.097,0.826,3.301,0.566
1.847,1.729,1.46,1.148,1.955,0.499,0.162,0.15,1.958,0.304
2.993,2.673,2.46,2.041,2.397,1.788,1.78,0.972,2.724,0.531
1.16,1.074,0.818,0.924,2.1,0.831,0.498,0.336,1.424,0.063
3.032,2.065,1.735,1.847,2.391,1.301,0.92,0.726,1.876,0.38
1.741,1.795,1.524,1.255,2.238,1.109,0.5,0.197,2.027,0.218
2.837,2.825,2.446,1.861,2.364,1.223,0.202,0.225,2.383,0.05
2.329,2.5,2.286,2.31,2.58,1.61,0.639,0.517,2.401,0.305
2.605,2.25,1.945,1.636,2.267,1.263,0.564,0.073,1.805,0.159
2.189,2.358,2.107,1.822,2.279,1.195,0.349,0.127,2.104,0.286
2.98,2.788,2.482,2.154,2.659,1.456,0.916,0.602,2.528,0.375
2.71,2.228,1.842,2.082,2.483,1.677,0.574,0.239,2.101,0.335
3.654,3.292,3.21,2.431,3.047,1.805,0.367,0.086,3.079,0.151
2.132,2.05,1.515,1.055,2.369,1.18,0.0,0.0,1.656,0.129
2.548,2.397,2.127,1.635,2.552,1.216,0.829,0.646,1.863,0.331
2.208,1.931,1.622,1.547,2.234,1.681,0.625,0.167,2.182,0.228
2.28,2.122,1.839,1.681,2.337,1.41,0.506,0.498,2.096,0.016
2.489,2.465,2.455,2.383,2.627,1.991,0.462,0.309,2.513,0.222
2.267,2.819,2.533,1.872,2.55,1.356,0.035,0.072,2.766,0.245
2.245,2.179,1.696,1.335,2.365,0.901,0.237,0.0,2.123,0.134
2.663,2.082,1.698,1.403,2.264,0.955,0.586,0.299,2.157,0.255
2.986,3.008,2.389,2.258,2.678,1.649,1.002,0.748,2.483,0.381
1.802,1.922,1.69,1.582,2.073,0.761,0.432,0.048,2.201,0.26
3.718,3.536,3.148,2.716,2.729,2.558,2.074,1.682,3.44,0.681
3.454,3.435,3.367,2.654,3.194,2.159,0.203,0.187,2.859,0.291
4.0,4.0,4.0,3.915,3.41,2.559,0.671,0.643,3.766,1.082
3.545,3.227,3.266,2.953,2.856,1.986,0.902,0.479,2.969,0.626
2.596,2.341,2.233,1.674,1.979,1.561,0.733,0.48,2.77,0.144
3.138,3.071,2.865,2.335,2.629,2.437,1.986,1.612,2.897,0.87
2.145,1.883,1.537,1.418,2.464,1.192,0.741,0.315,2.227,0.382
2.74,2.734,2.387,2.083,2.521,1.743,0.601,0.377,2.489,0.901
2.191,2.073,1.374,1.096,2.284,0.686,0.165,0.153,1.901,0.017
2.95,2.59,2.3,2.247,2.456,1.413,1.669,0.658,2.462,0.633
2.353,2.376,2.077,1.744,2.214,1.3,0.846,0.846,2.224,0.088
2.816,2.626,2.318,1.917,2.55,1.475,0.187,0.0,2.053,0.727
3.26,2.979,2.654,2.097,2.758,2.128,0.82,0.678,2.866,0.44
2.403,2.087,1.592,1.579,2.399,0.969,0.4,0.377,2.054,0.214
2.83,2.685,2.181,1.966,2.187,1.356,1.129,0.834,2.509,0.266
2.425,2.341,1.829,1.575,2.099,0.898,0.444,0.478,1.998,0.0
2.476,2.246,1.946,1.467,2.317,0.887,0.624,0.353,2.494,0.187
3.53,3.453,2.905,2.379,2.667,1.463,1.472,0.903,3.255,0.645
1.1,0.554,0.488,0.469,1.814,0.293,0.06,0.0,1.126,0.0
3.319,2.933,2.713,2.418,2.397,1.586,0.636,0.335,2.724,0.128
1.408,0.793,0.63,0.601,2.03,0.989,0.493,0.279,1.501,0.092
2.665,2.845,2.406,2.037,2.176,1.735,1.018,1.006,2.311,0.21
1.875,1.62,1.607,1.45,2.435,1.28,0.605,0.558,1.955,0.509
3.41,2.997,2.747,2.298,2.69,1.93,1.54,1.002,2.809,0.893
1.97,2.164,1.597,1.506,2.222,1.001,0.125,0.0,1.947,0.155
3.018,2.843,2.618,2.337,2.621,1.884,0.488,0.344,2.425,0.157
1.528,1.756,1.569,1.274,2.297,1.088,0.512,0.517,2.151,0.186
3.031,2.935,2.942,2.693,2.442,1.543,0.855,0.137,2.507,0.787
3.78,3.587,3.484,3.418,3.497,2.773,0.348,0.121,3.008,1.463
3.291,3.708,3.467,3.206,2.916,2.568,0.616,0.329,2.901,0.907
2.967,2.871,2.562,2.329,2.719,1.242,0.469,0.082,2.758,0.889
2.86,2.343,1.757,1.272,2.685,1.571,0.572,0.327,2.487,0.165
2.947,2.611,2.029,1.517,2.249,1.475,0.455,0.202,2.249,0.17
2.469,2.116,1.71,1.655,2.315,1.199,0.547,0.28,2.406,0.076
2.73,2.405,2.117,1.837,2.431,1.676,0.602,0.455,2.328,0.045
3.554,3.576,3.45,2.802,2.959,1.913,1.754,1.293,3.255,0.608
1.631,1.082,0.821,0.706,2.122,0.926,0.135,0.09,1.202,0.129
2.879,2.545,2.28,2.141,2.492,1.656,0.983,0.094,2.277,0.049
1.95,1.308,1.253,0.971,2.068,0.74,0.277,0.233,1.827,0.09
3.152,3.249,2.738,2.188,2.476,2.045,2.572,2.657,3.089,0.56
2.39,2.36,1.972,1.733,2.266,1.464,0.595,0.433,2.474,0.202
1.616,1.51,1.551,1.487,2.459,1.385,0.537,0.128,1.792,0.431
1.674,1.785,1.206,1.024,2.185,0.816,0.556,0.304,1.806,0.0
2.388,2.236,1.821,1.224,2.317,1.306,0.671,0.249,2.383,0.155
3.061,2.87,2.599,2.225,2.604,1.617,0.107,0.0,2.404,0.435
3.327,3.533,3.236,2.622,2.944,2.345,1.083,0.805,2.825,0.365
2.905,2.93,2.391,2.007,2.368,1.154,0.648,0.428,2.144,0.046
2.743,2.048,1.735,1.643,2.238,1.3,0.746,0.517,2.143,0.247
2.702,2.44,2.459,2.044,2.237,1.295,0.808,0.113,2.51,0.0
1.94,1.808,1.202,0.818,2.026,0.65,0.0,0.0,1.735,0.074
2.79,2.943,2.708,2.743,2.713,2.369,1.708,1.251,3.0,0.371
2.595,2.418,2.118,1.874,2.251,1.186,0.376,0.381,2.114,0.283
2.865,2.887,2.748,2.024,2.76,1.723,0.803,0.375,2.82,0.478
2.973,3.049,2.431,2.111,2.326,1.34,0.884,0.526,2.818,0.551
3.15,3.466,3.309,3.294,3.05,2.665,0.712,0.373,2.873,0.665
2.167,1.978,1.979,1.856,2.003,1.182,0.2,0.206,2.199,0.03
2.045,1.983,1.581,1.367,2.122,0.638,0.239,0.157,1.837,0.0
2.658,2.834,2.331,2.263,2.645,1.628,0.249,0.203,2.435,0.353
2.964,2.927,2.625,2.722,2.753,2.121,0.702,0.604,2.866,0.729
2.351,2.161,1.605,1.724,2.305,1.306,0.182,0.122,2.207,0.353
2.975,2.824,2.453,2.2,2.491,1.727,0.95,0.921,2.67,0.771
3.219,2.681,2.293,1.862,2.637,1.831,0.419,0.291,2.493,0.324
3.286,3.026,2.853,2.236,2.594,1.455,0.0,0.0,2.481,0.506
2.704,2.682,2.556,2.001,2.719,1.347,0.243,0.146,2.412,0.378
2.658,2.619,1.956,1.519,2.55,1.325,0.37,0.043,2.053,0.0
2.472,2.18,1.712,1.49,2.476,1.229,0.233,0.191,1.81,0.274
2.38,2.834,2.1,2.127,2.641,1.9,0.512,0.341,2.424,0.562
2.81,2.761,2.709,2.256,2.693,1.64,0.405,0.24,2.576,0.356
0.929,0.887,0.936,0.536,2.049,0.371,0.119,0.226,1.342,0.408
2.953,2.898,2.58,2.135,2.552,1.502,0.481,0.196,2.554,0.399
2.196,2.299,1.777,1.722,2.333,1.141,0.728,0.218,2.117,0.289
1.98,1.915,1.357,1.219,2.33,1.049,0.806,0.399,2.062,0.321
1.088,1.024,0.931,0.796,1.863,0.73,0.431,0.222,1.61,0.159
2.632,2.449,2.071,1.761,2.273,1.532,0.536,0.361,2.237,0.042
1.127,1.387,1.168,0.988,1.969,0.92,0.16,0.091,1.863,0.12
2.947,2.687,2.493,1.972,2.207,1.423,0.978,0.712,2.351,0.44
2.508,2.253,1.907,1.357,2.399,1.132,0.535,0.204,2.35,0.032
3.133,2.904,2.831,2.188,2.869,1.391,0.486,0.405,2.353,0.442
3.317,3.065,3.038,2.612,3.079,2.064,1.918,1.503,3.003,0.216
1.971,1.536,1.477,1.291,2.288,1.08,0.268,0.003,1.881,0.022
3.089,3.045,2.685,2.134,2.385,1.398,0.699,0.513,2.456,0.075
2.43,2.091,2.014,1.348,2.23,1.223,0.0,0.0,2.017,0.134
2.947,2.898,2.449,2.1,2.835,2.17,1.32,0.766,2.739,0.436
3.332,2.921,2.347,2.041,2.6,1.621,1.075,0.726,2.417,0.498
2.599,2.151,2.18,1.945,2.277,1.163,0.35,0.352,2.177,0.377
2.785,2.719,2.371,2.027,2.687,1.576,0.626,0.434,2.649,0.545
2.191,1.65,1.336,1.006,2.123,0.801,0.724,0.439,2.126,0.237
0.857,1.308,0.88,0.559,2.146,0.171,0.086,0.089,1.76,0.0
1.253,1.085,0.789,0.819,2.036,0.786,0.224,0.0,1.578,0.0
3.636,3.593,3.451,2.87,3.211,2.264,0.656,0.142,3.169,0.364
1.359,1.337,1.028,0.759,2.019,0.777,0.39,0.251,1.817,0.207
2.408,2.104,1.659,1.411,2.528,0.943,0.81,0.237,2.1,0.104
2.778,2.445,2.263,1.926,2.602,1.493,0.583,0.269,2.468,0.245
4.0,4.0,3.897,3.5,3.671,3.02,2.004,1.518,3.652,0.78
2.199,2.073,2.048,1.739,1.963,0.96,0.392,0.223,1.997,0.225
2.134,2.053,1.934,1.778,2.195,1.048,0.0,0.043,1.768,0.174
2.21,1.511,1.148,0.832,1.976,0.317,0.332,0.224,1.905,0.0
3.804,3.854,3.423,3.238,2.809,2.157,0.968,0.305,3.202,0.812
3.62,3.687,3.364,2.741,2.95,1.967,1.432,1.047,3.214,0.767
2.004,1.98,1.702,1.339,2.182,0.923,0.344,0.256,2.261,0.198
3.428,3.26,2.689,2.629,2.786,2.158,1.762,1.235,3.008,0.457
3.246,2.768,2.322,2.262,2.505,1.065,0.573,0.539,2.782,0.436
2.833,2.496,2.196,1.549,2.361,1.639,0.871,0.209,2.282,0.464
2.875,2.655,2.014,1.643,2.232,1.17,0.463,0.351,2.224,0.377
1.18,1.094,0.756,0.853,1.853,0.764,0.1,0.03,1.644,0.167
2.349,2.327,1.991,1.396,2.273,1.166,0.236,0.14,2.432,0.005
2.801,2.832,2.412,1.914,2.656,1.835,1.437,1.253,2.917,0.486
2.205,1.433,1.169,0.855,2.21,0.961,0.021,0.063,1.828,0.0
2.916,2.903,2.339,2.151,2.288,1.848,1.06,0.42,2.458,0.281
1.917,1.524,0.876,0.814,1.982,0.53,0.0,0.0,1.703,0.0
3.129,3.008,2.4,2.119,2.526,1.692,1.17,0.8,2.178,0.675
3.185,3.008,2.9,2.635,2.924,1.945,0.905,0.429,2.401,0.984
3.769,3.72,3.062,2.972,3.264,2.499,0.984,0.787,3.213,0.444
2.667,2.526,2.211,2.21,2.578,1.896,1.314,0.667,2.341,0.226
2.769,2.43,2.031,1.909,2.356,1.297,1.19,0.552,2.289,0.243
3.005,2.756,2.403,2.264,2.706,1.718,0.994,0.852,2.66,0.64
3.227,2.989,2.6,2.503,2.886,2.001,0.439,0.039,2.657,0.487
1.57,1.466,1.037,0.86,1.973,0.662,0.141,0.163,1.569,0.0
1.793,1.85,1.662,1.636,1.98,1.411,0.0,0.0,1.432,0.042
2.936,2.728,2.228,1.733,2.344,1.387,0.627,0.348,2.199,0.244
1.341,1.55,1.237,0.85,1.839,0.59,0.008,0.164,1.624,0.0
2.025,2.003,1.224,1.188,1.804,0.712,0.054,0.0,1.837,0.0
2.747,2.246,1.811,1.823,2.51,1.307,0.837,0.651,2.265,0.169
2.229,2.067,1.629,1.5,2.408,0.832,0.654,0.456,2.03,0.375
2.604,2.425,2.073,1.423,2.072,1.211,0.514,0.152,2.067,0.193
3.285,3.207,2.97,2.672,2.672,1.771,0.907,0.497,2.936,0.713
2.81,2.41,2.055,1.508,2.299,1.209,0.496,0.128,2.459,0.63
2.472,1.996,1.729,1.243,2.429,0.946,0.202,0.212,2.324,0.133
3.148,3.225,3.061,2.745,2.825,2.373,1.011,0.651,3.037,0.583
4.0,4.0,4.0,3.779,3.309,2.689,0.737,0.387,3.438,1.14
3.632,3.33,3.056,2.517,2.879,2.079,1.881,1.179,2.876,0.807
2.567,2.683,2.591,2.435,2.318,1.548,0.533,0.145,2.613,0.167
3.076,2.643,2.249,2.056,2.43,1.609,0.303,0.063,1.918,0.674
1.786,1.571,1.135,0.881,1.98,0.24,0.0,0.0,1.553,0.0
2.743,2.491,2.431,1.849,2.519,1.435,0.877,0.619,2.598,0.039
1.053,0.988,0.534,0.495,1.811,0.456,0.231,0.219,1.767,0.0
2.738,2.448,2.216,1.788,2.214,1.638,1.496,1.0,2.627,0.277
3.434,3.064,2.92,2.32,2.945,1.745,0.0,0.0,2.658,0.111
1.738,1.441,1.042,1.216,2.05,0.597,0.137,0.084,1.475,0.0
2.801,2.568,2.275,2.139,2.395,1.589,0.668,0.167,2.401,0.118
2.345,2.251,1.813,1.613,2.295,1.16,0.706,0.596,1.997,0.342
3.307,3.428,3.303,3.062,2.959,1.877,1.156,0.521,3.386,0.498
0.398,0.759,0.391,0.229,1.818,0.552,0.173,0.181,1.396,0.0
2.295,2.231,1.797,1.556,2.559,1.4,0.099,0.039,1.848,0.33
2.289,1.954,1.863,1.382,2.343,1.439,0.269,0.002,1.981,0.229
2.656,2.497,2.266,1.849,2.121,1.118,0.988,0.5,2.446,0.154
2.886,2.766,2.235,1.757,2.535,1.908,0.484,0.422,2.476,0.653
3.435,3.052,3.028,2.675,2.48,2.176,0.915,0.579,2.605,0.616
2.903,2.891,2.905,2.75,2.706,2.046,1.006,0.652,2.505,0.607
1.374,1.262,0.912,0.843,1.888,0.624,0.169,0.104,1.885,0.071
2.132,2.385,2.06,1.788,2.231,0.95,0.413,0.25,2.265,0.294
2.536,2.463,2.114,1.862,2.411,1.424,0.578,0.0,2.273,0.007
2.223,2.156,1.689,1.604,2.047,0.986,0.605,0.194,2.151,0.283
1.766,1.305,1.192,1.18,2.132,0.56,0.0,0.121,1.881,0.0
2.234,1.907,1.971,2.061,2.489,1.033,0.471,0.418,2.064,0.292
2.558,2.422,2.153,1.67,2.475,1.137,0.83,0.592,2.469,0.0
3.162,3.334,3.093,2.486,3.085,2.286,0.337,0.132,3.196,0.512
2.857,2.528,1.995,1.693,2.514,1.681,0.944,0.679,2.328,0.752
2.091,1.923,1.56,1.441,2.357,0.854,0.693,0.274,2.113,0.229
2.907,2.782,2.758,2.294,2.521,1.768,0.971,0.653,2.537,0.206
3.034,2.772,2.195,1.821,2.556,1.576,0.317,0.36,2.396,0.299
2.383,1.958,1.573,1.251,2.171,0.884,0.549,0.113,2.324,0.088
2.614,2.427,1.954,1.936,2.102,0.926,0.288,0.254,2.1,0.0
3.117,2.815,2.615,2.439,2.439,1.881,0.449,0.0,2.462,0.469
2.3,2.105,1.905,1.604,2.239,1.165,0.464,0.191,2.139,0.03
3.141,3.013,2.752,2.513,2.623,1.783,1.346,1.26,2.949,0.478
1.849,1.59,1.047,0.947,2.126,0.858,0.059,0.185,1.42,0.0
2.516,2.376,1.86,1.511,1.987,1.287,0.596,0.394,2.21,0.022
1.859,1.696,1.361,1.214,2.245,0.978,0.0,0.0,1.856,0.0
2.999,2.488,2.232,1.521,2.393,1.414,0.902,0.57,2.533,0.197
2.723,2.762,2.34,1.829,2.512,1.341,0.42,0.386,2.47,0.333
4.0,3.944,3.745,3.245,3.278,2.745,1.337,1.001,3.345,0.759
3.127,3.065,2.673,2.194,2.577,1.859,0.956,0.723,2.943,0.505
2.515,1.941,1.723,1.185,2.097,1.287,0.456,0.202,1.99,0.094
2.225,1.59,1.402,1.346,2.055,0.973,0.639,0.641,1.65,0.238
1.578,1.168,0.774,0.512,2.069,0.735,0.06,0.132,1.421,0.0
1.824,1.292,1.069,1.059,1.933,0.566,0.218,0.0,1.858,0.0
3.602,3.173,2.708,2.339,2.863,2.083,1.957,1.904,3.19,0.454
3.018,2.74,1.965,1.885,2.454,1.622,1.422,1.058,2.423,0.603
2.196,2.683,2.089,1.636,2.636,1.374,0.41,0.238,2.089,0.222
2.642,2.272,1.835,1.557,2.452,1.338,0.451,0.217,2.073,0.198
3.097,2.95,2.803,2.486,2.897,1.615,0.882,0.547,2.741,0.079
2.252,2.619,2.271,2.033,2.793,1.543,0.825,0.221,2.304,0.907
3.342,3.016,2.765,2.259,2.796,1.981,0.684,0.507,2.591,0.525
2.397,2.356,1.992,1.531,2.272,1.196,0.276,0.315,2.249,0.0
2.899,2.961,2.326,2.231,2.132,1.706,1.066,0.41,2.316,0.714
2.565,2.376,1.955,1.703,2.584,1.779,1.604,1.214,2.252,0.487
3.43,3.397,2.976,2.353,2.626,1.952,2.835,2.28,2.742,0.827
1.038,0.783,0.443,0.509,2.259,0.327,0.0,0.0,1.19,0.02
2.311,2.137,1.674,1.476,2.251,1.16,0.48,0.208,1.867,0.124
1.71,1.515,1.252,0.913,1.677,0.74,0.246,0.265,1.802,0.163
2.609,2.626,2.135,1.734,2.419,1.352,0.314,0.285,2.008,0.449
3.186,2.986,3.231,2.648,2.694,2.28,1.463,0.643,2.582,0.536
2.253,1.946,1.291,0.88,2.246,0.861,0.584,0.499,1.657,0.0
1.715,1.745,1.31,1.183,2.404,0.95,0.643,0.28,2.244,0.24
2.152,2.171,2.026,1.608,2.164,0.931,0.277,0.063,2.384,0.04
2.275,2.245,2.041,1.57,1.999,1.109,0.353,0.161,2.141,0.213
3.409,3.243,2.858,2.579,2.983,1.701,1.046,0.651,2.918,0.603
3.903,3.799,3.169,2.916,3.142,2.558,0.943,0.466,3.531,1.21
2.477,2.364,1.672,1.652,2.216,1.115,0.267,0.07,2.108,0.108
2.931,2.99,2.74,2.663,2.905,1.961,1.706,1.086,3.047,0.702
1.605,1.278,0.963,1.206,2.078,0.884,0.317,0.096,1.379,0.075
2.93,2.369,2.201,1.741,2.621,1.388,0.942,0.231,2.546,0.364
3.718,3.297,3.584,2.942,3.195,2.796,1.666,1.359,3.369,0.787
2.788,2.54,1.89,1.755,2.287,1.414,0.63,0.0,2.539,0.11
2.888,2.896,2.635,2.372,2.194,1.47,0.215,0.09,2.445,0.0
2.391,2.203,1.65,1.226,2.115,1.079,0.208,0.05,2.13,0.0
3.069,3.06,2.707,2.226,2.622,1.186,0.594,0.338,2.832,0.457
0.345,0.615,0.296,0.019,1.772,0.353,0.052,0.051,1.633,0.0
3.484,2.874,2.077,2.008,2.31,1.618,1.017,0.739,2.531,0.522
2.719,2.45,2.437,1.707,1.913,0.762,0.056,0.106,2.247,0.274
2.678,2.185,1.887,1.742,2.653,1.439,0.707,0.721,2.217,0.514
2.099,2.104,1.472,1.534,2.166,0.832,0.52,0.173,2.105,0.298
2.738,2.515,2.558,2.169,2.122,1.761,0.656,0.231,2.355,0.213
3.369,3.033,2.841,2.482,2.854,2.236,1.738,0.586,2.783,0.359
2.618,2.666,2.509,2.134,2.651,1.511,0.378,0.037,2.933,0.037
3.826,3.552,3.03,3.084,3.026,2.433,1.427,0.876,2.958,0.341
3.119,3.105,2.611,2.088,2.645,1.665,0.699,0.511,3.068,0.55
3.34,3.417,3.004,2.718,2.665,1.895,2.342,2.081,3.053,0.55
2.951,2.771,2.798,2.148,2.454,1.4,0.62,0.519,2.423,0.373
2.082,1.874,1.538,1.111,2.179,1.057,0.075,0.224,2.055,0.19
1.256,1.092,1.144,0.927,1.811,0.628,0.256,0.092,1.59,0.029
2.262,2.02,1.651,1.108,2.121,1.294,0.46,0.38,1.79,0.163
3.722,3.373,2.966,2.683,3.11,1.97,1.129,0.325,3.286,0.287
2.605,2.801,2.461,2.275,2.741,1.846,0.956,0.345,2.684,0.678
3.442,3.004,2.778,2.114,2.896,1.398,0.0,0.107,2.665,0.51
3.777,3.786,3.369,2.733,2.816,2.223,2.483,2.284,3.538,0.56
3.26,3.481,3.132,2.952,2.704,2.007,0.861,0.566,3.214,0.657
0.0,0.348,0.163,0.24,1.89,0.059,0.45,0.29,1.857,0.082
3.19,2.721,2.476,2.411,2.623,1.754,0.985,1.168,2.374,0.227
2.542,2.081,1.707,1.315,2.321,1.003,0.338,0.108,2.227,0.219
3.028,3.032,2.867,2.972,2.506,1.955,1.015,0.535,2.651,0.736
3.67,3.52,3.271,2.95,2.823,2.358,1.024,0.639,3.219,0.605
3.061,2.97,2.721,2.509,2.927,2.307,1.284,0.87,2.881,0.444
2.13,2.074,1.831,1.752,2.14,1.323,0.44,0.205,2.241,0.272
2.003,1.811,1.623,1.302,2.399,0.881,0.0,0.0,2.15,0.0
2.749,1.987,1.661,1.187,1.911,0.924,0.376,0.181,1.906,0.079
2.922,2.442,2.215,1.872,2.484,1.627,0.854,0.368,2.461,0.467
1.774,1.739,1.161,1.119,2.129,0.645,0.182,0.0,1.762,0.33
2.324,2.327,2.005,1.538,2.401,1.461,0.742,0.808,2.531,0.252
2.926,2.588,2.221,1.857,2.422,1.698,0.744,0.221,2.568,0.629
2.164,2.18,2.136,1.929,2.009,1.183,0.945,0.578,2.056,0.264
3.158,3.13,2.76,2.833,3.035,1.865,0.21,0.252,2.742,0.157
2.811,2.712,2.082,1.748,2.055,1.553,0.44,0.221,2.188,0.171
1.845,2.056,1.308,1.167,2.358,1.311,0.869,0.78,1.813,0.161
2.343,2.109,1.708,1.535,2.067,1.328,0.622,0.59,1.862,0.109
1.676,1.89,1.527,1.566,2.35,0.994,0.0,0.0,2.069,0.145
2.416,2.229,1.958,1.634,2.395,0.885,0.27,0.268,1.801,0.059
3.234,2.868,2.917,1.985,2.762,1.321,0.768,0.169,2.793,0.416
2.072,1.549,1.541,1.407,2.405,1.454,0.538,0.391,1.814,0.295
3.204,2.874,2.966,2.313,2.784,1.407,0.832,0.43,2.519,0.551
2.974,2.432,2.197,1.976,2.452,1.716,0.82,0.529,2.223,0.439
1.43,1.128,0.881,0.483,1.778,0.3,0.146,0.278,1.498,0.0
2.582,2.781,2.705,2.216,2.733,1.663,0.854,0.265,2.688,0.222
3.628,3.85,4.0,3.305,3.072,2.9,2.506,2.115,3.487,0.865
2.62,2.523,1.873,1.647,2.168,0.983,1.049,0.673,2.639,0.251
3.064,3.17,2.715,2.484,2.749,2.124,1.407,0.888,2.625,0.406
2.364,2.475,2.32,2.14,2.431,1.467,0.304,0.085,2.416,0.026
2.697,2.465,2.547,2.262,2.244,1.643,0.136,0.0,2.371,0.219
3.329,3.14,2.915,2.487,2.764,1.941,0.937,0.524,2.602,0.375
1.385,0.918,0.761,0.94,2.169,0.927,0.166,0.291,1.147,0.161
1.179,1.101,0.676,0.475,1.752,0.255,0.621,0.367,1.752,0.0
2.709,2.76,2.383,1.735,2.384,1.376,0.602,0.349,2.066,0.54
3.764,3.591,3.539,2.878,3.109,2.054,0.893,0.77,3.207,0.714
2.778,2.561,2.228,1.936,2.561,1.547,0.838,0.501,2.406,0.189
3.518,3.525,3.034,2.919,2.621,2.528,1.588,1.186,2.872,1.277
2.528,2.474,1.994,1.458,2.356,1.182,0.545,0.195,1.922,0.379
2.636,2.492,2.493,1.785,2.288,1.459,0.562,0.167,2.152,0.0
2.515,2.709,2.27,2.144,2.475,1.351,0.74,0.171,2.721,0.542
3.346,3.363,3.028,2.988,2.93,2.656,2.029,1.542,3.165,1.364
3.565,3.536,3.429,2.759,2.582,1.628,0.893,0.442,3.112,0.224
2.6,1.773,1.416,1.133,2.2,0.959,0.455,0.404,1.846,0.232
3.074,3.156,2.733,2.451,2.492,1.403,1.296,1.115,2.658,0.396
2.224,2.052,1.713,1.807,2.179,1.124,0.005,0.0,1.66,0.109
3.498,3.142,3.079,2.878,2.801,2.154,0.873,0.479,2.623,0.868
1.306,1.277,1.066,0.64,1.934,0.652,0.738,0.812,1.681,0.087
1.196,1.396,0.537,0.523,1.323,0.456,0.0,0.0,1.346,0.0
0.909,0.923,0.466,0.303,1.93,0.358,0.0,0.0,1.495,0.0
2.638,2.398,2.532,2.432,2.72,2.096,0.87,0.303,2.392,0.865
2.389,2.467,2.19,1.975,2.407,1.651,0.541,0.163,1.928,0.458
4.0,3.873,4.0,3.29,2.73,2.487,1.355,1.131,2.793,0.788
2.284,1.858,1.622,1.383,2.173,1.017,0.645,0.571,2.053,0.276
2.977,2.916,2.602,2.306,2.868,2.024,0.099,0.016,2.679,0.677
3.402,2.883,2.648,2.166,2.865,2.004,0.012,0.071,2.888,0.463
2.589,2.602,2.338,2.0,2.925,1.933,0.458,0.337,2.369,0.501
3.194,2.99,2.58,2.081,2.396,1.774,0.846,0.334,2.971,0.302
1.768,1.685,1.378,1.153,2.237,0.979,0.35,0.385,1.856,0.219
3.339,3.066,2.95,2.551,2.747,2.13,0.85,0.334,2.575,0.988
2.585,2.595,2.413,2.468,2.566,1.701,0.197,0.0,2.389,0.816
3.053,3.097,3.072,2.519,2.432,1.361,0.44,0.273,2.955,0.113
3.325,3.094,2.694,2.735,2.907,2.021,1.673,1.305,2.78,0.564
2.899,2.899,2.531,2.494,2.675,1.818,0.3,0.197,2.701,0.424
3.279,2.882,2.885,2.557,2.825,1.888,0.778,0.156,2.654,0.212
1.906,1.952,1.76,1.444,1.936,1.218,0.528,0.463,2.344,0.0
2.63,2.732,2.499,2.15,2.572,1.628,0.348,0.0,2.446,0.363
1.411,1.089,0.817,0.732,1.835,0.327,0.351,0.132,1.595,0.0
3.923,3.356,2.865,2.578,2.542,1.781,1.135,0.705,2.786,0.441
1.157,1.208,1.158,1.046,1.833,0.602,0.0,0.002,1.694,0.0
2.848,2.235,2.165,1.848,2.577,1.354,0.849,0.398,2.158,0.425
2.566,2.32,1.899,1.57,2.537,1.442,0.92,0.602,2.478,0.483
2.719,2.966,2.879,2.14,3.024,1.488,0.308,0.0,2.748,0.353
2.49,2.165,1.984,1.709,2.326,1.077,1.292,0.927,2.052,0.275
2.238,2.101,1.814,1.82,2.672,1.689,0.315,0.029,2.327,0.491
3.179,2.435,1.612,1.338,2.294,1.23,1.0,0.54,1.959,0.25
2.486,2.213,2.213,1.615,2.517,1.164,0.162,0.245,2.326,0.179
2.626,2.144,2.249,2.235,2.528,1.6,0.579,0.273,2.094,0.816
1.989,1.363,0.973,0.578,1.977,0.765,0.0,0.0,1.515,0.081
3.672,3.151,2.755,2.07,2.751,1.593,0.949,0.773,2.543,0.655
3.026,3.099,2.568,2.1,2.866,1.944,0.511,0.0,2.741,0.327
3.633,3.45,3.52,2.767,3.045,2.12,1.532,1.192,2.911,0.689
3.374,3.218,2.684,2.529,2.423,2.044,0.476,0.279,2.664,0.546
1.914,1.762,1.492,1.143,2.122,0.835,0.386,0.35,2.25,0.0
3.323,3.041,2.918,2.308,3.015,2.276,1.145,0.703,2.718,0.302
2.335,1.891,1.682,1.591,2.463,1.322,0.603,0.426,2.31,0.362
3.161,2.846,2.59,2.272,2.58,2.025,0.857,0.439,2.721,0.249
2.879,2.777,2.85,2.467,2.469,1.94,0.482,0.202,2.693,0.437
1.44,1.444,1.013,0.891,2.359,0.769,0.077,0.032,1.706,0.091
2.486,2.462,2.195,1.986,2.842,1.259,0.466,0.302,2.063,0.43
2.715,2.006,1.661,1.049,2.331,1.03,0.508,0.334,2.084,0.221
0.902,1.22,0.83,0.764,1.88,0.537,0.0,0.0,1.597,0.0
3.398,3.485,3.551,2.674,3.611,2.139,1.031,0.621,3.028,0.451
2.972,3.073,2.44,2.222,1.877,1.624,1.355,0.948,2.674,0.468
0.954,1.0,0.838,0.643,2.15,0.583,0.42,0.678,1.671,0.0
2.884,2.563,1.926,1.627,2.024,1.322,1.215,0.837,2.34,0.29
1.787,1.598,1.452,1.381,2.039,0.7,0.536,0.329,1.833,0.126
1.797,1.879,1.559,1.675,2.104,1.205,0.0,0.064,1.918,0.0
1.199,1.022,0.899,0.815,1.936,0.571,0.0,0.0,1.748,0.181
2.565,2.568,2.288,2.085,2.468,1.538,0.63,0.471,2.335,0.294
2.679,2.801,2.419,1.84,2.275,1.646,0.384,0.233,2.472,0.105
2.658,2.393,2.415,1.734,2.58,1.573,0.471,0.199,2.216,0.486
1.747,1.459,1.322,0.925,2.326,0.857,0.39,0.074,1.722,0.349
2.753,2.626,2.474,1.982,2.386,1.177,0.308,0.186,2.515,0.488
3.239,3.224,2.917,2.475,2.794,2.139,0.438,0.157,2.841,0.431
3.453,3.248,3.075,2.763,2.776,2.724,0.983,0.84,2.769,0.789
2.902,2.455,2.426,2.08,2.627,1.815,0.889,0.521,2.359,0.247
3.465,3.566,3.272,2.8,2.709,1.901,1.339,0.029,2.669,0.978
3.444,3.304,3.081,2.602,2.726,2.05,0.681,0.255,2.767,0.912
2.025,1.982,1.693,1.439,2.32,0.821,0.227,0.042,1.924,0.027
2.876,2.463,2.228,1.971,2.19,1.124,0.877,0.602,1.926,0.133
2.036,1.689,1.314,0.754,2.309,0.99,0.249,0.461,2.021,0.0
3.231,3.487,3.124,2.795,2.927,2.069,0.433,0.0,2.802,0.8
3.603,3.306,3.005,2.719,2.767,2.087,0.822,0.264,2.903,1.141
3.354,2.929,2.814,2.203,2.498,1.504,1.727,1.6,2.894,0.437
1.118,0.998,0.922,0.901,1.88,0.297,0.534,0.572,1.478,0.284
3.28,2.893,2.482,2.121,2.677,1.709,0.813,0.34,2.832,0.185
3.618,3.394,3.134,2.598,2.716,2.48,1.987,1.548,3.075,0.461
2.041,1.936,1.292,1.191,2.15,0.67,0.0,0.091,1.652,0.184
3.185,3.243,2.852,2.192,2.825,1.86,1.915,1.439,3.232,0.585
2.961,2.53,2.296,1.793,2.515,0.936,0.542,0.376,2.344,0.208
3.339,3.25,2.983,2.801,2.892,2.347,1.663,1.289,3.227,1.136
2.718,2.593,2.225,1.95,2.389,1.506,0.134,0.0,2.12,0.3
2.344,2.395,1.866,1.487,2.275,1.16,0.761,0.187,2.034,0.0
2.012,1.806,1.763,1.419,2.446,0.395,0.411,0.167,1.903,0.178
2.991,2.859,2.731,2.576,2.84,1.686,1.223,0.536,2.655,1.056
2.238,2.105,1.859,1.771,2.542,1.237,0.241,0.13,2.231,0.122
2.033,1.849,1.45,1.145,1.949,0.74,0.272,0.169,1.691,0.231
4.0,3.828,3.824,3.182,3.327,2.87,1.232,1.079,3.277,1.036
2.849,2.783,2.359,1.837,2.366,1.554,0.927,0.676,2.378,0.258
2.362,2.28,1.778,1.316,2.265,1.082,0.374,0.165,2.291,0.14
3.1,2.209,2.032,1.831,2.772,1.643,0.643,0.53,2.217,0.438
2.509,2.368,1.968,1.489,2.406,1.013,0.072,0.0,2.097,0.077
3.019,2.676,2.043,1.814,2.679,1.602,0.576,0.588,2.69,0.152
2.161,1.568,1.032,0.735,2.155,0.277,0.306,0.298,1.631,0.0
1.688,1.263,0.312,0.458,1.677,0.67,0.139,0.234,1.549,0.087
3.814,3.437,3.095,2.808,2.875,2.031,1.203,0.801,2.749,0.991
3.651,3.655,3.286,2.675,2.791,1.882,2.359,2.06,3.266,0.963
3.492,2.873,2.852,2.38,2.67,2.085,0.473,0.361,2.734,0.62
0.462,0.566,0.494,0.457,1.981,0.363,0.219,0.255,1.469,0.205
1.743,1.577,1.56,1.331,1.934,0.906,0.206,0.194,2.047,0.257
1.197,0.909,0.417,0.373,1.773,0.287,0.0,0.0,1.349,0.0
1.457,1.507,1.094,0.758,1.691,0.631,0.566,0.323,1.592,0.0
3.062,2.805,2.271,2.017,2.502,1.23,0.759,0.523,2.543,0.046
0.855,0.988,0.69,0.63,1.927,0.931,0.054,0.043,1.407,0.175
1.706,1.546,1.329,0.932,1.979,0.726,0.635,0.33,1.813,0.152
1.589,1.316,0.916,0.677,2.022,0.629,0.624,0.527,1.736,0.221
2.928,2.807,2.551,2.14,2.5,1.57,1.215,0.436,2.74,0.513
1.67,1.199,0.99,0.802,2.02,0.462,0.035,0.025,1.541,0.016
2.988,2.728,2.421,1.757,2.503,1.405,0.574,0.303,2.82,0.164
2.319,2.292,2.023,1.793,2.127,1.24,0.253,0.392,1.734,0.148
2.472,2.307,2.127,1.632,2.499,1.49,0.42,0.121,2.49,0.089
3.278,2.908,2.33,2.129,2.293,1.723,1.412,1.03,2.655,0.44
2.878,2.979,2.994,2.212,2.609,1.736,1.011,0.599,2.753,0.442
3.18,3.295,2.917,2.7,2.769,2.273,0.459,0.382,2.957,0.905
2.647,2.56,1.887,1.522,2.157,1.06,0.203,0.0,1.982,0.0
2.769,2.687,2.142,1.903,2.552,1.071,0.777,0.287,2.308,0.402
2.034,2.105,1.718,1.798,2.305,0.755,0.729,0.462,2.037,0.419
0.97,1.12,1.108,1.036,1.905,0.476,0.585,0.436,1.581,0.146
3.205,3.251,2.774,2.441,2.717,2.004,0.321,0.127,2.848,0.642
2.405,2.091,1.948,1.423,2.088,0.899,0.264,0.223,2.219,0.074
2.57,2.181,2.143,1.797,2.535,1.26,0.834,0.689,2.421,0.649
2.567,2.298,2.121,2.026,2.51,1.462,0.362,0.214,2.088,0.23
3.774,3.838,3.446,3.032,2.529,2.105,1.018,0.445,2.993,0.972
1.28,1.615,1.372,1.452,2.271,1.377,0.554,0.53,2.255,0.262
3.024,2.888,2.679,1.802,2.769,1.18,1.384,1.28,2.542,0.005
2.695,2.282,2.137,1.834,2.444,1.368,1.022,0.459,2.616,0.0
2.569,2.462,2.363,2.161,2.503,1.936,1.017,0.744,2.335,0.384
3.008,3.154,2.622,2.434,3.176,1.963,0.759,0.544,2.637,0.383
2.983,2.7,2.216,2.206,2.716,1.564,1.311,1.103,2.812,0.575
3.751,3.721,3.386,3.052,3.168,2.468,0.968,0.629,3.418,0.86
2.588,2.23,2.053,1.712,2.565,1.377,0.637,0.225,1.924,0.376
3.43,3.053,2.975,2.53,2.634,2.452,1.815,1.319,3.02,0.588
2.761,2.619,2.472,2.32,2.449,1.507,0.959,0.518,2.735,0.471
2.655,2.542,2.292,1.998,2.418,1.26,0.464,0.209,2.126,0.156
0.0,0.0,0.0,0.0,1.864,0.0,0.0,0.0,1.334,0.0
2.516,2.197,2.349,1.937,2.274,1.458,0.943,0.775,2.168,0.382
2.482,2.439,1.77,1.393,2.183,0.971,0.31,0.204,2.099,0.054
0.0,0.251,0.159,0.218,1.368,0.035,0.171,0.213,1.102,0.0
3.361,3.644,3.135,2.412,2.738,1.869,0.882,0.715,2.891,0.599
2.226,2.197,1.936,1.584,2.506,1.043,0.236,0.161,2.41,0.321
2.384,1.891,1.368,1.179,2.176,0.924,0.293,0.01,1.88,0.071
2.061,1.896,1.626,1.095,2.195,1.023,0.28,0.215,2.206,0.08
3.113,2.847,2.276,2.073,2.426,1.623,1.096,0.584,2.413,0.397
2.163,2.535,1.687,1.421,2.222,1.209,0.181,0.124,2.055,0.562
0.606,0.818,0.564,0.525,2.006,0.335,0.0,0.0,1.427,0.022
3.353,3.03,3.057,1.885,2.609,1.82,0.6,0.325,3.174,0.173
2.006,1.895,1.183,1.085,2.077,0.753,0.546,0.374,1.889,0.089
1.441,0.886,0.501,0.315,1.893,0.0,0.032,0.0,1.328,0.0
2.631,2.362,2.293,1.829,2.529,1.211,0.296,0.039,2.101,0.039
1.491,1.469,1.363,0.975,2.244,0.737,0.164,0.131,1.782,0.258
2.978,3.024,2.615,2.416,2.701,1.518,0.728,0.616,2.572,0.162
1.267,0.867,0.739,0.735,2.268,0.692,0.043,0.025,1.545,0.0
3.131,2.702,2.451,2.297,2.605,1.4,0.995,0.674,2.417,0.349
2.203,2.323,1.908,1.589,2.143,1.001,0.369,0.087,2.009,0.289
3.299,2.944,2.722,2.303,2.625,1.661,0.621,0.236,2.66,0.583
2.669,2.579,2.098,1.717,2.444,0.964,0.62,0.301,2.374,0.269
3.093,2.559,2.343,1.659,2.134,1.234,0.922,0.687,2.424,0.46
4.0,4.0,3.69,3.244,2.619,2.058,0.787,0.799,3.265,0.511
3.038,3.13,2.954,2.801,2.585,2.083,0.428,0.052,2.705,0.692
3.21,2.82,2.731,2.38,2.694,1.45,1.074,0.801,2.546,0.306
3.127,2.823,2.255,2.031,2.435,1.582,1.181,0.672,2.535,0.371
2.423,1.852,1.424,1.35,2.322,0.983,0.089,0.0,1.789,0.135
2.977,3.134,2.704,2.353,2.878,1.72,1.005,0.823,2.694,0.512
1.524,1.31,0.74,0.685,2.233,0.967,0.0,0.0,1.572,0.0
3.212,2.864,2.558,2.42,2.424,2.242,1.163,1.038,2.509,0.809
2.764,2.485,2.047,2.063,2.492,1.106,0.627,0.511,2.111,0.254
2.206,1.927,1.438,1.371,2.495,1.367,0.336,0.152,2.129,0.261
1.928,1.593,1.384,0.902,1.824,0.42,0.143,0.09,1.832,0.067
2.964,2.628,2.328,1.911,2.427,1.612,0.826,0.351,2.018,0.262
2.496,2.609,2.36,1.938,2.343,1.695,0.873,0.708,2.454,0.206
2.849,2.551,2.513,1.984,2.32,1.883,0.632,0.344,2.283,0.322
1.177,0.982,0.818,0.606,1.775,0.5,0.266,0.087,1.607,0.0
1.94,1.613,1.394,1.176,2.13,0.961,0.138,0.114,2.12,0.0
3.067,2.979,2.991,2.758,2.924,2.414,1.14,0.819,2.76,0.428
3.258,3.177,3.109,2.595,2.851,1.706,0.6,0.472,2.897,0.393
2.828,2.441,2.09,1.608,2.196,0.919,0.795,0.519,2.624,0.482
3.949,4.0,3.953,3.392,3.146,2.398,0.546,0.0,3.141,1.562
2.611,2.518,1.895,1.709,2.559,1.122,0.233,0.029,2.18,0.172
1.241,1.271,1.014,0.99,2.227,0.632,0.536,0.288,1.774,0.379
2.502,2.157,1.913,1.52,2.246,1.14,0.373,0.071,1.949,0.461
2.747,2.931,2.356,2.206,2.736,1.695,0.362,0.141,2.198,1.269
2.49,2.246,1.937,1.565,2.48,1.016,0.69,0.29,2.364,0.046
2.383,2.233,1.929,1.36,2.178,1.187,0.244,0.197,2.198,0.106
2.516,2.42,2.31,1.789,2.121,1.392,0.651,0.139,2.468,0.027
2.037,1.876,1.244,1.086,2.248,1.006,0.503,0.004,1.867,0.035
1.899,1.788,1.465,1.47,2.034,1.119,0.104,0.0,1.57,0.188
2.755,2.442,2.085,1.797,2.509,1.932,1.607,1.032,2.232,0.622
3.426,3.141,2.802,2.542,2.803,2.014,1.866,1.503,3.033,0.636
2.472,1.927,1.419,1.343,1.767,0.93,0.258,0.307,1.708,0.0
2.575,2.539,2.348,1.48,2.434,1.0,0.175,0.007,2.425,0.034
1.958,1.873,1.829,1.309,2.084,0.716,0.0,0.123,2.016,0.074
2.46,2.383,2.366,1.695,2.505,1.053,0.101,0.0,2.234,0.218
2.2,2.071,1.911,1.144,2.184,1.203,0.611,0.545,2.198,0.0
3.061,3.166,3.171,3.091,2.945,1.878,0.538,0.343,2.955,0.799
2.245,2.159,1.486,1.184,2.354,0.88,0.376,0.075,1.984,0.288
2.256,2.62,2.33,2.096,2.319,1.356,1.156,0.0,2.463,0.0
2.711,2.415,2.131,1.923,2.533,1.664,1.183,0.728,2.155,0.302
1.537,1.276,0.822,0.993,2.161,0.561,0.448,0.301,1.776,0.0
3.075,3.097,2.712,2.206,2.651,1.842,0.617,0.662,2.889,0.541
2.964,2.939,2.561,2.093,2.868,1.823,1.145,0.599,2.679,0.55
2.424,2.104,1.335,1.177,2.283,1.139,0.59,0.194,2.042,0.148
2.568,2.183,1.667,1.294,2.287,1.266,0.942,0.437,1.911,0.088
2.937,2.313,1.958,1.658,2.27,1.042,0.52,0.675,1.85,0.336
2.306,2.469,2.028,1.535,2.145,1.23,0.334,0.518,2.122,0.061
2.185,1.868,1.307,0.895,2.138,0.642,0.416,0.0,1.867,0.049
3.228,3.1,2.878,2.348,2.843,1.898,1.237,1.187,3.142,0.728
2.854,2.246,1.987,1.705,2.51,1.449,0.182,0.171,2.529,0.383
3.678,3.853,3.559,3.203,2.969,2.455,1.047,0.565,3.071,0.425
3.945,3.894,3.542,2.839,3.431,2.221,3.594,3.551,3.808,0.632
2.488,2.563,2.375,2.156,2.782,1.567,1.062,0.697,2.58,0.249
2.177,1.725,1.259,0.96,1.996,1.108,0.564,0.547,1.93,0.188
0.689,0.761,0.596,0.329,1.926,0.231,0.977,0.572,1.609,0.053
1.871,1.93,1.381,1.253,2.089,0.957,0.542,0.38,1.94,0.018
3.384,2.887,2.907,2.421,2.394,1.794,1.713,0.805,3.012,0.653
2.122,1.553,1.609,1.521,2.172,0.788,0.454,0.088,1.735,0.084
3.049,2.578,2.16,2.157,2.612,1.688,1.016,0.554,2.361,0.536
1.475,1.512,1.487,1.362,1.8,0.682,0.276,0.077,1.811,0.06
3.489,3.435,3.086,3.125,3.127,2.342,0.819,0.209,2.837,1.631
3.648,3.186,2.831,2.544,2.978,2.23,1.445,1.127,2.96,0.752
0.903,0.709,0.607,0.558,1.581,0.546,0.679,0.444,1.012,0.379
1.212,0.626,0.25,0.617,1.74,0.469,0.0,0.026,0.802,0.0
1.93,1.453,1.353,1.246,2.161,0.971,0.871,0.673,2.009,0.0
3.042,2.961,2.453,2.163,2.424,1.454,0.646,0.242,2.451,0.434
3.33,2.968,2.649,2.105,2.498,1.854,1.002,0.354,2.306,0.469
1.918,1.219,1.084,0.9,1.732,0.661,0.145,0.0,1.395,0.084
3.142,2.862,2.513,2.255,2.75,1.475,0.665,0.557,2.709,0.356
2.844,2.709,2.619,2.113,2.7,1.508,1.479,1.384,2.831,0.445
2.107,1.938,1.511,1.342,2.024,1.178,0.33,0.192,2.03,0.0
2.497,2.515,2.315,1.862,2.438,1.225,0.75,0.319,2.221,0.245
2.747,2.185,1.889,1.363,2.251,1.154,1.407,1.189,1.938,0.473
2.128,1.955,1.845,1.342,2.059,0.956,0.421,0.214,1.74,0.114
3.147,3.277,2.97,2.422,2.81,1.886,0.953,0.585,2.778,0.323
3.095,3.21,2.823,2.358,2.684,1.688,0.64,0.351,2.499,0.624
1.27,1.264,0.471,0.449,1.853,0.23,0.056,0.038,1.728,0.0
1.927,1.874,1.561,1.413,2.099,0.96,0.136,0.0,1.913,0.108
2.159,2.242,2.077,1.421,1.968,1.097,0.542,0.253,2.136,0.0
4.0,4.0,3.849,3.608,3.835,3.332,1.134,0.707,3.689,0.877
3.305,3.4,3.057,2.501,2.848,2.177,0.86,0.43,2.704,0.648
3.123,2.814,2.472,1.9,2.563,1.834,0.834,0.557,2.756,0.0
3.7,3.831,3.43,3.026,3.399,2.77,2.679,1.995,3.535,0.771
1.789,1.845,1.883,1.954,2.48,1.459,0.843,0.233,2.238,0.231
3.184,3.348,3.071,2.677,2.834,2.219,1.487,1.264,3.074,0.427
2.217,2.002,1.946,1.632,2.263,1.253,0.701,0.54,1.833,0.227
2.785,2.415,1.78,1.52,2.753,1.695,0.658,0.42,2.498,0.3
3.278,2.71,2.435,2.497,2.76,1.964,0.692,0.434,2.567,0.374
3.122,3.315,2.891,3.054,2.811,2.149,0.623,0.199,2.85,0.558
2.576,1.907,1.511,1.267,2.275,1.006,0.628,0.203,2.03,0.0
1.159,1.096,0.816,0.521,2.044,0.472,0.443,0.23,1.994,0.308
1.359,1.085,0.622,0.364,2.1,0.523,0.039,0.055,1.563,0.0
1.963,1.751,1.341,1.077,2.203,0.795,0.259,0.226,2.041,0.0
3.427,3.147,2.698,2.359,2.738,1.706,1.285,0.962,3.149,0.522
2.494,2.477,2.351,1.823,2.588,1.62,0.749,0.298,2.53,0.262
2.852,2.586,2.446,2.1,2.482,1.315,0.465,0.15,2.602,0.471
2.486,2.547,1.941,1.707,1.835,1.151,0.338,0.449,1.916,0.247
2.725,2.389,1.845,1.601,2.332,1.328,0.862,0.391,2.565,0.165
1.835,1.935,1.745,1.414,2.216,0.81,0.163,0.042,1.863,0.197
3.049,2.897,2.66,2.092,2.789,1.764,1.386,0.887,2.878,0.447
2.648,2.483,2.407,1.966,2.538,1.38,0.552,0.454,2.126,0.108
3.519,3.643,3.062,2.526,2.958,1.692,0.786,0.52,3.302,0.376
2.174,1.919,1.831,1.442,2.368,1.388,1.05,0.442,1.933,0.346
1.925,1.654,1.261,1.111,2.031,0.735,0.103,0.097,1.799,0.361
1.08,1.012,0.184,0.221,1.844,0.238,0.134,0.013,1.555,0.045
2.942,2.529,2.164,1.638,2.457,1.604,1.887,1.443,2.254,0.625
2.91,2.421,2.278,1.742,2.553,1.571,0.772,0.452,2.437,0.197
2.756,2.317,2.044,1.523,2.255,1.269,0.506,0.373,1.596,0.202
1.187,1.494,0.875,0.812,2.12,0.696,0.129,0.151,1.648,0.0
3.588,3.24,2.939,2.728,3.003,1.876,1.855,1.309,2.968,0.766
2.446,1.985,1.425,1.541,2.216,1.02,0.455,0.347,1.935,0.0
1.829,1.948,1.544,1.396,2.146,0.802,0.407,0.171,2.012,0.0
1.665,1.236,1.039,1.162,2.147,0.88,0.674,0.101,1.308,0.157
2.221,1.874,1.922,1.912,2.679,1.123,0.232,0.005,2.357,0.127
3.903,3.299,3.12,2.622,2.701,2.036,0.243,0.539,2.804,0.659
2.501,2.428,2.204,1.927,2.474,1.353,0.044,0.054,2.558,0.0
3.326,3.207,2.896,2.647,2.694,2.329,1.638,1.596,2.819,1.109
3.069,2.948,2.872,2.223,2.312,1.189,0.663,0.274,2.755,0.382
2.722,2.656,2.016,1.589,2.196,1.199,0.609,0.274,2.247,0.165
3.252,2.748,2.652,2.139,2.586,1.721,1.041,0.738,2.358,0.468
2.606,2.25,2.021,1.602,2.394,1.248,0.073,0.0,2.035,0.04
3.729,3.293,2.826,2.543,2.685,2.158,2.212,1.943,3.084,0.912
2.259,1.677,1.814,1.564,2.114,1.245,0.284,0.108,1.87,0.034
3.184,2.84,2.54,2.219,2.753,2.061,1.279,0.859,2.618,0.378
2.33,2.1,1.988,1.545,2.048,0.983,0.349,0.042,2.183,0.247
3.085,2.239,1.826,1.569,2.034,1.122,0.587,0.502,2.078,0.463
2.362,1.938,1.634,1.145,2.001,1.21,0.487,0.187,1.704,0.13
2.168,2.1,1.941,1.605,2.049,1.426,0.33,0.152,1.952,0.263
3.11,3.007,2.536,2.399,2.797,1.678,0.586,0.49,2.441,0.652
3.477,3.144,3.012,2.439,2.565,1.565,0.901,0.344,2.752,0.721
3.357,3.128,3.0,2.342,2.866,2.054,2.23,1.25,2.968,1.066
2.138,1.449,1.014,0.963,1.719,0.806,0.018,0.0,1.435,0.343
2.424,2.557,2.007,1.982,2.211,1.573,0.725,0.701,2.235,0.037
2.555,2.397,2.106,1.971,2.458,1.691,1.314,0.795,2.569,0.447
2.642,2.489,2.451,2.39,2.604,1.871,0.585,0.314,2.466,0.454
2.516,2.209,1.793,1.202,2.21,1.293,0.336,0.132,1.838,0.0
2.63,2.361,2.064,1.615,2.252,1.304,0.387,0.165,1.95,0.459
2.697,2.596,2.37,1.978,2.675,1.891,0.916,0.854,2.654,0.396
3.165,2.701,2.32,1.81,2.438,1.309,0.61,0.23,2.432,0.356
2.396,1.965,1.479,1.038,1.77,0.607,0.334,0.033,2.024,0.0
3.39,3.686,3.572,3.424,3.445,2.364,0.703,0.259,3.229,1.508
1.859,1.338,1.047,0.83,2.058,0.7,0.08,0.0,1.717,0.0
3.071,3.036,3.041,2.758,2.708,1.821,0.538,0.284,2.848,0.735
1.302,0.993,0.479,0.512,1.958,0.374,0.0,0.0,1.641,0.0
2.727,2.557,2.518,2.226,2.83,1.537,0.864,0.443,2.945,0.135
2.274,2.18,1.976,1.666,2.311,1.316,0.455,0.296,2.45,0.272
3.442,2.771,2.964,2.766,2.817,2.246,1.502,1.359,2.334,0.565
2.145,2.236,1.568,1.414,2.039,0.839,0.048,0.01,2.217,0.0
2.391,2.466,1.856,1.763,2.466,0.984,0.356,0.287,2.421,0.027
1.378,1.019,0.781,0.694,2.168,0.62,0.153,0.191,1.661,0.018
2.539,2.181,1.679,1.871,2.24,0.98,0.154,0.0,2.046,0.22
2.339,2.458,1.893,1.56,1.978,0.785,0.033,0.186,2.181,0.088
2.576,2.497,2.259,1.65,2.21,1.406,0.351,0.0,2.577,0.312
3.172,3.327,2.994,3.003,2.823,2.274,1.737,1.056,2.946,0.694
1.357,1.51,1.173,0.839,1.702,0.822,0.0,0.0,1.802,0.128
2.748,2.879,2.747,2.333,2.692,2.119,0.904,0.645,2.619,0.383
2.757,2.531,2.139,2.175,2.185,2.268,2.371,2.329,2.376,0.713
3.654,3.34,2.996,3.026,3.149,2.605,0.983,0.798,2.753,0.843
1.606,1.792,1.242,0.844,2.332,1.015,0.573,0.233,1.516,0.08
2.881,2.548,2.287,2.119,2.366,1.691,0.17,0.151,2.269,0.459
0.505,0.152,0.124,0.266,1.577,0.335,0.484,0.712,1.173,0.0
2.821,3.376,2.864,2.372,2.465,2.113,1.016,0.527,2.541,0.665
1.61,1.452,1.001,0.874,2.009,0.676,0.344,0.201,1.997,0.008
1.864,1.75,1.683,1.085,2.155,1.114,0.261,0.0,2.119,0.401
3.078,2.921,3.21,2.848,2.735,2.397,1.525,1.314,2.846,1.061
0.702,0.44,0.424,0.359,1.61,0.03,0.0,0.0,1.005,0.072
1.979,1.975,1.74,1.381,2.329,0.996,0.0,0.0,1.84,0.246
2.391,1.869,1.656,1.399,2.251,1.242,0.409,0.164,2.026,0.302
1.807,1.613,1.509,1.178,2.22,0.915,0.25,0.299,1.809,0.0
0.558,0.809,0.663,0.461,1.84,0.552,0.0,0.0,1.244,0.179
2.963,2.764,2.337,1.819,2.485,0.897,0.109,0.057,2.338,0.118
3.608,3.007,2.987,2.523,2.81,1.967,1.586,1.165,2.797,0.711
1.475,1.277,1.237,0.805,2.207,0.919,0.77,0.506,1.722,0.312
2.319,2.135,1.772,1.69,2.374,1.431,1.021,0.859,1.935,0.482
1.941,1.677,1.215,1.222,2.249,0.743,0.238,0.0,1.716,0.036
2.076,1.489,1.28,1.075,2.165,0.501,0.771,0.637,1.839,0.0
3.292,3.321,2.992,2.6,2.84,2.291,2.01,1.263,2.918,0.687
3.474,2.67,2.353,1.883,2.761,1.209,0.782,0.543,2.587,0.496
3.029,2.534,2.042,1.732,2.464,1.489,1.048,0.434,2.67,0.488
1.223,1.012,0.831,0.873,1.661,0.54,0.112,0.012,1.487,0.136
2.667,2.062,1.491,1.341,2.059,0.742,0.055,0.0,1.639,0.0
3.908,4.0,3.709,3.578,3.563,2.512,0.277,0.0,3.048,2.021
2.955,2.326,2.117,1.53,2.371,1.6,0.424,0.508,2.245,0.455
2.652,2.483,1.983,1.739,2.371,1.382,0.602,0.32,2.026,0.303
2.712,2.894,2.325,2.074,2.605,1.415,1.501,0.528,2.505,0.172
2.446,2.193,1.75,1.466,2.383,1.445,0.642,0.637,2.735,0.325
2.827,2.666,2.248,1.866,2.631,1.255,0.74,0.317,2.3,0.134
3.012,2.691,2.374,2.079,2.635,1.22,0.678,0.528,2.642,0.271
2.655,2.404,2.006,1.5,2.114,0.875,0.0,0.0,2.088,0.481
2.349,1.968,1.264,1.03,2.022,1.343,0.927,0.814,2.122,0.219
2.502,2.511,2.4,2.246,2.873,1.717,1.077,0.856,2.292,0.465
2.657,2.838,2.742,2.412,2.762,1.753,0.341,0.114,2.644,0.323
2.485,2.293,1.569,1.316,2.178,1.227,0.943,0.218,2.159,0.047
3.696,3.695,3.616,3.151,2.601,2.61,1.053,0.643,2.953,0.498
2.74,2.11,2.073,1.658,2.375,1.34,0.189,0.053,1.932,0.502
2.611,2.145,1.962,1.333,2.035,0.652,0.0,0.0,2.333,0.0
3.46,3.323,3.111,2.547,2.8,1.633,0.763,0.481,2.951,0.648
2.895,3.226,2.869,2.321,2.558,1.525,0.194,0.0,2.95,0.09
1.199,0.836,0.361,0.328,1.727,0.069,0.0,0.0,1.495,0.0
3.483,2.755,2.837,2.516,2.844,2.277,0.905,0.886,2.714,0.711
1.255,0.654,0.022,0.244,1.726,0.168,0.232,0.23,1.141,0.017
1.885,1.756,1.253,1.249,2.032,1.449,0.397,0.346,1.724,0.155
1.894,1.642,1.581,1.422,2.193,1.096,0.715,0.474,1.772,0.037
3.378,3.036,2.948,2.085,2.791,1.541,1.533,1.335,2.781,0.378
1.796,1.482,1.103,1.245,2.238,1.174,0.043,0.0,1.672,0.068
3.128,2.873,2.478,2.095,2.747,1.789,0.518,0.087,2.566,0.321
3.335,3.27,3.009,3.242,2.817,2.663,1.75,1.456,2.666,0.89
3.087,3.306,2.986,2.392,2.589,1.751,1.211,0.76,2.926,0.529
1.864,1.373,0.98,1.001,2.023,0.582,0.13,0.07,1.528,0.234
3.096,2.88,2.792,2.646,3.139,2.279,1.366,1.377,3.22,0.685
2.519,2.265,2.178,2.145,2.529,1.275,0.848,0.415,2.322,0.388
3.178,2.848,2.629,2.725,2.648,1.912,1.06,0.828,2.659,0.353
1.705,1.592,1.299,1.131,2.106,1.05,0.099,0.024,1.569,0.081
3.115,2.712,2.01,1.679,2.395,1.252,0.635,0.447,2.768,0.543
3.092,2.876,2.455,2.152,2.622,1.802,0.337,0.331,2.567,0.507
1.809,1.772,1.511,1.188,2.08,0.722,0.199,0.006,2.038,0.0
2.803,2.531,2.629,2.182,2.794,1.384,0.368,0.218,2.748,0.299
2.326,2.258,2.191,2.078,2.825,1.532,0.315,0.278,2.25,0.53
2.329,2.269,1.665,1.703,2.36,1.201,0.564,0.529,1.929,0.143
1.567,1.668,1.527,0.892,2.335,1.129,0.323,0.119,1.932,0.131
2.707,2.66,2.149,1.632,2.487,1.921,1.498,1.297,2.299,0.343
1.585,1.548,1.215,1.244,1.669,0.642,0.669,0.055,1.705,0.0
3.145,2.644,2.368,2.005,2.666,1.646,0.643,0.257,2.221,0.065
2.11,2.178,1.681,1.457,1.981,1.473,1.087,0.63,2.151,0.327
3.446,3.404,3.338,3.175,2.999,2.529,1.3,1.086,3.121,1.169
2.39,2.209,2.032,1.564,2.352,1.26,0.217,0.0,2.065,0.436
1.793,1.621,1.399,1.344,1.959,1.033,0.522,0.421,1.739,0.243
3.42,2.989,2.73,1.851,2.639,1.88,2.4,2.126,3.068,0.501
2.415,2.31,2.264,1.912,2.626,1.295,0.202,0.172,2.545,0.456
2.19,1.878,1.542,1.315,2.474,0.928,0.501,0.362,1.98,0.24
2.802,2.319,1.723,1.45,2.089,1.444,0.849,0.428,2.034,0.311
3.76,3.407,2.835,2.414,2.848,2.281,0.58,0.08,2.507,1.421
3.42,2.948,2.345,2.093,2.355,1.754,1.193,0.833,2.435,0.412
3.128,2.84,2.759,2.541,2.946,2.344,1.937,1.524,2.602,0.909
2.149,2.462,2.196,1.964,2.882,1.732,0.504,0.354,2.448,0.377
2.493,2.389,2.101,1.761,2.218,1.372,1.242,0.544,2.011,0.4
0.899,1.022,0.696,0.58,1.947,0.259,0.365,0.102,1.473,0.0
2.409,2.385,2.568,1.981,2.482,1.712,0.581,0.316,2.157,0.275
2.172,2.145,1.768,1.36,2.56,1.499,0.404,0.24,2.305,0.479
3.72,3.449,3.351,2.619,2.735,1.88,1.559,0.953,2.818,0.482
2.386,2.172,1.782,1.531,2.491,1.564,0.867,0.516,2.194,0.346
2.303,2.115,2.208,1.619,2.23,1.221,0.322,0.183,2.315,0.422
2.524,2.233,1.879,1.829,2.154,1.281,0.405,0.279,2.088,0.179
3.893,3.582,3.313,2.946,2.917,2.512,1.045,0.368,3.122,0.512
3.213,3.114,2.957,2.264,2.679,1.317,0.249,0.072,2.694,0.379
1.528,1.427,1.152,0.919,1.954,0.781,0.0,0.0,1.508,0.0
2.107,2.083,1.855,1.369,2.29,1.1,0.86,0.514,1.929,0.146
1.902,1.647,1.046,0.977,1.772,0.885,0.343,0.53,1.651,0.173
1.954,2.07,1.848,1.47,2.371,1.133,0.486,0.502,1.828,0.319
3.08,3.137,2.97,2.336,2.384,1.491,0.39,0.449,2.99,0.306
3.042,3.296,3.477,3.057,2.99,2.34,0.772,0.443,2.865,0.829
1.175,1.435,1.178,1.18,1.893,1.236,0.347,0.298,1.61,0.044
3.626,3.578,3.536,3.05,3.212,2.123,1.206,0.483,3.213,0.613
3.423,3.539,3.476,3.303,3.565,3.236,1.646,1.204,3.258,1.04
1.804,1.871,1.418,1.414,2.178,1.233,0.696,0.681,2.078,0.243
2.738,2.466,2.033,1.739,2.428,1.202,0.411,0.221,2.255,0.252
2.792,2.76,2.261,1.943,2.175,1.188,0.519,0.255,2.285,0.4
2.753,2.049,1.688,1.572,2.129,1.186,0.423,0.026,1.951,0.0
2.626,2.696,2.184,1.71,2.431,1.305,0.054,0.061,2.378,0.0
1.975,1.931,1.746,1.626,2.125,1.002,0.251,0.352,1.886,0.0
2.163,1.509,1.123,1.112,1.983,1.111,0.864,0.601,1.687,0.154
2.317,2.393,1.841,1.567,2.288,1.081,0.0,0.0,2.369,0.12
2.734,2.363,2.243,1.649,2.486,1.469,1.221,0.625,2.444,0.369
2.328,2.709,2.058,1.383,2.204,1.235,0.547,0.113,2.444,0.422
1.758,1.776,1.349,1.227,2.167,1.008,0.88,0.478,1.937,0.166
2.759,2.043,1.688,1.221,2.264,0.738,0.23,0.123,1.951,0.099
0.262,0.612,0.412,0.0,1.668,0.214,0.016,0.016,1.109,0.0
3.377,3.132,2.982,2.277,2.543,1.883,1.316,0.75,3.065,0.585
3.669,3.758,2.944,2.9,2.627,1.804,0.622,0.256,2.801,0.853
2.314,2.18,2.196,1.98,2.117,1.262,0.412,0.006,2.275,0.264
1.457,1.292,1.032,0.88,2.195,0.706,0.432,0.357,1.69,0.0
2.631,2.747,2.406,1.863,2.324,1.283,0.213,0.007,2.702,0.029
2.237,1.951,1.658,1.289,2.122,0.926,0.788,0.534,2.184,0.262
2.299,2.21,1.898,1.455,2.54,1.2,0.789,0.496,2.19,0.222
1.63,1.344,1.159,1.211,2.061,0.772,0.71,0.0,1.756,0.157
2.189,2.097,1.862,1.704,2.374,1.447,0.995,0.599,1.815,0.08
2.701,2.763,2.293,1.702,2.638,1.905,0.792,0.516,2.437,0.254
2.633,2.226,1.925,1.61,2.378,0.844,0.299,0.0,2.018,0.301
0.713,0.32,0.599,0.527,1.748,0.0,0.269,0.392,1.262,0.0
2.819,2.83,2.686,2.101,2.574,2.168,0.847,0.576,2.564,0.351
2.817,2.73,2.973,2.229,2.532,2.355,1.292,0.547,3.041,0.728
2.508,2.225,2.105,1.915,2.325,1.257,0.705,0.666,2.088,0.46
3.407,3.225,2.736,2.515,2.744,2.034,1.385,0.685,2.884,0.86
3.437,3.366,3.254,2.76,2.724,2.274,1.301,0.57,3.076,0.726
2.122,1.526,1.305,1.305,1.886,0.802,0.0,0.054,1.625,0.152
2.457,2.333,2.258,2.113,1.89,1.19,0.082,0.0,2.049,0.0
3.744,3.522,3.116,2.779,2.934,2.517,1.379,0.588,3.188,0.597
3.378,3.243,2.82,2.375,2.319,1.406,1.798,1.217,2.707,0.478
2.776,2.543,1.799,1.669,2.332,1.281,0.375,0.0,2.664,0.576
3.047,2.366,2.482,1.98,2.634,1.662,1.187,0.913,2.383,0.536
3.307,3.536,3.241,2.495,2.889,1.753,1.074,0.824,2.969,1.072
1.351,1.152,0.926,0.838,2.211,1.012,0.646,0.338,1.828,0.223
2.849,2.407,1.972,1.71,2.614,1.418,1.484,1.367,2.555,0.216
2.548,2.403,2.235,1.917,2.473,1.374,1.345,1.362,2.152,0.178
3.207,2.906,2.81,2.188,2.62,1.957,1.509,0.791,2.47,1.06
2.67,2.778,2.273,2.054,2.647,1.689,0.816,0.859,2.751,0.544
2.797,2.873,2.473,2.06,2.267,1.729,0.642,0.437,2.401,0.406
2.277,1.839,2.013,1.571,2.457,1.481,0.238,0.138,2.132,0.1
0.358,0.665,0.235,0.226,1.589,0.382,0.042,0.102,1.287,0.0
2.403,1.835,1.567,1.052,1.769,1.109,0.907,0.443,1.82,0.0
1.897,1.859,1.558,1.308,2.207,1.221,0.693,0.657,2.243,0.001
2.027,2.012,1.609,1.354,2.361,1.065,0.236,0.137,1.862,0.0
1.664,1.797,1.345,1.358,2.032,1.034,0.258,0.222,1.767,0.141
3.255,2.39,2.393,1.669,2.386,1.187,0.527,0.279,2.459,0.335
2.217,1.932,1.13,0.983,1.906,0.242,0.431,0.0,1.98,0.0
3.297,3.44,2.885,2.74,3.189,1.952,1.442,0.646,2.784,0.532
2.61,2.193,2.034,1.777,2.332,1.384,0.335,0.368,2.21,0.515
1.641,1.606,1.23,1.177,2.216,0.993,0.591,0.21,1.874,0.136
2.942,2.328,2.168,1.857,2.579,1.539,0.548,0.266,2.189,0.306
3.626,3.666,3.246,2.64,2.874,2.308,1.377,0.704,3.073,0.744
1.927,1.283,1.001,0.652,1.685,0.279,0.0,0.0,1.511,0.038
3.07,3.042,2.875,2.293,2.561,1.672,0.539,0.513,2.886,0.122
3.021,2.586,2.22,1.814,2.577,1.525,1.166,0.456,2.35,0.723
3.417,3.169,3.171,2.717,2.828,2.183,2.432,1.926,2.998,0.636
3.865,3.624,3.058,2.837,2.742,2.208,1.829,1.469,3.035,0.481
3.82,4.0,3.978,3.465,3.319,2.413,0.697,0.075,3.357,1.36
3.082,2.606,1.982,2.015,2.302,1.378,0.359,0.095,2.599,0.077
3.0,3.249,2.742,2.371,2.953,2.217,0.641,0.371,2.997,0.42
2.612,2.194,1.573,1.375,2.096,1.137,0.706,0.849,1.906,0.567
1.168,1.678,1.128,1.121,2.072,0.639,0.181,0.0,1.76,0.006
2.192,1.955,1.591,1.47,1.738,1.195,0.0,0.0,1.669,0.0
1.307,1.602,1.584,1.235,1.802,1.275,0.503,0.294,1.625,0.079
3.114,3.017,3.049,2.524,2.311,1.912,0.8,0.437,2.846,0.801
3.608,3.179,3.182,2.611,2.455,2.144,0.855,0.435,2.722,0.487
2.568,2.404,1.574,1.639,2.468,1.356,0.479,0.42,2.107,0.07
2.537,1.973,1.618,1.461,2.275,0.87,0.719,0.867,2.026,0.094
