sense,honor,curse,despise,situation,antihuman,roughness,slaughter,strike_support,depression_rate
3.021,3.067,2.621,2.398,2.667,1.956,0.717,0.477,2.586,0.705
2.569,2.469,2.12,1.761,2.465,1.325,1.104,0.949,2.405,0.363
1.717,1.713,1.39,1.335,2.053,0.922,0.25,0.127,2.008,0.19
3.519,3.501,3.255,2.648,2.811,2.186,1.181,0.809,3.047,0.659
2.171,1.738,1.346,1.246,2.238,0.956,0.665,0.404,1.795,0.031
3.554,3.451,3.145,2.757,3.162,2.503,2.165,1.569,3.194,0.628
1.911,1.838,1.423,1.319,2.105,0.99,0.491,0.161,1.896,0.097
1.491,1.052,0.869,0.701,2.019,0.657,0.362,0.159,1.52,0.01
2.934,2.773,2.355,2.123,2.775,1.723,1.331,0.763,2.618,0.333
2.79,2.434,2.18,1.911,2.453,1.321,0.574,0.522,2.339,0.252
2.586,2.512,2.226,1.677,2.381,1.136,0.251,0.22,2.313,0.174
1.192,1.145,0.726,0.655,1.911,0.557,0.243,0.0,1.495,0.085
3.05,2.996,2.6,2.329,3.036,1.907,0.93,0.448,2.746,0.331
3.154,2.931,2.63,2.351,2.719,1.721,0.331,0.296,2.712,0.402
0.221,0.329,0.226,0.351,1.661,0.244,0.167,0.076,1.254,0.0
2.928,2.954,2.401,1.98,2.384,1.586,0.481,0.25,2.539,0.356
3.396,2.96,2.649,2.319,2.642,1.937,0.929,0.447,2.498,0.5
2.799,2.993,2.841,2.383,2.62,1.551,0.525,0.153,2.615,0.369
2.222,2.091,1.992,1.711,2.235,1.244,0.199,0.027,2.216,0.093
2.501,2.423,2.24,1.867,2.173,0.972,0.139,0.0,2.3,0.15
1.278,1.34,1.225,1.127,2.304,0.9,0.395,0.152,1.775,0.317
2.674,2.092,1.775,1.585,2.399,1.368,0.839,0.407,1.971,0.412
0.752,0.633,0.549,0.511,1.852,0.351,0.0,0.0,1.097,0.0
3.909,3.513,3.127,2.522,2.668,2.023,2.531,1.809,3.232,0.561
1.299,1.166,0.683,0.595,1.819,0.591,0.304,0.358,1.703,0.0
2.076,1.654,1.176,1.079,2.034,0.859,0.37,0.2,1.775,0.0
3.641,3.24,3.027,2.654,2.996,1.925,0.628,0.253,2.796,0.559
2.806,2.641,2.309,2.004,2.586,1.931,0.762,0.415,2.287,0.74
2.584,2.717,2.442,2.002,2.442,1.407,0.532,0.321,2.434,0.534
3.758,3.614,3.221,2.762,2.592,2.172,1.462,0.998,3.045,0.55
3.314,3.12,2.796,2.49,2.69,1.785,0.892,0.675,2.808,0.627
1.513,1.461,1.059,1.028,2.229,0.985,0.677,0.581,1.974,0.336
3.438,3.197,2.855,2.372,2.539,1.552,0.999,0.503,2.787,0.388
2.66,2.35,2.173,1.711,2.368,1.392,0.429,0.111,2.293,0.228
1.796,1.899,1.68,1.45,2.1,0.991,0.367,0.369,2.174,0.088
2.616,2.461,2.157,1.983,2.434,1.493,0.817,0.567,2.555,0.109
2.659,2.38,2.088,1.658,2.436,1.128,0.5,0.268,2.402,0.177
2.407,2.174,1.813,1.572,2.309,1.107,0.882,0.622,2.179,0.404
3.658,3.257,2.943,2.414,2.777,1.811,1.302,1.067,2.746,0.67
2.467,2.091,1.702,1.574,2.18,1.074,0.0,0.0,1.872,0.0
2.299,2.237,2.072,1.747,2.505,1.299,0.303,0.29,2.133,0.164
3.158,2.695,2.468,2.15,2.57,1.7,0.863,0.598,2.401,0.546
2.989,2.801,2.535,2.019,2.452,1.448,0.213,0.016,2.537,0.279
3.126,2.636,2.393,2.203,2.626,1.734,1.157,0.591,2.493,0.674
2.056,1.891,1.363,1.195,2.079,1.248,0.772,0.481,1.888,0.195
2.015,2.081,1.773,1.518,2.213,1.348,0.905,0.588,2.245,0.182
1.451,1.291,0.921,0.823,1.818,0.776,0.564,0.358,1.776,0.0
1.041,0.764,0.391,0.207,1.835,0.409,0.0,0.0,1.269,0.0
3.315,3.157,2.86,2.286,2.914,1.724,1.137,0.728,3.056,0.469
2.726,2.805,2.442,2.025,2.526,1.383,0.036,0.0,2.574,0.304
3.098,3.105,2.658,2.287,2.691,2.006,0.459,0.163,2.641,0.376
1.551,1.115,0.74,0.55,1.903,0.41,0.089,0.055,1.263,0.0
1.728,1.645,1.177,0.924,1.889,0.675,0.072,0.138,1.502,0.017
2.77,2.969,2.5,2.172,2.407,1.429,0.331,0.002,2.403,0.428
3.092,2.854,2.565,1.919,2.416,1.24,0.842,0.728,2.789,0.038
2.611,2.294,1.994,1.639,2.544,1.508,0.144,0.047,2.144,0.246
1.568,1.659,1.151,1.015,2.135,0.557,0.15,0.053,1.597,0.0
1.451,1.337,1.073,0.884,2.108,0.736,0.384,0.197,2.003,0.278
0.646,0.563,0.637,0.573,1.785,0.202,0.179,0.119,1.119,0.076
1.769,1.393,1.151,1.107,1.902,0.77,0.528,0.222,1.632,0.046
3.311,2.999,2.907,2.624,2.958,1.987,0.696,0.194,2.721,0.619
2.814,2.595,2.153,1.837,2.535,1.455,0.95,0.469,2.471,0.138
2.152,2.233,2.168,1.862,2.213,1.148,0.562,0.403,2.205,0.174
2.728,2.522,2.105,1.777,2.56,1.42,0.648,0.453,2.128,0.251
0.507,0.411,0.058,0.0,1.463,0.0,0.0,0.0,1.114,0.0
1.394,1.498,1.213,1.088,1.956,0.769,0.07,0.078,1.671,0.123
2.486,2.577,2.131,1.777,2.42,1.58,0.424,0.272,2.412,0.286
1.783,1.614,1.442,1.3,1.905,0.636,0.445,0.193,1.866,0.187
3.354,3.07,2.728,2.382,2.69,1.902,1.128,0.847,2.7,0.342
1.498,1.081,0.759,0.507,1.902,0.41,0.129,0.0,1.21,0.0
2.774,2.641,2.406,2.019,2.509,1.56,0.543,0.465,2.394,0.437
1.862,1.471,1.047,0.864,2.175,0.63,0.0,0.0,1.594,0.0
2.352,2.186,1.924,1.627,2.34,1.258,0.099,0.049,1.79,0.229
1.313,1.098,0.822,0.658,1.851,0.708,0.0,0.0,1.339,0.015
3.385,3.349,2.933,2.611,2.849,2.084,1.282,0.878,2.936,0.576
2.379,2.205,1.803,1.417,2.211,1.057,0.618,0.544,2.123,0.043
1.601,1.456,0.892,0.808,2.015,0.844,0.461,0.284,1.766,0.17
3.005,2.717,2.458,2.101,2.476,1.654,1.166,0.716,2.453,0.279
3.358,3.239,2.851,2.392,2.708,1.998,1.655,1.202,3.041,0.334
1.718,1.444,1.423,1.392,2.25,1.202,0.02,0.042,1.691,0.0
1.115,1.095,0.782,0.723,1.973,0.661,0.356,0.124,1.279,0.077
3.704,3.361,3.072,2.764,2.807,2.024,0.684,0.267,2.869,0.45
2.407,2.335,1.984,1.916,2.495,1.216,0.126,0.0,2.142,0.259
1.575,1.472,1.074,0.969,2.194,0.901,0.396,0.271,1.533,0.012
2.111,1.85,1.588,1.445,2.22,1.186,0.465,0.211,1.933,0.036
2.654,2.584,2.302,1.965,2.456,1.832,0.872,0.549,2.388,0.52
3.132,2.854,2.501,2.162,2.595,1.657,0.88,0.671,2.547,0.654
1.084,0.597,0.394,0.259,1.575,0.11,0.0,0.0,1.053,0.0
3.469,3.297,3.031,2.633,2.875,2.022,0.735,0.423,2.761,0.634
3.127,3.064,2.845,2.449,2.748,1.728,1.001,0.69,2.752,0.612
1.075,1.055,0.663,0.575,1.715,0.519,0.036,0.0,1.549,0.0
3.476,3.25,2.811,2.487,2.807,2.048,1.167,0.474,2.953,0.35
2.737,2.842,2.652,2.134,2.571,1.529,0.556,0.42,2.692,0.401
3.078,2.794,2.457,2.186,2.505,1.85,0.883,0.676,2.339,0.428
3.159,2.972,2.807,2.641,2.74,2.236,1.467,0.876,2.615,0.588
3.118,3.264,2.973,2.835,2.929,2.606,0.214,0.006,2.855,0.71
2.84,2.42,2.005,1.884,2.54,1.518,0.5,0.203,2.365,0.417
3.542,3.511,3.367,2.839,3.058,1.85,0.278,0.022,2.975,0.344
2.474,2.243,2.057,1.692,2.274,1.244,0.368,0.339,1.96,0.293
2.446,2.335,2.166,1.948,2.405,1.571,1.071,0.595,2.296,0.433
3.564,3.313,3.131,2.817,2.806,2.344,0.979,0.684,2.679,0.81
2.687,2.579,2.243,1.933,2.396,1.326,0.408,0.195,2.316,0.11
2.827,2.646,2.303,2.12,2.43,1.523,0.492,0.329,2.21,0.364
2.411,2.424,1.988,1.738,2.286,1.274,0.135,0.0,2.14,0.383
2.467,2.321,2.022,1.715,2.385,1.215,0.559,0.36,2.265,0.144
2.984,2.852,2.417,2.066,2.501,1.515,0.523,0.232,2.363,0.272
3.264,3.015,2.668,2.21,2.582,1.752,0.805,0.679,2.576,0.326
1.971,1.918,1.532,1.173,2.088,0.847,0.319,0.22,2.028,0.0
2.054,1.836,1.183,0.912,2.04,0.778,0.0,0.0,1.826,0.0
2.141,1.8,1.57,1.311,2.227,0.881,0.209,0.105,2.168,0.062
1.069,1.06,0.855,0.603,1.985,0.569,0.0,0.0,1.602,0.169
1.892,1.788,1.53,1.062,2.037,0.833,0.327,0.0,2.062,0.0
3.244,3.257,3.077,2.534,2.828,2.098,1.19,0.725,3.061,0.646
3.23,2.885,2.643,2.25,2.476,1.545,0.997,0.637,2.598,0.228
2.564,2.219,1.737,1.37,2.195,0.97,0.234,0.088,2.085,0.0
3.067,2.795,2.422,2.107,2.615,1.611,0.541,0.215,2.521,0.284
2.651,2.595,2.292,1.861,2.408,1.175,0.203,0.08,2.33,0.226
0.749,0.493,0.456,0.3,1.877,0.389,0.0,0.0,1.229,0.0
0.99,0.628,0.498,0.52,2.114,0.416,0.11,0.036,1.55,0.0
1.175,1.216,0.782,0.687,1.835,0.543,0.331,0.288,1.514,0.094
1.017,0.849,0.504,0.375,1.871,0.315,0.465,0.323,1.192,0.107
3.188,3.235,2.921,2.64,2.469,1.988,0.853,0.521,2.859,0.686
2.48,2.391,2.192,1.74,2.347,1.215,0.196,0.189,2.482,0.087
2.228,1.946,1.516,1.383,2.016,1.229,0.616,0.368,1.948,0.057
3.24,2.987,2.861,2.569,2.849,2.038,0.885,0.429,2.872,0.534
3.46,3.363,3.053,2.667,2.866,2.227,1.217,0.651,3.148,0.38
2.348,2.353,2.042,1.928,2.447,1.508,0.802,0.602,2.436,0.613
1.076,0.939,0.668,0.598,1.855,0.362,0.002,0.06,1.348,0.044
3.083,2.51,2.161,1.865,2.381,1.308,0.361,0.141,2.122,0.008
3.53,3.36,3.214,3.043,3.153,2.606,1.223,0.635,2.991,1.165
3.366,3.074,2.853,2.301,2.753,1.844,0.775,0.474,2.741,0.572
3.079,2.918,2.642,2.319,2.61,1.81,1.051,0.747,2.536,0.439
2.414,2.509,2.038,1.811,2.4,1.462,0.253,0.229,2.177,0.416
2.378,2.294,1.929,1.636,2.271,1.15,0.285,0.177,2.084,0.318
3.109,2.855,2.324,2.2,2.567,1.731,0.998,0.22,2.562,0.455
3.026,2.918,2.814,2.34,2.637,1.499,0.549,0.406,2.708,0.213
3.222,3.001,2.686,2.403,2.737,2.241,0.794,0.505,2.413,0.78
2.042,2.193,1.602,1.533,2.09,1.407,0.382,0.266,2.129,0.32
2.487,2.561,2.208,1.962,2.31,1.296,0.392,0.113,2.08,0.233
2.612,2.31,1.981,1.724,2.156,1.345,0.976,0.717,2.08,0.171
2.956,2.832,2.591,2.174,2.476,1.533,0.695,0.566,2.656,0.406
1.867,2.085,1.78,1.823,2.512,1.336,0.434,0.136,2.092,0.495
1.66,1.499,1.127,1.047,2.282,0.935,0.472,0.315,1.86,0.161
2.397,2.051,1.593,1.654,2.36,1.225,0.587,0.325,1.856,0.245
2.954,2.826,2.648,2.248,2.662,1.64,0.509,0.345,2.569,0.161
2.313,1.79,1.361,1.259,2.01,0.886,0.0,0.0,1.672,0.0
2.674,2.252,1.998,1.58,2.424,1.431,1.134,0.845,2.314,0.414
3.17,2.836,2.472,2.115,2.785,2.025,1.231,0.986,2.647,0.641
2.509,2.348,2.077,1.715,2.385,1.281,0.836,0.511,2.498,0.049
2.504,2.158,1.782,1.495,2.179,1.165,0.0,0.0,2.035,0.295
1.521,1.304,1.046,0.952,1.836,0.794,0.0,0.0,1.563,0.008
2.459,2.389,2.201,1.912,2.326,1.481,0.611,0.119,2.313,0.55
2.892,2.948,2.753,2.508,2.602,1.916,0.831,0.472,2.639,0.88
2.613,2.219,1.929,1.645,2.147,1.129,0.0,0.0,2.099,0.0
1.52,1.548,1.465,1.261,2.084,0.887,0.042,0.03,1.643,0.254
3.105,2.776,2.548,2.018,2.543,1.646,1.048,0.795,2.664,0.481
1.805,1.543,1.073,0.769,1.975,0.49,0.148,0.198,1.803,0.169
1.289,1.252,1.073,0.783,2.072,0.619,0.18,0.0,1.577,0.189
2.824,2.571,2.241,1.774,2.629,1.527,0.744,0.583,2.43,0.293
3.144,2.768,2.314,1.904,2.599,1.668,1.073,0.706,2.384,0.295
2.541,2.523,2.281,2.13,2.38,1.422,0.679,0.343,2.525,0.14
1.3,1.235,0.716,0.519,1.789,0.453,0.561,0.413,1.612,0.0
3.837,3.46,3.195,2.744,3.003,2.146,1.425,1.059,3.109,0.748
2.276,1.9,1.629,1.357,2.359,1.308,0.582,0.328,1.887,0.165
1.255,1.401,1.107,1.102,2.168,1.125,0.0,0.0,1.502,0.197
1.734,1.521,1.19,1.061,2.068,0.961,0.023,0.024,1.455,0.297
2.453,2.125,1.782,1.498,2.199,0.878,0.782,0.14,2.089,0.136
2.566,2.241,1.891,1.732,2.474,1.69,0.441,0.212,2.129,0.359
1.653,1.482,1.094,1.001,1.809,0.78,0.45,0.408,1.67,0.03
1.952,1.833,1.4,1.246,2.281,0.845,0.385,0.365,2.095,0.09
1.218,1.02,0.711,0.689,2.078,0.721,0.814,0.566,1.564,0.0
3.318,2.98,2.823,2.38,2.774,1.784,1.176,0.764,2.771,0.253
2.777,2.642,2.336,2.085,2.41,1.534,0.326,0.091,2.269,0.429
3.111,2.882,2.6,2.19,2.437,1.359,0.265,0.01,2.517,0.195
2.352,2.418,2.101,1.791,2.422,1.327,0.676,0.46,2.443,0.512
2.08,1.87,1.466,1.332,2.218,1.0,0.0,0.0,1.926,0.129
1.699,1.51,1.339,1.034,1.925,0.755,0.45,0.342,1.765,0.104
2.481,2.174,1.914,1.55,2.417,1.033,0.121,0.018,2.285,0.299
2.948,2.96,2.633,2.309,2.72,1.763,0.717,0.41,2.615,0.643
3.447,3.1,2.734,2.392,2.66,1.725,1.16,0.605,2.722,0.599
2.353,2.362,1.89,1.586,2.012,1.025,0.548,0.35,1.923,0.15
1.68,1.291,1.084,0.893,2.088,0.759,0.0,0.0,1.56,0.0
2.745,2.823,2.558,2.177,2.431,1.321,0.23,0.178,2.356,0.298
2.944,2.683,2.208,1.822,2.256,1.322,1.237,1.063,2.53,0.405
3.176,2.962,2.779,2.205,2.732,1.715,1.526,1.139,2.901,0.609
3.516,3.313,3.154,2.508,2.944,1.776,0.794,0.328,2.909,0.495
2.801,2.585,2.069,1.729,2.134,1.277,0.349,0.206,2.21,0.305
3.271,2.937,2.861,2.613,2.696,1.987,0.163,0.0,2.553,0.572
3.516,3.417,3.283,2.821,2.915,2.211,1.053,0.723,2.831,0.994
1.065,1.171,0.913,0.651,2.029,0.578,0.236,0.156,1.786,0.094
3.038,3.034,2.833,2.522,2.643,1.778,0.674,0.441,2.675,0.401
3.03,2.942,2.605,2.315,2.654,1.656,0.135,0.0,2.421,0.126
3.436,3.471,3.183,2.962,3.277,2.696,0.646,0.286,3.064,0.804
1.407,1.624,1.412,1.345,2.068,0.999,0.117,0.0,1.771,0.145
1.862,1.655,1.274,1.092,2.138,1.07,0.194,0.016,1.699,0.083
2.017,2.016,1.775,1.632,2.361,1.096,0.115,0.0,2.503,0.481
3.547,3.38,2.984,2.593,2.651,1.888,0.755,0.347,2.986,0.225
2.252,2.224,2.033,1.696,2.33,1.292,0.751,0.445,2.346,0.235
2.565,2.451,2.187,1.827,2.43,1.486,1.061,0.807,2.399,0.313
3.355,3.113,2.759,2.377,2.731,1.711,0.656,0.146,2.752,0.266
1.465,1.6,1.228,1.095,1.885,0.947,0.236,0.147,1.593,0.133
2.932,2.722,2.256,1.925,2.395,1.298,0.119,0.097,2.163,0.23
2.429,2.367,2.15,2.061,2.395,1.592,0.42,0.167,2.052,0.457
2.653,2.431,2.189,1.889,2.348,1.506,0.636,0.311,2.049,0.3
2.637,2.555,2.453,2.196,2.723,1.927,1.243,0.99,2.617,0.581
1.814,1.732,1.488,1.58,2.254,1.512,0.342,0.079,2.05,0.305
2.018,1.92,1.649,1.385,2.051,0.967,0.632,0.41,2.089,0.144
2.36,2.131,1.793,1.559,2.5,1.31,0.987,0.551,2.001,0.433
3.093,2.932,2.637,2.369,2.731,1.856,0.38,0.163,2.617,0.341
2.938,2.702,2.325,2.129,2.585,1.672,0.6,0.495,2.607,0.378
3.657,3.178,2.909,2.557,2.974,2.13,0.831,0.553,2.72,0.801
1.32,1.226,0.905,0.861,1.934,0.527,0.467,0.344,1.57,0.23
3.633,3.395,3.099,2.547,2.751,2.024,1.691,1.352,3.013,0.759
2.823,2.582,2.164,1.976,2.308,1.36,0.054,0.0,2.28,0.157
3.296,3.21,2.895,2.56,2.723,2.024,0.623,0.209,3.033,0.663
2.826,2.516,2.334,1.984,2.391,1.591,1.027,0.807,2.375,0.535
2.963,3.042,2.769,2.5,2.792,2.227,0.368,0.0,2.456,0.731
3.222,3.13,2.887,2.472,2.942,2.147,2.035,1.65,2.93,0.591
1.765,1.54,1.166,0.884,1.943,0.568,0.522,0.212,1.871,0.0
2.907,2.873,2.56,2.197,2.461,1.662,0.853,0.384,2.661,0.352
1.465,1.6,1.228,1.095,1.885,0.947,0.236,0.147,1.593,0.133
2.138,2.013,1.726,1.448,2.159,1.074,0.539,0.247,1.831,0.21
1.68,1.775,1.296,1.034,2.141,0.879,0.474,0.317,1.973,0.184
3.534,3.239,3.044,2.619,2.705,1.758,0.609,0.293,2.786,0.771
2.66,2.496,2.209,1.675,2.31,1.166,0.482,0.202,2.398,0.197
2.242,2.006,1.805,1.542,2.361,1.135,0.204,0.132,1.885,0.314
3.341,3.464,2.967,2.635,2.777,2.377,1.014,0.687,2.524,0.646
1.47,1.207,0.738,0.65,1.788,0.54,0.281,0.256,1.634,0.141
1.717,1.648,1.424,1.261,2.028,1.005,0.128,0.081,1.552,0.096
1.269,1.318,0.972,0.819,1.884,0.463,1.056,0.861,1.826,0.103
3.011,2.86,2.567,2.113,2.677,1.488,0.683,0.624,2.366,0.238
0.766,0.303,0.02,0.119,1.607,0.141,0.0,0.0,0.805,0.0
2.789,2.602,2.212,1.923,2.461,1.453,0.193,0.091,2.191,0.414
1.892,1.659,1.536,1.261,2.235,0.924,0.0,0.0,1.739,0.17
1.583,1.338,1.009,0.701,1.876,0.432,0.0,0.022,1.715,0.0
1.603,1.262,0.785,0.752,1.569,0.453,0.195,0.115,1.228,0.08
2.215,1.862,1.51,1.42,2.394,0.994,0.173,0.187,2.069,0.197
1.374,1.181,0.867,0.698,1.967,0.538,0.225,0.268,1.571,0.169
2.034,1.65,1.323,1.107,2.214,0.834,0.339,0.253,1.631,0.264
1.389,1.122,0.674,0.705,1.919,0.465,0.326,0.32,1.693,0.142
3.597,3.576,3.39,2.854,3.046,2.277,0.477,0.212,3.139,0.639
2.188,2.097,1.834,1.438,2.185,1.06,0.377,0.205,1.854,0.25
2.486,2.362,2.116,1.897,2.569,1.592,1.074,0.771,2.406,0.114
3.609,3.299,2.866,2.272,2.768,1.791,1.372,0.871,2.819,0.375
2.506,2.013,1.868,1.565,2.437,1.2,0.591,0.341,2.173,0.171
3.327,3.081,2.733,2.28,2.546,1.913,1.283,0.933,2.861,0.279
2.318,2.061,1.676,1.271,2.301,1.037,1.251,1.087,2.263,0.34
3.381,3.087,2.654,2.508,2.472,1.763,1.229,0.924,2.622,0.377
3.712,3.782,3.539,3.263,2.92,2.379,0.932,0.47,2.86,0.958
1.629,1.427,1.29,0.994,2.096,0.613,0.217,0.19,1.76,0.021
2.281,2.03,1.523,1.207,2.086,0.719,0.458,0.257,1.809,0.128
3.052,3.05,2.554,2.158,2.471,1.492,0.912,0.537,2.745,0.409
2.79,2.604,2.221,1.952,2.242,1.431,1.34,1.024,2.525,0.152
2.91,2.772,2.496,1.978,2.484,1.451,1.211,0.949,2.616,0.368
2.865,2.562,2.188,2.063,2.371,1.492,0.68,0.438,2.236,0.361
2.681,2.451,2.073,1.782,2.344,1.249,0.495,0.199,2.395,0.541
2.27,2.387,2.117,1.804,2.096,1.071,0.091,0.0,1.898,0.046
0.631,0.608,0.35,0.263,1.638,0.326,0.0,0.0,1.375,0.0
2.241,2.401,2.198,1.905,2.466,1.483,1.077,0.776,2.513,0.486
2.263,2.053,1.69,1.49,2.293,1.098,0.438,0.425,2.066,0.029
2.814,2.562,2.293,1.863,2.457,1.393,0.443,0.377,2.552,0.329
2.598,2.417,2.043,1.711,2.172,1.179,0.224,0.262,2.288,0.191
3.226,3.023,2.606,2.236,2.658,1.53,0.367,0.0,2.743,0.579
4.0,4.0,3.867,3.3,3.29,2.803,1.154,0.745,3.498,1.011
3.885,3.746,3.692,3.198,3.203,2.75,1.291,0.784,3.231,0.885
3.773,3.899,3.435,3.088,3.43,2.843,0.896,0.604,3.241,1.017
2.874,2.77,2.411,2.062,2.618,1.677,0.735,0.485,2.554,0.421
1.717,1.404,0.923,0.835,2.161,0.664,0.334,0.236,1.658,0.126
1.822,1.908,1.47,1.227,2.172,0.91,0.41,0.247,1.936,0.082
3.056,2.942,2.729,2.409,2.784,1.896,0.79,0.222,2.709,0.633
3.384,3.188,2.755,2.29,2.433,1.716,0.983,0.605,2.799,0.579
3.649,3.427,3.157,2.598,2.924,2.033,1.693,1.273,3.143,0.579
0.038,0.068,0.0,0.0,1.818,0.103,0.05,0.062,1.137,0.0
3.316,3.352,3.112,2.751,2.847,2.047,1.447,0.87,2.933,0.758
3.135,2.441,2.297,1.854,2.707,1.412,0.365,0.222,2.289,0.163
2.965,2.738,2.439,2.111,2.507,1.519,0.401,0.21,2.318,0.519
0.878,0.872,0.774,0.642,1.892,0.58,0.0,0.0,1.546,0.0
1.597,1.356,0.994,0.741,2.053,0.495,0.397,0.35,1.752,0.0
3.016,2.912,2.589,2.195,2.669,1.618,1.018,0.815,2.617,0.343
2.359,2.315,1.914,1.549,2.263,1.077,0.246,0.149,2.296,0.287
3.051,2.955,2.623,2.219,2.645,1.882,1.272,0.885,2.743,0.387
3.675,3.574,3.245,2.659,2.923,2.185,1.346,1.005,3.13,0.393
2.636,2.402,2.353,1.837,2.633,1.555,0.526,0.253,2.396,0.304
2.362,1.982,1.607,1.446,2.278,1.105,0.892,0.528,1.813,0.177
3.343,3.163,2.787,2.313,2.568,1.988,2.035,1.493,3.036,0.563
2.447,2.375,2.047,1.683,2.152,1.072,0.383,0.267,2.119,0.178
3.004,2.896,2.583,2.129,2.564,1.749,1.543,1.141,2.806,0.303
2.175,1.919,1.566,1.3,2.327,0.905,0.707,0.5,2.047,0.227
3.336,3.133,2.85,2.451,2.438,1.625,1.23,0.577,2.947,0.502
0.379,0.166,0.003,0.02,1.714,0.038,0.098,0.088,1.139,0.0
3.108,3.15,2.866,2.401,2.564,1.63,0.634,0.425,2.82,0.65
3.769,3.627,3.437,3.051,3.178,2.422,1.266,0.682,3.29,0.751
3.154,3.122,2.692,2.428,2.604,2.247,1.361,0.735,2.717,0.685
2.05,1.941,1.525,1.516,2.299,1.254,0.674,0.354,1.753,0.177
2.842,2.663,2.384,2.088,2.524,1.379,0.16,0.0,2.287,0.355
0.461,0.633,0.277,0.111,1.675,0.041,0.0,0.0,1.152,0.0
3.199,2.8,2.34,1.902,2.591,1.73,1.652,1.368,2.616,0.385
2.372,2.076,1.84,1.558,2.2,1.192,0.929,0.645,2.252,0.273
2.819,2.58,2.15,1.879,2.254,1.374,1.198,0.669,2.566,0.127
3.058,3.07,2.84,2.587,2.86,1.725,0.786,0.507,2.84,0.556
3.097,2.958,2.62,2.104,2.714,1.769,1.4,0.784,2.939,0.368
2.563,2.343,2.069,1.625,2.131,1.204,0.492,0.253,2.18,0.188
3.657,3.519,3.16,2.562,2.811,2.01,1.077,0.929,2.879,0.521
2.605,2.572,2.256,1.972,2.295,1.532,0.788,0.362,2.549,0.48
2.651,2.472,2.177,1.794,2.41,1.252,0.0,0.0,2.153,0.086
1.599,1.46,1.034,0.92,2.131,0.712,0.144,0.083,1.868,0.004
3.005,3.038,2.642,2.259,2.738,1.916,1.203,0.657,2.743,0.333
1.17,1.178,0.875,0.634,1.84,0.471,0.739,0.505,1.715,0.0
0.946,0.817,0.535,0.272,1.82,0.125,0.162,0.091,1.754,0.0
0.436,0.346,0.136,0.137,1.804,0.28,0.0,0.007,1.123,0.0
2.806,2.57,2.23,1.953,2.465,1.656,1.064,0.842,2.586,0.309
1.455,1.173,0.699,0.601,2.06,0.386,0.0,0.0,1.374,0.0
3.311,2.935,2.535,2.212,2.606,1.642,1.351,0.857,2.855,0.799
0.0,0.0,0.0,0.0,1.436,0.004,0.134,0.249,0.841,0.0
2.357,1.844,1.49,1.201,2.132,1.065,0.501,0.288,1.815,0.0
2.642,2.211,1.953,1.757,2.452,1.311,0.88,0.431,2.23,0.315
1.839,1.607,1.194,1.001,2.096,0.808,0.407,0.39,1.697,0.085
1.713,1.551,1.341,1.015,2.054,0.627,0.316,0.061,1.876,0.089
1.663,1.615,1.123,1.069,1.952,0.869,0.421,0.137,1.608,0.098
2.527,2.427,1.882,1.712,2.234,1.345,0.889,0.623,2.105,0.324
2.495,2.306,2.04,1.698,2.29,1.167,0.326,0.041,2.159,0.353
1.283,1.154,0.88,0.835,1.81,0.381,0.0,0.0,1.579,0.0
2.771,2.473,2.049,1.86,2.443,1.328,0.326,0.206,2.263,0.255
1.396,1.144,0.806,0.743,1.896,0.529,0.13,0.117,1.626,0.0
1.886,1.253,0.726,0.715,1.904,0.387,0.0,0.0,1.318,0.0
1.761,1.314,1.103,0.974,1.944,0.854,0.411,0.174,1.673,0.109
1.579,1.461,1.178,0.878,2.05,0.611,0.197,0.158,1.728,0.102
2.605,2.598,2.243,1.767,2.259,1.174,0.351,0.233,2.355,0.169
1.439,1.155,0.79,0.619,1.887,0.401,0.242,0.09,1.507,0.061
0.848,0.532,0.302,0.063,1.618,0.0,0.0,0.0,1.319,0.0
3.073,2.922,2.519,2.237,2.6,1.764,0.88,0.416,2.751,0.399
3.107,2.824,2.458,2.369,2.513,2.098,0.84,0.469,2.414,0.237
3.356,3.34,3.172,2.658,3.076,1.785,0.314,0.194,2.825,0.468
3.989,3.774,3.594,3.232,3.251,2.689,1.362,0.75,3.24,0.514
3.51,3.334,2.973,2.447,2.465,1.766,0.58,0.293,2.744,0.578
2.796,2.723,2.394,2.097,2.508,1.681,0.47,0.225,2.353,0.528
3.224,3.022,2.733,2.266,2.719,1.893,1.537,1.285,2.962,0.636
1.921,1.757,1.4,1.33,2.07,1.191,0.561,0.253,2.247,0.161
3.068,2.632,2.359,2.019,2.366,1.582,1.19,0.858,2.577,0.606
2.246,1.956,1.482,1.297,2.193,0.998,0.464,0.3,1.896,0.104
3.323,2.968,2.639,2.328,2.589,1.947,0.984,0.472,2.458,0.503
2.961,2.871,2.476,2.039,2.637,1.674,1.318,0.947,2.683,0.635
3.646,3.524,3.227,2.679,2.869,2.272,2.15,1.504,3.506,0.396
3.204,2.948,2.626,2.152,2.595,1.693,0.948,0.595,2.494,0.259
2.953,2.836,2.574,2.295,2.705,1.837,0.913,0.619,2.638,0.382
2.946,2.998,2.771,2.365,2.615,1.85,0.49,0.272,2.556,0.657
2.156,2.098,1.888,1.632,2.34,1.342,0.868,0.764,2.048,0.087
0.503,0.537,0.331,0.275,1.704,0.129,0.207,0.142,1.302,0.0
3.567,3.299,2.918,2.466,2.909,1.832,0.612,0.349,3.02,0.359
2.031,2.039,1.722,1.447,2.095,1.002,0.409,0.369,2.101,0.027
3.385,3.511,3.145,2.8,2.681,1.943,1.646,0.968,2.915,0.867
2.99,2.779,2.499,2.005,2.491,1.467,0.945,0.7,2.736,0.228
1.05,1.155,0.857,0.614,1.9,0.682,0.353,0.194,1.727,0.222
1.373,1.413,1.148,1.183,2.201,0.991,0.536,0.121,1.766,0.304
3.13,3.156,2.807,2.589,2.669,2.002,0.529,0.045,2.673,0.567
2.679,2.491,2.286,2.111,2.476,1.331,0.38,0.087,2.267,0.371
3.095,2.728,2.277,2.116,2.462,1.628,0.927,0.819,2.574,0.46
1.436,1.001,0.792,0.734,1.771,0.311,0.0,0.0,1.257,0.0
2.364,2.489,2.089,1.931,2.455,1.593,0.362,0.01,2.316,0.362
2.526,2.038,1.728,1.422,2.245,1.065,0.036,0.251,2.109,0.0
1.371,1.155,1.08,0.997,1.956,0.663,0.3,0.058,1.542,0.165
3.578,3.308,3.006,2.544,2.832,1.794,1.667,1.387,3.008,0.465
2.371,2.489,2.161,1.835,2.222,1.299,0.318,0.14,2.297,0.359
1.902,1.715,1.491,1.254,1.786,0.58,0.0,0.0,1.64,0.095
2.288,2.047,1.856,1.506,2.291,1.272,0.078,0.013,2.011,0.202
3.523,3.277,2.887,2.351,2.873,2.008,1.189,1.09,3.047,0.319
3.534,3.504,3.152,2.632,2.94,2.147,2.184,1.636,3.25,0.464
3.144,2.702,2.442,2.076,2.751,1.879,1.421,1.193,2.431,0.343
1.819,1.745,1.314,1.154,2.06,0.755,0.0,0.045,1.736,0.052
1.699,1.3,1.097,0.908,1.995,0.611,0.0,0.0,1.572,0.0
3.423,3.361,2.929,2.467,2.748,2.184,2.285,1.951,2.967,0.692
2.735,2.445,2.22,1.998,2.177,1.175,0.795,0.693,2.463,0.162
2.016,1.897,1.547,1.367,2.127,1.064,0.665,0.522,2.031,0.189
1.864,1.505,1.201,0.969,2.223,0.911,0.18,0.238,1.708,0.017
2.936,2.693,2.431,1.947,2.385,1.446,0.326,0.153,2.414,0.456
1.407,1.265,0.843,0.794,1.839,0.681,0.222,0.0,1.591,0.0
3.91,3.804,3.589,2.973,3.067,2.261,1.004,0.406,3.273,0.646
2.02,1.772,1.482,1.085,1.868,0.779,0.04,0.0,1.901,0.254
3.37,3.296,3.227,2.845,2.964,1.833,0.484,0.225,3.059,0.556
2.305,2.269,2.045,1.701,2.273,1.249,0.742,0.487,2.364,0.145
1.434,1.04,0.804,0.731,1.902,0.302,0.318,0.268,1.363,0.102
2.307,1.879,1.386,1.191,2.195,0.996,0.792,0.576,1.817,0.0
3.343,3.157,2.838,2.502,2.767,2.138,0.925,0.56,2.681,0.804
2.649,2.594,2.387,1.989,2.63,1.797,1.677,1.368,2.722,0.317
3.181,2.922,2.609,2.373,2.726,1.871,0.743,0.455,2.627,0.42
2.496,2.25,2.092,1.811,2.323,1.267,0.018,0.001,2.124,0.033
2.073,2.213,1.799,1.424,2.217,0.916,0.633,0.339,2.151,0.053
2.723,2.641,2.268,2.075,2.413,1.912,0.458,0.185,2.436,0.364
3.003,2.708,2.499,2.194,2.598,1.836,0.641,0.386,2.538,0.553
3.424,3.211,2.859,2.66,2.879,2.31,1.631,0.972,2.936,0.38
2.401,2.339,1.721,1.607,2.303,1.412,0.446,0.11,1.965,0.251
2.87,2.964,2.609,2.333,2.604,1.672,0.704,0.388,2.695,0.415
1.245,1.123,0.829,0.761,1.689,0.541,0.0,0.0,1.3,0.0
2.77,2.479,2.317,1.933,2.543,1.482,0.607,0.289,2.366,0.396
3.093,3.092,2.7,2.353,2.568,1.793,0.257,0.141,2.383,0.229
0.802,0.735,0.542,0.839,1.996,0.74,0.168,0.091,1.291,0.361
1.836,1.649,1.257,1.168,2.373,1.003,0.462,0.188,1.853,0.189
2.478,2.536,2.217,1.965,2.34,1.5,0.246,0.009,2.56,0.39
3.503,3.24,3.226,2.767,2.853,2.227,1.178,0.792,2.957,0.77
1.24,1.405,1.158,1.07,1.946,0.856,0.02,0.06,1.611,0.134
2.915,2.614,2.269,1.881,2.478,1.372,0.257,0.084,2.448,0.074
3.682,3.77,3.611,3.171,3.077,2.554,1.87,1.423,3.264,0.643
2.784,2.517,2.222,1.882,2.416,1.543,0.505,0.361,2.155,0.388
2.723,2.549,2.136,1.963,2.244,1.5,0.816,0.278,2.296,0.164
3.263,3.072,2.96,2.571,2.718,1.771,0.682,0.452,2.55,0.713
1.104,1.219,0.803,0.898,1.756,0.792,0.287,0.102,1.294,0.066
0.626,0.558,0.361,0.362,1.708,0.286,0.0,0.0,1.059,0.0
3.139,3.013,2.729,2.414,2.401,1.622,0.854,0.503,2.741,0.609
2.947,2.865,2.561,2.236,2.508,1.76,0.472,0.028,2.644,0.514
2.514,2.454,2.142,1.798,2.546,1.426,0.259,0.091,2.459,0.266
3.186,3.102,2.675,2.373,2.51,1.945,0.925,0.515,2.557,0.437
1.719,1.577,1.382,1.058,2.154,0.893,0.366,0.188,1.892,0.217
1.31,1.274,1.091,0.839,1.965,0.657,0.469,0.342,1.34,0.026
1.681,1.742,1.62,1.36,2.272,1.247,0.331,0.142,1.873,0.39
3.941,4.0,3.728,3.558,3.32,3.002,1.553,0.972,3.418,1.484
2.872,2.538,2.137,1.918,2.646,1.48,0.675,0.315,2.439,0.31
3.298,3.101,2.819,2.396,2.581,1.62,0.265,0.146,2.69,0.189
2.221,2.029,1.822,1.673,2.267,1.226,0.805,0.566,2.383,0.265
2.297,2.154,2.058,1.892,2.554,1.659,0.209,0.0,2.127,0.432
3.494,3.61,3.387,3.129,3.195,2.554,0.585,0.272,2.984,1.031
2.461,2.068,1.84,1.626,2.29,1.231,0.498,0.312,2.088,0.173
3.276,3.415,3.15,2.856,2.713,2.121,0.513,0.284,2.561,0.9
2.033,2.075,1.798,1.702,2.199,1.464,0.64,0.411,2.291,0.38
1.375,1.314,1.169,0.936,2.042,0.762,0.677,0.517,2.015,0.349
2.889,2.482,2.016,1.898,2.75,1.459,0.287,0.052,2.114,0.245
2.001,1.603,1.295,1.189,2.233,1.049,0.663,0.343,1.93,0.0
3.133,3.04,2.764,2.326,2.647,2.115,1.049,0.787,2.615,0.62
3.618,3.555,3.132,2.843,3.015,2.579,2.635,2.108,2.994,0.967
3.315,2.812,2.542,2.165,2.516,1.659,0.616,0.197,2.555,0.565
2.795,2.609,2.374,2.027,2.549,1.604,0.899,0.45,2.379,0.429
1.161,0.943,0.702,0.517,1.971,0.463,0.025,0.0,1.421,0.0
3.621,3.64,3.249,2.783,2.799,2.381,2.396,1.887,3.243,0.632
2.935,3.105,2.722,2.576,2.731,2.136,1.055,0.299,2.783,0.526
3.234,2.685,2.402,1.98,2.405,1.376,1.061,0.638,2.528,0.221
2.783,2.602,2.008,1.663,2.555,1.545,0.895,0.551,2.384,0.277
3.661,3.387,3.178,2.576,2.828,1.826,0.984,0.62,3.121,0.602
1.708,1.578,1.339,1.299,2.064,0.916,0.172,0.0,1.772,0.191
1.409,0.917,0.635,0.54,1.709,0.441,0.0,0.0,1.112,0.0
3.307,3.199,2.747,2.254,2.57,1.668,0.551,0.351,2.783,0.415
1.114,0.927,0.67,0.648,2.037,0.481,0.0,0.0,1.484,0.088
3.927,3.817,3.669,3.309,3.168,2.83,1.315,0.872,3.148,1.031
2.651,2.642,2.373,2.09,2.561,1.684,0.351,0.152,2.437,0.374
3.04,2.652,2.167,1.793,2.35,1.37,1.025,0.899,2.248,0.044
0.826,0.63,0.332,0.128,1.856,0.578,0.546,0.52,1.291,0.189
2.43,2.304,2.04,1.878,2.278,1.655,0.415,0.168,2.003,0.327
1.45,1.102,0.83,0.477,1.72,0.05,0.0,0.0,1.71,0.0
3.868,3.935,3.587,3.296,3.231,2.556,1.505,1.123,3.445,0.827
3.283,2.949,2.646,2.326,2.762,1.946,0.702,0.42,2.509,0.591
0.918,1.005,0.758,0.674,1.754,0.792,0.176,0.0,1.405,0.0
3.208,2.761,2.522,2.056,2.638,1.465,1.481,1.328,2.366,0.471
2.915,2.705,2.396,2.243,2.573,1.7,0.311,0.166,2.394,0.592
2.97,2.592,2.294,1.874,2.413,1.516,1.253,0.96,2.51,0.309
2.742,2.329,2.003,1.718,2.37,1.316,0.716,0.61,2.055,0.272
1.609,1.471,1.14,0.945,2.182,0.985,0.399,0.237,1.899,0.079
1.877,1.917,1.576,1.296,2.277,1.087,0.632,0.486,2.246,0.297
3.92,3.658,3.419,2.856,2.796,2.231,1.722,1.248,3.092,0.605
3.202,3.157,2.904,2.476,2.79,2.071,0.58,0.223,2.917,0.523
3.876,3.881,3.484,3.224,3.235,2.714,0.96,0.584,3.198,1.065
2.471,2.14,1.772,1.498,2.308,1.18,0.172,0.0,1.919,0.038
3.1,2.611,2.371,1.86,2.473,1.386,1.3,1.064,2.49,0.231
3.155,3.064,2.664,2.246,2.181,1.599,0.92,0.577,2.698,0.357
2.564,2.316,2.128,1.758,2.259,1.214,1.017,0.699,2.278,0.157
1.523,1.29,0.845,0.748,1.975,0.377,0.0,0.008,1.755,0.0
3.495,3.268,2.93,2.57,2.976,2.053,0.863,0.256,2.707,0.609
2.417,2.519,2.292,2.053,2.519,1.62,0.352,0.229,2.458,0.526
2.235,2.164,1.924,1.768,2.298,1.505,0.701,0.459,2.111,0.384
1.698,1.533,1.365,1.228,2.128,0.974,0.633,0.39,1.902,0.169
2.215,2.182,1.693,1.516,2.337,1.233,0.207,0.0,2.062,0.207
1.339,1.16,0.679,0.776,1.852,0.614,0.18,0.088,1.639,0.0
2.949,2.859,2.642,2.228,2.598,1.661,0.449,0.278,2.434,0.365
3.273,3.171,2.839,2.413,3.014,2.131,1.966,1.425,3.036,0.618
3.258,2.909,2.683,2.305,2.621,1.496,0.613,0.368,2.521,0.257
1.005,0.897,0.583,0.355,1.708,0.012,0.0,0.0,1.61,0.0
2.444,2.01,1.593,1.486,2.324,1.322,0.724,0.21,1.921,0.32
2.308,2.259,1.973,1.667,2.096,1.183,0.339,0.123,2.038,0.203
1.945,1.656,1.077,0.983,2.103,0.475,0.0,0.0,1.533,0.0
1.833,1.452,1.156,1.107,2.157,0.81,0.198,0.119,1.73,0.119
0.734,0.426,0.0,0.0,1.487,0.0,0.0,0.0,0.972,0.0
0.247,0.147,0.0,0.0,1.891,0.0,0.109,0.033,1.058,0.0
1.17,1.071,0.773,0.573,1.798,0.511,0.134,0.024,1.61,0.023
2.512,2.115,1.948,1.757,2.318,1.566,0.746,0.466,2.088,0.388
2.541,2.279,1.927,1.664,2.295,1.557,1.114,0.739,2.178,0.079
1.342,0.974,0.584,0.461,1.708,0.406,0.19,0.348,1.451,0.038
2.856,2.705,2.394,1.864,2.612,1.627,1.459,1.211,2.471,0.43
1.967,1.929,1.766,1.541,2.228,1.094,0.293,0.256,2.28,0.0
3.721,3.758,3.439,3.202,3.151,2.707,2.073,1.393,3.404,1.177
3.354,3.112,2.762,2.318,2.639,1.859,0.771,0.413,2.852,0.36
3.53,3.168,2.848,2.336,2.733,1.844,1.057,0.598,2.885,0.351
3.011,2.634,2.396,2.2,2.561,1.477,0.483,0.188,2.358,0.237
2.916,2.608,2.454,2.054,2.673,1.634,0.113,0.067,2.363,0.208
3.392,3.438,3.278,2.779,2.78,2.121,1.491,0.731,3.022,0.545
3.525,3.175,2.989,2.549,2.831,2.049,1.538,1.045,2.924,0.303
2.65,2.133,1.772,1.484,2.189,0.916,0.0,0.0,1.735,0.02
3.416,3.4,3.006,2.673,3.023,2.733,1.8,1.43,3.083,0.571
1.094,0.963,0.716,0.726,1.802,0.534,0.327,0.016,1.623,0.0
2.274,2.094,1.631,1.613,2.185,1.321,0.297,0.129,1.855,0.094
3.294,3.066,2.746,2.464,2.825,1.895,0.399,0.212,2.651,0.336
3.279,3.038,2.625,2.223,2.811,1.916,1.361,0.952,2.642,0.454
0.951,1.017,0.835,0.636,1.84,0.504,0.652,0.534,1.67,0.107
2.015,1.797,1.394,1.113,1.994,0.874,0.096,0.128,1.847,0.0
3.519,3.163,2.933,2.521,2.875,2.157,1.003,0.727,2.95,0.573
2.461,2.13,1.712,1.388,2.142,1.048,0.824,0.363,2.044,0.026
1.039,0.785,0.475,0.465,1.839,0.248,0.199,0.27,1.364,0.0
1.84,1.722,1.706,1.457,2.486,1.185,0.266,0.084,2.001,0.512
2.02,1.998,1.668,1.538,2.372,1.465,0.993,0.742,2.241,0.23
2.985,2.562,2.43,2.068,2.676,1.614,1.112,0.782,2.403,0.421
2.201,2.122,1.811,1.429,2.262,1.228,0.157,0.188,2.056,0.287
2.141,2.007,1.757,1.492,2.147,1.134,0.532,0.317,2.19,0.306
3.367,3.16,2.787,2.207,2.609,1.735,0.933,0.621,2.801,0.419
3.646,3.288,3.133,2.569,2.951,1.899,0.618,0.375,2.971,0.386
2.381,2.521,2.103,1.984,2.338,1.607,1.116,0.724,2.252,0.669
3.381,3.3,2.924,2.408,2.934,2.059,1.79,1.598,3.131,0.45
1.647,1.71,1.215,0.927,2.098,0.743,0.348,0.373,1.965,0.107
2.942,2.604,2.137,2.094,2.506,1.825,1.329,0.432,2.398,0.443
0.609,0.501,0.545,0.51,1.903,0.409,0.134,0.129,0.923,0.111
2.605,2.336,2.021,1.64,2.291,1.077,0.052,0.0,2.311,0.147
2.773,2.512,2.088,1.674,2.508,1.579,1.28,0.978,2.47,0.437
2.425,2.248,2.084,1.788,2.441,1.296,0.725,0.353,2.307,0.381
2.419,2.19,1.91,1.417,2.133,1.219,0.271,0.141,2.014,0.236
2.216,2.053,1.451,1.138,2.159,0.901,1.118,0.846,2.37,0.147
3.104,3.062,2.915,2.489,2.635,1.482,0.132,0.0,2.514,0.245
3.522,3.322,3.229,2.725,3.049,1.969,0.796,0.579,3.03,0.666
2.459,2.207,1.902,1.536,1.979,1.052,0.341,0.133,2.178,0.0
3.194,3.03,2.61,2.287,2.574,1.51,0.801,0.536,2.588,0.379
3.756,3.42,3.173,2.634,3.002,2.11,1.773,1.434,3.052,0.847
2.463,2.339,2.074,1.743,2.4,1.461,0.597,0.276,2.257,0.207
3.383,3.25,3.026,2.751,2.87,1.994,0.499,0.0,2.473,0.781
2.133,2.012,1.82,1.619,2.244,1.315,0.508,0.279,2.049,0.277
2.967,2.789,2.532,2.122,2.704,1.731,1.532,1.109,2.759,0.211
3.513,3.369,3.066,2.518,2.728,1.944,0.866,0.464,2.619,0.868
2.739,2.958,2.612,2.452,2.745,2.158,0.758,0.25,2.686,0.916
3.272,3.025,2.756,2.551,2.616,2.12,0.874,0.549,2.584,0.681
1.663,1.696,1.262,1.12,1.933,0.802,0.362,0.137,1.58,0.277
3.89,3.703,3.578,3.1,3.187,2.282,1.843,1.215,3.347,1.168
3.106,2.819,2.467,2.165,2.707,1.906,1.206,0.946,2.571,0.414
2.966,2.778,2.428,1.974,2.289,1.483,0.579,0.31,2.494,0.21
3.291,2.977,2.651,2.318,2.888,1.927,1.048,0.607,2.749,0.32
2.289,2.189,1.772,1.48,2.237,1.151,0.626,0.206,1.811,0.221
3.335,3.11,2.768,2.566,2.951,2.178,1.581,1.031,2.916,0.507
3.44,3.249,2.998,2.624,2.79,2.197,1.555,1.223,2.933,0.439
4.0,3.835,3.559,3.179,3.448,3.095,2.211,1.678,3.521,0.996
2.224,2.182,1.73,1.552,2.152,1.324,0.609,0.238,2.095,0.154
1.622,1.549,1.031,1.052,2.226,0.533,0.317,0.261,1.794,0.0
3.023,2.792,2.563,2.18,2.284,1.636,0.668,0.51,2.593,0.483
2.253,1.995,1.615,1.521,1.973,1.209,0.31,0.109,1.961,0.187
2.877,2.857,2.636,2.074,2.443,1.64,0.348,0.191,2.708,0.221
3.723,3.357,2.932,2.685,2.914,2.05,0.633,0.209,2.798,0.638
3.046,2.961,2.803,2.434,2.968,1.955,0.87,0.567,2.628,0.446
2.352,2.247,1.984,1.867,2.652,1.535,0.651,0.402,2.317,0.424
2.484,2.078,1.839,1.243,2.06,0.976,0.404,0.442,2.148,0.099
3.985,4.0,3.936,3.591,3.462,2.783,0.436,0.111,3.482,1.097
3.039,2.633,2.142,1.862,2.549,1.696,1.404,0.964,2.397,0.364
0.897,1.029,0.59,0.649,1.759,0.519,0.34,0.269,1.519,0.049
3.54,3.347,2.94,2.322,2.645,1.646,0.654,0.233,2.759,0.535
2.839,2.482,2.158,1.858,2.291,1.646,0.836,0.626,2.412,0.31
2.72,2.133,1.745,1.59,2.449,1.304,0.975,0.634,2.157,0.194
3.003,2.77,2.574,2.09,2.498,1.558,0.293,0.139,2.551,0.478
3.328,3.279,3.0,2.423,2.898,1.793,1.708,1.405,3.123,0.326
0.96,0.756,0.359,0.383,1.617,0.14,0.293,0.165,1.494,0.0
3.157,2.852,2.604,2.031,2.592,1.425,0.0,0.0,2.46,0.356
3.115,2.725,2.384,2.002,2.589,1.776,1.381,0.956,2.517,0.512
3.236,2.801,2.458,2.075,2.628,1.287,0.504,0.391,2.519,0.178
2.886,2.517,2.233,1.86,2.554,1.61,1.096,0.715,2.37,0.588
1.871,1.737,1.456,1.13,2.195,0.868,0.188,0.023,1.952,0.0
2.077,1.727,1.387,1.248,2.213,1.12,0.666,0.465,1.853,0.275
2.741,2.807,2.298,2.1,2.553,1.738,0.546,0.26,2.519,0.622
2.787,2.641,2.388,2.139,2.716,1.59,0.45,0.161,2.53,0.41
3.376,3.023,2.692,2.221,2.5,1.433,1.226,1.036,2.793,0.468
3.253,3.019,2.727,2.437,2.38,1.869,0.636,0.0,2.518,0.465
2.366,2.128,1.782,1.446,2.377,1.044,0.341,0.229,1.989,0.227
2.203,1.968,1.541,1.354,2.001,0.975,0.263,0.0,1.793,0.0
2.142,2.01,1.615,1.532,2.127,1.25,0.381,0.335,1.959,0.527
1.791,1.492,1.004,0.888,2.215,0.72,0.009,0.0,1.636,0.001
1.145,0.933,0.66,0.461,2.025,0.432,0.031,0.072,1.216,0.056
0.802,0.85,0.788,0.837,2.017,0.701,0.382,0.11,1.581,0.09
3.261,3.229,3.057,2.645,2.921,2.106,1.263,0.908,2.839,0.61
2.924,2.568,2.376,2.207,2.498,1.648,0.813,0.474,2.26,0.194
2.989,2.768,2.517,2.206,2.343,1.656,0.499,0.213,2.475,0.439
3.644,3.43,3.053,2.679,2.752,1.769,1.034,0.742,3.054,0.433
3.279,3.063,2.737,2.119,2.437,1.449,0.819,0.427,2.883,0.38
3.36,3.238,2.909,2.589,2.818,2.138,0.62,0.382,2.933,0.501
3.304,3.172,2.752,2.296,2.804,1.924,1.87,1.476,2.891,0.517
1.825,1.673,1.313,1.091,2.066,0.645,0.0,0.0,1.911,0.0
2.728,2.798,2.45,2.324,2.41,1.902,1.038,0.778,2.776,0.644
2.726,2.687,2.45,2.146,2.327,1.42,0.441,0.053,2.438,0.398
1.959,1.857,1.442,1.268,2.261,0.87,0.647,0.559,1.779,0.196
3.187,2.923,2.612,2.184,2.77,1.854,0.907,0.521,2.77,0.385
3.303,3.018,2.838,2.355,2.949,1.833,0.576,0.284,2.866,0.369
1.27,1.421,0.944,0.85,1.971,0.711,0.301,0.263,1.758,0.131
2.791,2.465,2.102,1.721,2.383,1.414,1.345,1.05,2.499,0.337
3.795,3.769,3.573,3.113,3.1,2.544,1.414,1.177,3.236,0.668
2.879,2.972,2.718,2.346,2.698,1.728,0.25,0.155,2.579,0.501
2.181,1.694,1.276,1.091,2.118,0.894,0.355,0.098,1.574,0.196
2.093,2.014,1.773,1.492,2.248,1.306,0.469,0.412,2.144,0.424
3.77,3.463,3.248,2.73,2.718,1.941,0.583,0.273,2.97,0.591
2.327,2.054,1.703,1.564,2.5,1.212,0.158,0.092,2.068,0.108
3.717,3.685,3.32,2.979,3.156,2.702,2.645,2.088,3.143,0.983
1.612,1.62,1.212,1.056,1.85,0.742,0.083,0.098,1.659,0.0
3.533,3.462,3.44,2.895,3.047,2.227,1.187,0.718,3.121,0.85
3.342,3.338,3.124,2.777,2.931,1.895,0.499,0.255,2.887,0.547
1.292,1.356,1.022,0.976,2.014,0.681,0.014,0.023,1.779,0.208
3.174,3.046,2.726,2.275,2.453,1.684,0.396,0.17,2.53,0.304
2.548,2.203,2.034,1.565,2.187,1.114,0.483,0.399,2.201,0.227
3.209,2.954,2.762,2.266,2.736,2.09,2.04,1.633,2.785,0.502
2.206,2.269,2.001,1.592,2.282,1.264,0.185,0.091,2.356,0.143
2.752,2.53,2.184,1.825,2.638,1.419,0.74,0.483,2.604,0.383
3.266,2.929,2.713,2.327,2.748,2.102,1.815,1.409,2.782,0.823
1.028,0.884,0.709,0.546,2.085,0.494,0.03,0.0,1.505,0.013
2.823,2.472,1.958,1.692,2.418,1.609,1.333,1.059,2.322,0.332
2.938,2.865,2.505,2.223,2.392,1.511,0.826,0.588,2.438,0.682
1.637,1.579,1.053,0.981,1.971,0.825,0.391,0.304,1.727,0.075
1.282,1.161,1.115,1.032,2.033,0.508,0.228,0.207,1.699,0.07
3.524,3.343,3.096,2.91,2.995,2.535,1.754,1.212,2.795,0.791
3.716,3.502,3.085,2.76,3.068,2.393,1.763,1.256,3.211,0.451
2.843,2.741,2.69,2.445,2.482,1.748,0.23,0.042,2.482,0.577
2.769,2.547,2.344,2.182,2.577,1.749,0.626,0.354,2.396,0.481
1.413,1.387,1.188,1.032,1.833,0.851,0.054,0.104,1.671,0.095
3.355,3.145,2.814,2.477,2.703,1.901,1.458,0.638,2.779,0.639
3.922,3.815,3.633,3.088,3.253,2.736,2.269,1.679,3.482,0.718
1.342,1.081,0.907,0.755,2.006,0.426,0.0,0.0,1.296,0.031
3.11,2.87,2.584,2.351,2.707,1.899,0.644,0.368,2.513,0.934
2.199,2.012,1.867,1.554,2.257,1.146,0.418,0.191,1.907,0.215
3.551,3.195,2.961,2.38,2.591,1.341,0.484,0.299,2.76,0.287
3.138,2.938,2.334,1.903,2.552,1.342,0.087,0.002,2.514,0.069
2.671,2.184,1.896,1.605,2.351,1.196,1.173,0.937,2.14,0.36
2.597,2.391,1.85,1.505,2.432,1.134,0.547,0.412,2.108,0.253
1.813,1.804,1.441,1.359,1.881,0.962,0.464,0.33,2.026,0.0
3.215,2.824,2.493,2.142,2.684,1.645,1.107,0.567,2.785,0.38
1.93,1.544,1.22,1.09,2.134,1.049,0.576,0.232,1.686,0.3
1.524,1.273,0.883,0.67,2.04,0.658,0.608,0.415,1.379,0.0
1.375,1.176,0.953,0.815,2.024,0.705,0.664,0.575,1.519,0.016
2.555,2.223,1.929,1.677,2.399,1.412,1.26,1.003,2.287,0.358
2.256,2.223,2.032,1.848,2.386,1.178,0.4,0.183,2.414,0.676
2.799,2.645,2.373,2.017,2.288,1.438,0.93,0.427,2.342,0.299
1.597,1.143,0.915,0.734,1.843,0.367,0.0,0.0,1.451,0.0
2.861,2.632,2.522,2.096,2.565,1.661,0.799,0.55,2.691,0.478
3.55,2.958,2.639,2.263,2.691,1.779,0.861,0.597,2.635,0.472
2.902,2.603,2.332,2.021,2.485,1.949,1.581,1.472,2.274,0.403
2.845,2.832,2.495,2.037,2.509,1.584,0.512,0.532,2.62,0.368
0.536,0.487,0.234,0.249,1.552,0.224,0.0,0.0,1.087,0.0
0.824,0.716,0.449,0.503,1.708,0.355,0.0,0.0,1.173,0.0
1.579,1.364,0.857,0.624,1.811,0.731,0.81,0.625,1.783,0.0
3.482,3.236,2.982,2.504,2.576,1.661,0.974,0.463,2.85,0.66
3.001,2.942,2.675,2.265,2.549,1.535,0.521,0.242,2.651,0.555
1.334,1.068,0.835,0.972,2.036,0.589,0.302,0.277,1.552,0.153
3.319,3.051,2.595,2.346,2.691,2.058,1.669,1.328,2.643,0.422
3.07,2.627,2.255,1.785,2.457,1.476,1.531,0.999,2.646,0.335
2.817,2.972,2.699,2.393,2.321,1.455,0.575,0.163,2.396,0.368
0.987,0.95,0.746,0.7,1.79,0.598,0.471,0.239,1.598,0.0
2.843,2.653,2.703,2.299,2.414,1.408,0.516,0.388,2.457,0.274
2.8,2.841,2.51,2.014,2.589,1.726,2.209,1.949,2.975,0.564
2.886,2.682,2.283,2.002,2.396,1.403,1.609,1.074,2.426,0.346
1.222,1.032,0.603,0.532,1.829,0.535,0.12,0.0,1.439,0.023
3.077,2.443,2.014,1.646,2.512,1.363,1.2,0.67,2.487,0.163
3.114,2.852,2.794,2.404,2.897,1.862,1.005,0.641,2.64,0.716
1.968,1.838,1.455,1.277,2.286,1.079,0.471,0.267,1.745,0.37
2.715,2.653,2.308,2.1,2.593,1.655,1.21,0.798,2.669,0.671
2.762,2.673,2.239,1.763,2.063,1.099,0.352,0.09,2.28,0.106
1.754,1.766,1.33,1.126,1.915,0.654,0.086,0.0,1.661,0.0
3.091,2.878,2.483,2.202,2.667,1.548,0.563,0.366,2.577,0.465
3.348,3.079,2.847,2.554,2.901,2.131,0.826,0.565,2.902,0.559
3.416,3.168,2.991,2.415,3.058,1.971,1.122,0.908,2.959,0.523
3.408,3.351,2.974,2.726,2.708,2.235,1.016,0.65,2.966,0.685
2.436,1.977,1.718,1.499,2.478,1.381,0.742,0.482,1.865,0.117
2.938,2.686,2.409,2.051,2.362,1.575,0.693,0.356,2.487,0.247
3.356,2.809,2.52,2.087,2.381,1.643,1.413,1.218,2.446,0.311
3.246,3.116,2.795,2.618,2.763,1.701,0.9,0.29,2.782,0.397
3.477,3.292,3.007,2.635,2.904,2.109,1.118,0.602,2.945,0.803
1.611,1.515,1.084,0.942,1.901,0.629,0.0,0.0,1.596,0.0
1.493,1.191,0.982,0.87,1.899,0.683,0.227,0.117,1.783,0.086
3.224,2.947,2.625,2.206,2.507,1.637,1.259,0.706,2.841,0.438
1.808,1.792,1.545,1.663,2.227,1.34,0.626,0.397,1.692,0.426
2.973,2.738,2.492,1.825,2.472,1.555,1.498,1.228,2.72,0.418
3.725,3.638,3.403,2.694,2.636,1.898,0.678,0.317,2.87,0.604
3.429,3.029,2.629,2.21,2.655,1.615,0.714,0.613,2.723,0.594
3.144,3.018,2.658,2.172,2.429,1.816,1.065,0.858,2.737,0.5
2.071,2.111,1.822,1.721,2.143,1.29,0.362,0.188,1.998,0.406
3.534,3.035,2.868,2.542,2.769,2.104,1.25,0.89,2.69,0.616
2.775,2.448,2.253,2.065,2.629,1.796,0.328,0.165,2.409,0.48
2.69,2.382,2.056,1.898,2.375,1.349,0.652,0.406,2.168,0.156
2.363,2.258,1.877,1.6,2.241,1.3,0.505,0.39,2.159,0.171
3.58,3.532,3.3,2.829,3.066,2.144,1.02,0.446,3.083,0.464
2.608,2.659,2.373,2.25,2.701,1.872,0.231,0.066,2.314,0.571
3.034,2.817,2.631,2.28,2.772,1.947,1.494,1.296,2.72,0.51
1.725,1.744,1.442,1.223,2.007,1.034,0.389,0.354,1.711,0.065
2.51,2.155,1.752,1.432,2.238,1.467,0.562,0.412,1.938,0.31
1.936,1.656,1.536,1.252,2.246,0.796,0.282,0.277,1.812,0.223
1.598,1.179,0.758,0.535,1.949,0.533,0.377,0.322,1.323,0.0
0.766,0.56,0.221,0.329,1.867,0.298,0.0,0.0,1.219,0.0
3.464,3.432,3.134,2.642,3.07,2.172,1.694,1.391,3.267,0.632
2.592,2.408,2.161,1.86,2.562,1.814,1.55,1.305,2.361,0.355
3.032,2.948,2.433,1.961,2.622,1.524,1.355,1.112,2.618,0.359
1.832,1.783,1.505,1.236,1.826,0.82,0.0,0.0,1.967,0.118
1.923,1.792,1.347,1.24,2.165,1.046,0.303,0.219,1.948,0.329
1.589,1.337,0.953,0.786,2.126,0.316,0.0,0.0,1.567,0.0
1.637,1.549,0.946,0.802,1.848,0.928,0.413,0.31,1.947,0.046
1.335,1.217,0.961,0.967,1.872,0.744,0.0,0.024,1.365,0.0
3.098,2.773,2.537,2.338,2.751,2.076,0.724,0.449,2.625,0.458
0.971,0.79,0.497,0.459,1.7,0.4,0.0,0.0,1.36,0.0
2.285,2.135,1.603,1.3,2.104,0.833,0.0,0.0,2.201,0.0
1.568,1.511,1.184,0.881,1.809,0.583,0.0,0.0,1.541,0.0
2.873,2.409,2.118,1.938,2.368,1.321,0.673,0.394,2.284,0.229
3.072,2.803,2.599,2.139,2.541,1.848,1.088,0.705,2.624,0.605
2.988,2.639,2.322,2.11,2.617,1.582,0.214,0.0,2.326,0.399
3.083,2.859,2.467,2.074,2.67,1.71,1.494,1.097,2.686,0.46
2.925,2.73,2.535,2.036,2.458,1.285,0.256,0.024,2.383,0.169
3.002,2.949,2.449,2.027,2.497,1.545,1.022,0.646,2.82,0.407
2.637,2.401,2.097,1.767,2.536,1.534,1.492,1.136,2.361,0.501
3.061,3.116,2.86,2.652,2.805,1.978,0.471,0.438,2.686,0.442
1.382,1.344,1.164,0.867,2.074,0.81,0.486,0.359,1.917,0.185
2.21,2.092,1.813,1.577,1.924,0.973,0.0,0.045,2.023,0.0
2.673,2.707,2.571,2.389,2.585,1.646,0.294,0.356,2.571,0.341
3.109,2.865,2.391,1.984,2.745,1.686,1.288,0.752,2.719,0.153
1.488,1.57,1.129,1.148,1.942,0.946,0.236,0.0,1.659,0.373
1.844,1.713,1.386,1.026,2.045,0.669,0.336,0.194,2.1,0.0
2.246,1.968,1.656,1.379,2.064,0.962,0.406,0.124,2.112,0.015
2.954,2.883,2.591,2.195,2.631,1.75,1.26,0.925,2.834,0.197
2.59,2.427,2.235,2.0,2.454,1.41,0.265,0.157,2.213,0.212
2.481,2.543,2.144,1.777,2.307,1.486,0.718,0.505,2.346,0.306
2.422,2.281,2.087,1.871,2.411,1.405,0.455,0.087,1.969,0.164
1.875,1.65,1.405,1.136,1.824,0.746,0.437,0.296,1.578,0.071
3.045,2.773,2.477,2.089,2.463,1.473,0.635,0.293,2.393,0.319
1.063,0.859,0.478,0.361,1.96,0.272,0.326,0.292,1.278,0.0
3.126,3.136,2.82,2.6,2.5,2.079,1.331,0.464,2.441,0.838
2.416,2.108,1.862,1.796,2.522,1.326,0.088,0.0,1.934,0.37
2.56,2.239,1.824,1.593,2.461,1.318,0.628,0.438,2.052,0.0
3.631,3.528,3.321,2.858,2.873,2.251,0.781,0.464,2.786,0.799
2.922,2.604,2.224,1.763,2.327,1.293,0.164,0.0,2.301,0.163
0.636,0.815,0.41,0.158,1.784,0.0,0.053,0.251,1.357,0.0
1.847,1.338,0.966,0.643,2.105,0.39,0.212,0.153,1.589,0.0
3.189,2.99,2.786,2.286,2.579,1.61,0.434,0.124,2.732,0.248
3.117,3.176,3.037,2.63,3.159,2.066,1.171,1.096,3.101,0.551
3.519,3.291,2.952,2.561,2.817,1.821,1.215,0.979,2.881,0.746
2.367,2.289,2.251,1.935,2.033,1.32,0.126,0.119,2.279,0.337
2.914,2.789,2.512,2.026,2.428,1.493,1.254,0.959,2.532,0.28
4.0,3.752,3.582,3.392,3.126,2.634,0.844,0.202,2.977,0.949
2.848,3.227,3.004,2.723,2.63,2.299,1.01,0.753,2.833,0.819
3.216,3.221,2.841,2.548,2.605,1.964,1.121,0.61,2.693,0.62
3.147,3.198,2.965,2.791,2.803,2.117,0.519,0.36,2.726,0.546
1.414,1.36,1.254,0.907,2.096,0.844,0.404,0.247,1.675,0.118
3.214,2.975,2.739,2.412,2.829,2.236,0.643,0.226,2.618,0.731
2.597,2.335,2.13,1.646,2.094,1.121,0.407,0.205,2.331,0.299
1.93,1.921,1.609,1.259,2.018,0.878,0.542,0.396,2.091,0.0
0.782,0.649,0.333,0.378,1.831,0.519,0.516,0.468,1.49,0.189
3.091,2.89,2.537,2.286,2.588,1.824,1.622,1.267,2.638,0.537
2.635,2.417,1.973,1.72,2.311,1.312,0.341,0.0,2.129,0.028
2.44,2.155,1.974,1.549,2.536,1.157,0.729,0.435,2.185,0.192
2.223,2.351,1.959,1.983,2.522,1.409,0.694,0.759,2.515,0.191
0.818,0.873,0.703,0.638,1.879,0.48,0.201,0.204,1.393,0.054
3.411,3.368,3.198,2.872,2.989,2.064,0.342,0.154,2.79,0.581
3.495,3.282,3.187,2.803,2.937,2.206,0.883,0.484,2.938,0.829
2.928,2.874,2.575,2.202,2.514,1.462,0.467,0.365,2.67,0.073
2.899,2.731,2.167,1.862,2.483,1.921,0.994,0.826,2.664,0.492
1.394,1.208,0.86,0.64,1.641,0.523,0.0,0.015,1.436,0.0
1.703,1.728,1.489,1.37,1.968,0.948,0.155,0.0,1.586,0.272
3.095,2.881,2.491,2.098,2.531,1.849,0.895,0.731,2.798,0.434
2.047,1.857,1.676,1.23,2.282,1.075,0.317,0.23,2.079,0.099
3.274,3.138,2.817,2.475,2.633,1.873,0.729,0.353,2.752,0.475
3.454,3.001,2.762,2.48,2.834,2.073,1.307,0.825,2.779,0.62
3.45,3.346,3.003,2.377,2.732,1.722,1.395,0.991,2.974,0.281
2.636,2.439,2.078,1.765,2.404,1.818,1.412,1.324,2.113,0.37
1.563,1.091,0.917,0.732,2.201,0.583,0.056,0.029,1.083,0.0
2.799,2.497,2.19,1.803,2.529,1.448,0.755,0.68,2.267,0.413
3.059,2.683,2.436,2.143,2.563,1.775,1.217,1.195,2.613,0.648
1.883,1.68,1.173,0.872,1.996,0.524,0.16,0.117,1.787,0.0
3.979,3.852,3.717,3.116,3.2,2.543,1.678,1.207,3.584,0.776
2.455,2.266,1.767,1.539,2.24,1.154,0.177,0.069,2.132,0.29
2.669,2.667,2.406,2.039,2.554,1.63,0.223,0.071,2.427,0.279
2.69,2.355,2.206,1.894,2.804,1.423,0.628,0.287,2.436,0.3
1.37,1.666,1.577,1.472,2.404,1.108,0.472,0.289,1.867,0.417
1.589,1.42,1.1,1.033,2.04,0.796,0.294,0.089,1.664,0.107
3.555,3.246,2.923,2.519,2.791,2.045,1.509,1.068,2.782,0.728
2.803,2.737,2.392,2.138,2.636,1.649,0.708,0.398,2.785,0.439
1.917,1.75,1.362,1.088,2.066,0.965,0.39,0.291,1.709,0.284
2.843,3.055,2.488,2.053,2.525,1.643,0.46,0.324,2.491,0.439
2.657,2.429,2.46,2.155,2.611,1.63,0.768,0.481,2.377,0.266
3.165,2.884,2.474,2.119,2.497,1.602,0.809,0.293,2.763,0.273
2.148,2.049,1.752,1.369,2.095,1.053,0.857,0.795,2.067,0.242
2.239,2.215,1.935,1.577,2.579,1.437,0.268,0.204,1.897,0.448
2.51,2.405,1.939,1.449,2.389,1.31,1.366,1.09,2.558,0.311
3.618,3.434,2.959,2.547,2.699,1.797,1.1,0.55,3.135,0.51
2.666,2.469,2.174,1.832,2.374,1.523,0.958,0.704,2.365,0.398
1.626,1.345,0.98,0.695,1.816,0.566,0.195,0.041,1.76,0.0
2.143,1.84,1.573,1.422,2.092,0.953,0.249,0.098,1.778,0.1
2.304,2.005,1.813,1.451,2.389,0.855,0.011,0.0,1.885,0.169
1.477,1.504,1.363,1.184,2.337,1.089,0.617,0.405,1.967,0.394
1.534,1.778,1.383,1.176,2.008,0.962,0.321,0.142,1.801,0.266
3.036,2.897,2.615,2.1,2.756,1.907,0.548,0.377,2.744,0.76
3.024,2.656,2.245,2.0,2.545,1.588,0.281,0.189,2.243,0.323
2.701,2.467,2.031,1.708,2.381,1.503,1.295,1.248,2.348,0.131
2.643,2.629,2.232,2.132,2.469,1.754,0.571,0.403,2.254,0.424
0.992,1.02,0.94,0.702,1.916,0.48,0.0,0.0,1.832,0.0
1.734,1.206,1.058,0.83,1.955,0.783,0.0,0.0,1.442,0.072
1.065,1.386,1.023,0.908,1.79,0.732,0.272,0.188,1.509,0.007
1.846,1.654,1.364,1.236,1.937,0.636,0.312,0.228,1.896,0.103
3.29,3.189,2.917,2.569,2.898,1.992,1.386,0.928,2.964,0.601
3.227,2.922,2.598,2.264,3.022,2.127,1.962,1.799,2.914,0.31
2.933,2.754,2.511,2.034,2.667,1.509,0.497,0.094,2.62,0.407
1.153,1.139,0.978,0.942,2.006,0.857,0.0,0.018,1.636,0.163
3.567,3.401,2.898,2.699,3.05,2.354,1.815,1.055,3.094,0.589
1.646,1.393,1.399,1.086,2.174,0.994,0.249,0.253,1.793,0.074
2.343,2.39,1.933,1.807,2.317,1.629,0.853,0.564,2.436,0.218
1.929,1.497,0.955,0.89,2.111,0.692,0.19,0.159,1.645,0.0
2.262,2.094,1.817,1.407,2.155,0.783,0.286,0.149,2.214,0.195
3.199,2.941,2.662,2.298,2.75,2.162,1.081,0.868,2.722,0.65
2.165,1.835,1.434,1.256,2.159,0.774,0.516,0.276,1.841,0.096
2.393,2.366,1.972,1.665,2.254,1.273,0.945,0.597,2.164,0.442
2.601,2.575,2.215,1.988,2.43,1.421,0.411,0.012,2.333,0.294
2.777,2.587,2.333,1.941,2.438,1.307,0.27,0.113,2.353,0.157
3.178,2.853,2.538,2.15,2.462,1.62,0.443,0.046,2.364,0.349
2.877,2.59,2.201,1.829,2.514,1.765,1.66,1.363,2.499,0.257
3.491,3.194,3.122,2.626,2.88,2.066,0.609,0.341,2.896,0.233
2.25,1.844,1.584,1.435,2.33,1.2,1.047,0.816,2.058,0.372
2.997,2.624,2.509,1.969,2.429,1.424,0.634,0.433,2.613,0.551
2.815,2.478,1.997,1.564,2.279,1.106,0.372,0.063,2.248,0.101
1.596,1.392,0.87,0.777,1.969,0.446,0.127,0.0,1.684,0.004
2.539,2.524,2.247,1.648,2.59,1.352,1.509,1.251,2.637,0.153
3.428,3.026,2.784,2.489,2.905,2.096,1.76,1.336,2.805,0.376
2.59,2.509,2.043,1.677,2.208,1.332,1.132,0.911,2.25,0.135
3.697,3.576,3.291,2.775,2.923,1.977,0.627,0.322,3.035,0.388
3.227,2.942,2.647,2.519,2.869,2.423,1.248,0.741,2.67,0.419
1.23,0.876,0.726,0.722,1.819,0.687,0.515,0.352,1.277,0.201
2.129,2.086,1.633,1.41,2.19,1.015,0.239,0.196,2.182,0.144
1.825,1.847,1.626,1.382,2.022,0.833,0.0,0.0,1.846,0.121
3.724,3.477,3.179,2.559,2.769,1.938,1.878,1.527,3.092,0.567
2.959,2.618,2.326,1.983,2.503,1.684,0.868,0.606,2.588,0.319
3.201,3.284,2.973,2.782,2.851,2.287,1.311,0.645,2.832,0.838
3.063,2.965,2.559,2.22,2.548,1.738,0.871,0.536,2.59,0.637
2.23,1.896,1.761,1.416,2.235,1.068,0.112,0.0,2.111,0.117
3.293,3.047,2.615,2.192,2.606,1.624,1.099,0.896,2.65,0.698
3.054,2.719,2.402,2.002,2.511,1.378,0.521,0.26,2.423,0.454
2.869,2.776,2.354,2.228,2.262,1.645,0.71,0.242,2.28,0.566
2.754,2.53,2.343,1.95,2.638,1.441,0.935,0.975,2.613,0.474
0.767,0.462,0.259,0.424,1.606,0.144,0.0,0.0,0.965,0.0
2.017,2.057,1.617,1.425,2.141,1.085,0.251,0.088,1.993,0.04
3.177,2.978,2.739,2.382,2.975,1.761,1.154,0.747,2.833,0.496
3.585,3.433,3.021,2.702,2.855,2.35,1.244,0.858,2.884,0.69
0.82,0.796,0.463,0.38,1.914,0.291,0.138,0.0,1.107,0.0
3.276,3.071,2.646,2.397,2.629,1.738,0.881,0.449,2.53,0.269
2.407,2.688,2.287,2.084,2.378,1.651,0.348,0.116,2.21,0.44
3.196,3.297,3.1,2.659,2.864,1.942,0.481,0.035,2.818,0.611
3.238,2.788,2.59,2.223,2.611,1.96,1.124,0.6,2.517,0.415
3.354,3.17,2.808,2.443,2.945,2.031,1.575,1.238,2.741,0.752
2.309,2.172,1.652,1.379,2.263,0.955,0.098,0.008,1.895,0.312
3.494,3.309,3.117,2.632,3.034,1.801,0.502,0.179,3.04,0.551
3.318,3.201,2.853,2.496,2.849,1.996,1.091,0.63,2.952,0.605
3.095,2.8,2.541,1.99,2.632,1.563,1.036,0.657,2.688,0.275
2.92,2.8,2.497,2.295,2.618,1.91,0.884,0.526,2.562,0.674
1.767,1.506,1.197,0.862,2.045,0.524,0.122,0.149,1.722,0.0
3.05,3.038,2.489,2.028,2.367,1.519,1.024,0.626,2.583,0.456
2.869,2.853,2.507,2.183,2.459,1.624,0.389,0.178,2.257,0.568
2.575,2.412,2.125,1.789,2.328,1.438,1.056,0.909,2.514,0.256
3.732,3.59,3.512,2.883,3.115,2.474,1.057,0.743,3.248,0.827
1.929,2.187,1.875,1.73,2.286,1.283,0.64,0.567,2.015,0.506
2.826,2.687,2.555,2.244,2.753,1.626,0.115,0.031,2.305,0.159
3.731,3.621,3.122,2.91,2.827,2.054,1.243,0.52,3.09,0.749
2.21,1.958,1.627,1.362,2.193,0.855,0.377,0.212,1.937,0.076
3.237,3.098,2.83,2.501,2.834,2.032,1.252,0.708,2.928,0.612
2.503,2.239,1.847,1.473,2.357,1.239,0.437,0.165,2.042,0.29
3.011,2.669,2.345,1.977,2.492,1.643,0.2,0.0,2.329,0.183
3.183,2.882,2.577,2.244,2.484,1.777,0.514,0.386,2.324,0.534
2.608,2.504,2.442,2.036,2.409,1.285,0.164,0.052,2.507,0.551
2.352,1.928,1.547,1.206,2.035,0.888,0.448,0.271,1.936,0.0
2.573,2.297,1.906,1.441,2.153,0.992,0.198,0.0,2.058,0.075
2.562,2.554,2.36,2.065,2.313,1.486,0.346,0.0,2.241,0.12
1.772,1.798,1.491,1.215,2.005,0.84,0.255,0.272,1.851,0.0
2.208,1.712,1.65,1.378,2.176,1.016,0.96,0.873,1.845,0.256
2.42,2.144,1.913,1.51,2.452,1.27,1.365,1.119,2.47,0.15
1.317,1.34,1.051,0.972,2.097,0.683,0.466,0.371,1.665,0.29
3.38,3.669,3.535,3.236,3.097,2.446,0.43,0.331,3.126,0.635
3.031,2.948,2.541,2.152,2.558,1.686,1.383,0.949,2.606,0.437
1.027,0.78,0.441,0.509,1.895,0.467,0.103,0.0,1.246,0.0
2.329,2.247,2.089,1.693,2.462,1.345,0.711,0.338,2.304,0.235
3.941,3.877,3.532,3.06,3.067,2.532,1.99,1.574,3.334,0.911
2.338,2.176,1.817,1.57,2.067,1.341,0.833,0.396,2.113,0.522
2.674,2.497,2.335,1.888,2.354,1.289,0.644,0.303,2.519,0.457
2.582,2.495,2.076,1.718,2.227,1.164,0.232,0.103,2.219,0.112
3.004,2.963,2.753,2.373,2.587,1.843,0.819,0.642,2.748,0.452
2.034,2.24,1.872,1.461,2.388,1.097,0.767,0.37,2.092,0.158
1.783,1.515,1.056,0.866,1.853,0.566,0.176,0.089,1.82,0.0
2.003,1.795,1.534,1.237,1.978,0.823,0.42,0.333,1.991,0.0
2.501,2.276,1.699,1.428,2.103,1.236,1.1,0.815,2.059,0.387
2.091,2.031,1.715,1.445,2.01,0.939,0.313,0.103,1.844,0.081
3.428,3.344,3.088,2.473,2.684,1.729,0.507,0.313,2.763,0.244
2.938,2.608,2.27,2.106,2.63,1.652,1.19,0.622,2.459,0.505
3.159,2.844,2.356,1.869,2.567,1.315,0.844,0.504,2.531,0.224
3.063,2.79,2.585,2.272,2.536,1.851,1.205,0.841,2.706,0.673
3.1,3.126,2.687,2.363,2.654,1.69,0.803,0.166,2.815,0.508
2.857,2.614,2.268,2.045,2.729,1.736,0.413,0.328,2.376,0.463
2.269,2.041,1.558,1.337,2.363,0.849,0.243,0.117,2.18,0.02
2.922,2.437,2.291,2.193,2.692,1.84,0.344,0.0,2.324,0.377
0.592,0.682,0.4,0.52,1.935,0.606,0.174,0.075,1.186,0.2
3.959,3.699,3.423,2.861,2.973,1.839,0.967,0.653,3.095,0.637
2.797,2.347,1.926,1.812,2.403,1.32,0.77,0.479,2.171,0.103
2.073,2.215,1.76,1.504,1.991,0.88,0.247,0.001,2.227,0.007
2.04,1.646,1.206,1.095,2.114,0.8,0.557,0.327,1.564,0.012
1.113,0.734,0.39,0.462,1.812,0.372,0.285,0.233,1.034,0.0
2.733,2.665,2.145,1.878,2.457,1.505,1.15,0.756,2.638,0.143
2.991,2.841,2.557,2.091,2.473,1.632,0.554,0.226,2.542,0.559
1.752,1.54,1.149,0.939,2.126,0.83,0.157,0.0,1.684,0.0
3.411,3.375,3.015,2.711,3.081,2.426,0.755,0.193,2.807,0.889
2.732,2.452,2.165,1.666,2.432,1.426,0.916,0.423,2.448,0.571
2.063,1.894,1.416,1.185,2.066,0.751,0.0,0.0,1.67,0.109
1.5,1.552,1.187,1.185,2.015,0.916,0.505,0.358,1.712,0.069
1.377,1.262,0.724,0.562,1.622,0.5,0.05,0.008,1.43,0.0
3.935,3.643,3.404,2.882,3.18,2.419,1.984,1.465,3.391,0.909
1.306,1.126,0.683,0.501,1.584,0.511,0.28,0.239,1.472,0.0
3.864,3.988,3.79,3.32,3.022,2.727,2.031,1.55,3.246,0.968
1.694,1.553,0.965,0.824,1.99,0.545,0.178,0.147,1.795,0.0
3.775,3.662,3.202,2.776,3.038,2.352,1.625,0.999,3.333,0.643
0.652,0.548,0.212,0.043,1.607,0.017,0.346,0.248,1.292,0.0
2.757,2.806,2.642,2.283,2.474,1.61,0.703,0.318,2.738,0.451
3.599,3.305,3.122,2.753,2.827,2.233,1.468,1.018,3.0,0.742
1.667,1.47,1.082,0.902,1.875,0.643,0.397,0.38,1.638,0.03
2.726,2.66,2.374,1.945,2.432,1.661,1.085,0.866,2.522,0.564
3.887,3.687,3.444,2.856,2.977,2.111,0.909,0.482,3.14,0.74
2.136,2.043,1.68,1.5,2.031,0.939,0.0,0.0,1.801,0.045
2.767,2.266,1.733,1.5,2.401,1.219,0.301,0.0,1.976,0.095
2.972,3.062,2.918,2.62,2.484,1.885,0.463,0.127,2.815,0.491
1.998,1.999,1.471,1.321,2.206,1.129,0.0,0.0,1.965,0.233
3.398,3.374,2.935,2.418,2.614,1.707,0.594,0.327,2.859,0.352
2.002,1.656,1.342,1.049,1.984,0.612,0.0,0.0,1.679,0.0
2.717,2.576,2.286,1.734,2.363,1.27,0.8,0.573,2.51,0.335
2.459,2.325,2.193,1.75,2.407,1.226,0.033,0.0,2.211,0.315
1.635,1.276,1.025,0.973,1.924,0.716,0.036,0.0,1.538,0.001
2.11,1.67,1.316,1.004,1.984,0.604,0.095,0.0,1.753,0.052
1.135,0.935,0.446,0.328,1.734,0.265,0.204,0.089,1.573,0.0
1.882,1.823,1.577,1.344,2.24,1.135,0.356,0.238,1.827,0.301
3.263,2.903,2.681,2.327,2.874,2.135,0.967,0.626,2.557,0.602
2.43,2.271,2.057,1.82,2.34,1.556,1.257,0.968,2.446,0.447
3.233,3.069,2.82,2.456,2.579,1.789,0.754,0.528,2.603,0.435
0.858,0.611,0.237,0.013,1.605,0.164,0.314,0.244,1.397,0.0
1.198,1.129,0.778,0.475,1.761,0.205,0.0,0.0,1.636,0.0
3.738,3.372,2.929,2.535,2.823,2.236,1.066,0.562,2.847,0.552
2.505,2.585,2.169,1.684,2.219,1.138,0.228,0.08,2.264,0.287
1.508,1.067,0.562,0.465,1.627,0.407,0.121,0.0,1.227,0.0
3.266,3.133,2.83,2.529,2.833,1.959,0.881,0.413,2.824,0.168
2.866,2.47,2.19,1.846,2.654,1.64,1.288,1.029,2.324,0.524
3.301,3.044,2.935,2.257,2.754,1.735,0.868,0.494,2.889,0.566
3.214,3.273,2.927,2.488,2.751,1.748,0.904,0.415,2.922,0.439
2.923,2.844,2.577,2.269,2.412,1.409,0.0,0.0,2.588,0.0
2.674,2.622,2.456,2.215,2.348,1.686,0.355,0.17,2.43,0.348
2.556,2.449,2.295,1.935,2.475,1.527,0.762,0.448,2.489,0.149
2.412,2.08,1.696,1.557,2.232,1.178,0.659,0.409,2.083,0.126
1.714,1.421,1.212,0.992,2.016,0.843,0.723,0.609,1.531,0.0
1.644,1.494,1.298,1.073,2.0,1.021,0.462,0.403,1.641,0.052
3.352,3.071,2.832,2.453,2.695,2.046,1.876,1.422,2.826,0.4
3.569,3.372,3.138,2.688,3.01,2.169,1.28,0.809,3.08,0.422
1.091,1.001,0.346,0.402,1.741,0.121,0.0,0.0,1.533,0.0
2.687,2.556,2.362,2.276,2.509,1.5,0.401,0.139,2.457,0.311
1.905,1.721,1.284,1.124,2.129,0.713,0.0,0.0,1.621,0.011
2.724,2.557,2.228,1.854,2.32,1.358,0.651,0.481,2.189,0.223
2.85,2.729,2.522,2.028,2.651,1.62,1.071,0.645,2.267,0.291
2.627,2.495,2.381,2.052,2.468,1.729,0.551,0.287,2.279,0.437
1.71,1.695,1.517,1.135,1.855,0.633,0.0,0.0,1.67,0.043
2.846,2.786,2.515,2.181,2.533,1.311,0.078,0.0,2.482,0.119
1.281,0.924,0.348,0.273,1.711,0.017,0.0,0.0,1.466,0.0
2.976,3.1,2.821,2.569,2.544,1.987,1.18,0.848,2.887,0.423
2.953,2.824,2.618,2.308,2.705,1.639,0.291,0.0,2.554,0.324
2.678,2.362,2.187,1.857,2.419,1.524,1.103,0.901,2.214,0.363
2.9,2.749,2.527,2.348,2.496,1.713,0.472,0.101,2.426,0.369
3.107,2.835,2.42,1.971,2.515,1.475,0.49,0.315,2.247,0.572
1.505,1.174,0.883,0.834,2.153,0.798,0.529,0.483,1.495,0.11
1.18,1.329,1.201,1.042,1.899,0.65,0.428,0.172,1.724,0.053
1.429,1.426,1.106,0.955,2.093,0.828,0.283,0.298,1.726,0.207
0.063,0.0,0.0,0.0,1.555,0.004,0.101,0.078,0.783,0.0
3.082,3.044,2.768,2.568,2.888,1.918,0.117,0.031,2.707,0.519
1.442,1.587,1.271,1.155,2.205,1.023,0.477,0.408,1.769,0.347
1.965,2.019,1.83,1.624,2.268,1.428,0.781,0.356,2.088,0.259
1.81,1.503,1.069,1.137,2.085,0.962,0.662,0.584,1.779,0.323
2.103,1.649,1.262,1.099,2.19,0.78,0.0,0.0,1.84,0.031
1.546,1.113,0.951,0.874,2.057,0.595,0.14,0.0,1.189,0.134
0.486,0.657,0.751,0.749,2.08,0.777,0.0,0.0,1.583,0.378
2.654,2.218,1.891,1.627,2.473,1.369,0.78,0.545,2.184,0.334
2.872,2.629,2.36,2.072,2.565,1.611,0.741,0.403,2.502,0.253
2.97,2.644,2.268,1.951,2.457,1.388,0.761,0.626,2.21,0.194
3.133,2.899,2.609,2.27,2.588,1.739,0.887,0.55,2.736,0.492
2.566,2.435,2.057,1.859,2.322,1.333,0.397,0.121,2.357,0.245
1.77,1.662,1.512,1.273,1.894,1.141,0.533,0.333,1.834,0.072
3.047,2.958,2.697,2.435,2.625,2.075,0.724,0.436,2.751,0.744
1.193,1.088,0.566,0.386,1.795,0.256,0.286,0.192,1.384,0.0
3.411,3.083,2.779,2.561,2.826,2.12,1.165,0.645,2.798,0.584
0.573,0.594,0.488,0.42,1.904,0.403,0.0,0.0,1.32,0.073
3.099,2.67,2.294,2.105,2.466,1.645,0.846,0.432,2.356,0.197
0.883,1.107,0.589,0.506,1.672,0.293,0.105,0.044,1.686,0.0
3.293,3.251,2.944,2.432,2.676,1.714,0.458,0.06,2.676,0.417
2.617,2.677,2.477,2.275,2.539,1.773,0.689,0.44,2.406,0.577
1.625,1.343,1.211,0.916,1.86,0.334,0.0,0.0,1.452,0.0
1.444,1.468,1.23,0.999,1.907,0.917,0.112,0.0,1.561,0.293
2.52,2.273,2.122,1.935,2.587,1.443,0.507,0.149,2.182,0.053
2.618,2.29,1.877,1.742,2.462,1.747,0.902,0.634,2.176,0.208
3.538,3.42,3.211,2.753,3.006,1.856,0.258,0.0,2.947,0.64
1.841,1.585,0.998,0.712,2.126,0.83,0.188,0.015,1.65,0.082
2.933,2.759,2.487,1.956,2.613,1.388,0.653,0.391,2.755,0.442
2.656,2.437,2.199,1.956,2.573,1.568,0.332,0.148,2.256,0.504
2.842,2.507,2.294,1.791,2.507,1.282,0.668,0.327,2.509,0.462
3.227,3.18,2.885,2.658,2.852,2.098,0.689,0.393,2.853,0.631
3.228,2.9,2.538,2.017,2.387,1.347,0.47,0.203,2.735,0.288
2.638,2.398,2.039,1.595,2.302,0.932,0.149,0.126,2.174,0.185
2.357,1.963,1.613,1.465,2.312,1.085,0.067,0.0,1.849,0.015
3.062,2.794,2.505,2.174,2.445,1.488,0.577,0.439,2.366,0.394
0.965,0.893,0.843,0.651,1.622,0.297,0.0,0.0,1.368,0.0
3.412,3.121,2.731,2.271,2.619,1.854,1.166,0.724,2.809,0.511
3.807,3.501,3.203,2.738,3.007,1.888,0.445,0.158,3.031,0.505
3.616,3.575,3.347,2.836,3.009,2.047,0.683,0.485,3.05,0.668
3.256,2.809,2.592,2.114,2.347,1.389,0.211,0.0,2.418,0.287
2.503,2.768,2.42,2.07,2.287,1.783,0.788,0.327,2.626,0.377
2.758,2.717,2.341,1.968,2.543,1.507,1.683,1.382,2.637,0.567
2.644,2.328,2.283,1.956,2.349,1.222,0.532,0.226,1.985,0.382
3.002,2.789,2.444,2.162,2.619,1.685,0.967,0.65,2.543,0.321
2.325,2.115,1.803,1.651,2.25,1.152,0.255,0.06,2.075,0.083
3.061,2.742,2.395,2.217,2.57,1.567,1.023,0.458,2.629,0.355
2.964,2.882,2.417,2.01,2.493,1.509,0.763,0.6,2.746,0.322
3.523,3.436,3.333,2.824,2.915,2.009,1.084,0.706,2.803,0.742
2.353,2.232,1.803,1.494,2.291,1.097,0.234,0.053,2.308,0.03
1.162,0.973,0.922,0.924,1.855,0.551,0.0,0.0,1.481,0.192
3.057,2.75,2.393,1.977,2.228,1.191,0.633,0.47,2.437,0.223
1.935,1.451,1.046,0.768,2.161,0.525,0.042,0.055,1.689,0.0
2.187,1.939,1.61,1.108,2.082,0.634,0.08,0.0,2.068,0.0
2.563,2.313,1.841,1.601,2.365,1.305,0.952,0.674,2.244,0.183
0.997,0.842,0.6,0.513,2.103,0.551,0.648,0.468,1.618,0.096
3.067,3.005,2.594,2.306,2.641,1.742,0.813,0.517,2.718,0.509
0.814,0.606,0.37,0.301,1.969,0.327,0.006,0.0,1.211,0.131
3.016,3.126,2.765,2.654,2.591,2.041,1.223,0.681,2.693,0.623
1.626,1.25,1.013,0.802,2.143,0.756,0.947,0.562,1.761,0.093
3.4,3.084,2.68,2.195,2.896,1.956,1.95,1.61,2.877,0.487
1.905,1.965,1.485,1.226,2.012,0.713,0.275,0.2,1.994,0.0
2.792,2.478,2.133,1.86,2.455,1.492,0.652,0.412,2.245,0.128
1.212,0.999,0.909,0.621,2.061,0.573,0.353,0.285,1.77,0.117
3.089,3.17,2.859,2.468,2.448,1.817,0.965,0.598,2.842,0.488
3.619,3.586,3.444,3.232,3.275,2.588,0.826,0.546,3.03,1.167
3.423,3.617,3.263,2.875,2.969,2.614,1.025,0.737,2.954,0.961
2.997,3.107,2.866,2.395,2.539,1.545,0.772,0.551,2.751,0.563
3.043,2.747,2.236,1.934,2.673,1.801,1.632,1.204,2.653,0.403
1.562,1.457,0.999,0.809,2.004,0.629,0.301,0.295,1.852,0.0
2.897,2.81,2.494,2.303,2.799,2.026,1.528,1.103,2.872,0.351
1.832,1.65,1.2,1.147,2.109,0.895,0.495,0.223,1.774,0.0
3.092,2.771,2.599,2.207,2.602,1.652,1.12,0.83,2.825,0.347
2.055,1.968,1.759,1.568,2.376,1.329,0.876,0.624,2.036,0.376
2.606,2.311,2.123,1.748,2.375,1.211,0.752,0.55,2.281,0.162
1.461,1.268,1.049,0.737,1.892,0.578,0.431,0.189,1.781,0.0
3.28,3.061,2.619,2.248,2.689,2.086,1.714,1.414,2.663,0.638
1.233,1.232,1.004,0.74,1.785,0.385,0.0,0.0,1.522,0.0
2.287,2.166,1.898,1.71,2.247,1.548,0.517,0.317,2.083,0.28
1.943,1.882,1.518,1.401,2.078,1.345,0.149,0.0,1.828,0.172
1.975,1.775,1.639,1.375,2.123,0.961,0.521,0.419,2.079,0.0
4.0,3.748,3.647,3.131,3.021,2.493,1.636,1.151,3.234,0.764
2.54,2.477,2.173,1.727,2.495,1.267,0.722,0.334,2.396,0.141
3.509,3.339,2.941,2.741,2.699,1.933,1.035,0.558,2.728,0.552
2.433,2.173,1.822,1.591,2.281,1.177,0.754,0.44,1.999,0.087
3.247,2.94,2.624,2.019,2.744,1.601,0.705,0.489,2.825,0.444
1.985,1.906,1.686,1.386,2.174,0.875,0.0,0.0,2.034,0.015
3.105,2.876,2.596,2.141,2.686,1.635,1.545,1.035,2.857,0.42
3.045,2.865,2.503,2.191,2.66,1.851,0.66,0.463,2.655,0.502
3.087,3.147,2.889,2.548,2.663,1.964,0.768,0.488,2.791,0.542
3.133,3.025,2.732,2.374,2.613,1.778,0.898,0.686,2.756,0.537
3.152,3.019,2.717,2.559,2.731,1.973,0.101,0.0,2.673,0.344
1.572,1.51,1.127,0.975,2.029,0.86,0.0,0.0,1.652,0.0
1.466,1.286,1.143,0.861,2.11,0.448,0.0,0.0,1.651,0.044
2.474,2.42,2.244,1.877,2.45,1.262,0.342,0.185,2.377,0.566
3.304,3.039,2.695,2.428,2.712,1.932,0.261,0.0,2.529,0.584
2.54,2.247,1.844,1.427,2.437,1.356,0.388,0.413,2.071,0.167
3.043,2.928,2.548,2.178,2.636,1.568,0.933,0.788,2.595,0.532
2.775,2.579,2.103,1.653,2.375,1.199,0.928,0.712,2.336,0.339
3.509,3.356,3.126,2.739,2.923,2.222,1.071,0.6,2.828,0.999
3.064,2.869,2.631,2.244,2.661,1.476,0.335,0.155,2.713,0.347
2.476,2.131,1.708,1.479,2.404,1.251,0.526,0.378,1.741,0.13
3.114,2.621,2.268,1.813,2.4,1.566,0.304,0.035,2.39,0.343
2.596,2.792,2.342,2.171,2.637,1.626,0.741,0.386,2.302,0.661
2.948,2.864,2.819,2.447,2.652,1.82,0.809,0.322,2.679,0.212
1.212,1.111,0.819,0.649,1.972,0.35,0.186,0.0,1.412,0.0
3.201,2.923,2.52,2.292,2.746,2.051,1.002,0.821,2.742,0.361
1.618,1.401,1.206,1.072,1.849,0.667,0.169,0.036,1.599,0.0
2.218,2.063,1.6,1.467,2.355,1.174,0.833,0.675,2.168,0.323
0.419,0.27,0.012,0.0,1.716,0.0,0.0,0.0,1.173,0.0
2.818,2.34,1.933,1.722,2.336,1.495,1.549,1.162,2.374,0.392
1.091,1.282,1.108,0.95,2.022,0.816,0.0,0.02,1.705,0.07
2.81,2.446,2.067,1.503,2.304,1.003,0.52,0.299,2.276,0.408
2.82,2.719,2.308,2.007,2.294,1.294,0.897,0.72,2.606,0.184
3.664,3.397,3.128,2.634,2.818,1.77,1.186,0.713,2.961,0.298
3.667,3.619,3.354,2.939,3.088,2.233,1.575,1.406,3.414,0.473
2.454,2.124,1.878,1.397,2.138,1.005,0.181,0.065,2.284,0.07
3.262,3.133,2.899,2.502,2.37,1.67,0.863,0.531,2.682,0.544
1.763,1.497,1.385,1.181,2.045,0.721,0.0,0.0,1.792,0.05
2.875,2.676,2.217,1.942,2.456,1.625,1.228,1.003,2.452,0.102
2.981,2.753,2.404,2.099,2.595,1.648,0.794,0.46,2.414,0.549
2.091,1.947,1.746,1.413,2.078,0.855,0.007,0.145,1.827,0.0
2.644,2.281,2.157,1.691,2.465,1.232,0.448,0.211,2.291,0.444
2.254,1.823,1.324,1.1,2.089,0.906,0.872,0.913,1.9,0.182
1.08,1.065,0.828,0.636,1.845,0.44,0.259,0.273,1.583,0.004
1.228,1.413,1.072,1.027,2.102,1.241,0.468,0.21,1.825,0.172
3.146,3.196,2.96,2.549,2.913,2.013,0.893,0.397,2.937,0.577
1.052,0.871,0.735,0.493,1.74,0.386,0.273,0.272,1.389,0.0
1.066,1.181,0.749,0.731,1.932,0.661,0.518,0.461,1.77,0.094
2.019,1.457,1.181,1.051,2.068,0.455,0.0,0.0,1.473,0.0
3.859,3.41,3.154,2.818,2.906,2.197,1.383,1.063,2.88,0.94
2.729,2.554,2.184,1.812,2.249,1.235,0.357,0.264,2.14,0.111
1.917,1.988,1.781,1.712,2.222,1.233,0.12,0.0,2.081,0.198
2.986,2.659,2.539,2.034,2.474,1.694,0.833,0.409,2.513,0.213
3.383,3.304,2.747,2.382,2.522,1.686,0.801,0.519,2.776,0.465
3.098,2.944,2.583,2.104,2.569,1.706,1.056,0.55,2.741,0.357
1.84,1.34,1.183,0.969,2.061,0.572,0.0,0.0,1.444,0.0
3.324,2.988,2.741,2.369,2.706,2.104,1.876,1.425,2.736,0.457
2.841,2.513,2.128,1.919,2.506,1.73,0.654,0.573,2.329,0.452
3.017,2.748,2.426,2.176,2.701,1.874,0.945,0.656,2.642,0.714
2.874,2.562,2.242,2.039,2.319,1.354,0.543,0.152,2.19,0.252
1.324,1.118,0.887,0.82,2.088,0.773,0.397,0.138,1.616,0.107
2.529,2.523,2.153,1.906,2.534,1.309,0.333,0.176,2.455,0.295
2.823,2.543,2.235,1.853,2.485,1.562,0.466,0.309,2.342,0.419
1.861,1.313,0.924,0.666,1.979,0.368,0.381,0.2,1.712,0.0
2.047,1.867,1.668,1.41,1.967,1.03,1.082,0.684,2.233,0.0
1.871,1.502,1.236,0.944,2.108,0.785,0.034,0.006,1.788,0.0
2.559,2.485,2.083,1.827,2.337,1.519,0.553,0.121,1.992,0.452
3.94,3.717,3.562,3.288,3.235,2.595,1.256,0.611,3.037,1.16
3.664,3.578,3.257,2.938,3.11,2.501,1.3,0.952,3.166,0.586
3.176,3.402,3.027,2.871,2.834,2.424,1.52,0.973,2.854,0.929
2.636,2.367,2.118,1.748,2.403,1.322,0.572,0.389,2.254,0.287
3.324,3.196,2.909,2.319,2.929,2.164,1.435,1.079,3.068,0.452
3.051,2.607,2.26,1.901,2.597,1.552,0.428,0.27,2.447,0.421
1.374,1.179,0.92,0.881,1.872,0.544,0.0,0.0,1.361,0.008
1.893,1.667,1.239,1.275,2.088,1.083,0.179,0.0,1.679,0.155
2.909,2.424,2.076,1.754,2.496,1.361,0.578,0.404,2.228,0.07
1.502,1.775,1.501,1.23,2.044,0.96,0.089,0.05,1.955,0.0
2.632,2.584,2.098,1.877,2.395,1.469,0.454,0.26,2.268,0.169
1.828,1.933,1.496,1.435,2.371,1.259,0.109,0.0,2.07,0.288
2.707,2.469,2.238,1.757,2.366,1.28,0.487,0.331,2.289,0.365
2.588,2.389,2.149,1.88,2.237,1.334,0.459,0.144,2.226,0.317
3.799,3.792,3.564,3.114,3.229,2.606,1.125,0.585,3.425,0.716
2.608,2.395,2.156,1.737,2.324,1.184,0.539,0.177,2.157,0.482
2.936,2.76,2.402,2.045,2.499,1.66,1.187,1.108,2.505,0.182
3.813,3.768,3.584,3.014,3.121,2.373,1.235,0.684,3.551,0.622
3.599,3.245,2.838,2.595,2.813,1.967,1.242,0.932,2.746,0.774
3.31,3.077,2.683,2.42,2.724,1.976,1.61,0.9,2.876,0.662
2.4,2.309,2.019,1.751,2.296,1.287,0.0,0.0,2.168,0.19
2.652,2.568,2.065,1.7,2.242,1.259,0.069,0.0,2.049,0.438
1.966,1.61,1.22,1.101,2.01,0.637,0.0,0.0,1.844,0.0
1.925,1.961,1.748,1.465,2.217,1.018,0.892,0.479,2.211,0.0
1.004,0.994,0.611,0.535,1.719,0.53,0.117,0.055,1.524,0.0
2.21,2.053,1.596,1.315,2.181,1.033,1.305,0.906,2.18,0.128
3.713,3.214,2.94,2.597,2.89,1.964,1.169,0.699,2.859,0.704
2.033,1.822,1.5,0.986,2.018,0.611,0.508,0.239,1.817,0.0
2.868,2.695,2.24,2.057,2.765,1.758,1.33,0.788,2.585,0.365
2.098,1.847,1.636,1.267,1.991,0.985,1.045,1.069,2.17,0.162
2.91,3.039,2.65,2.139,2.363,1.63,0.605,0.335,2.694,0.265
1.319,1.173,0.838,0.724,2.079,0.578,0.149,0.153,1.738,0.0
2.744,2.554,2.289,1.835,2.4,1.129,0.06,0.0,2.393,0.0
1.871,1.731,1.521,1.248,2.16,0.794,0.05,0.0,1.832,0.0
2.875,2.615,2.171,1.84,2.661,1.569,1.088,0.721,2.477,0.315
3.504,3.349,3.055,2.383,2.792,2.089,0.849,0.583,2.83,0.602
3.472,3.235,2.962,2.69,2.793,2.144,1.358,1.105,2.854,0.629
2.566,2.567,2.249,2.057,2.662,1.405,0.821,0.599,2.638,0.633
0.636,0.664,0.555,0.435,1.907,0.468,0.178,0.0,1.63,0.114
2.67,2.597,2.161,1.825,2.233,1.34,0.795,0.536,2.513,0.082
2.391,2.098,1.713,1.369,2.235,1.252,0.273,0.175,2.052,0.0
2.514,2.533,2.409,2.385,2.255,1.885,0.578,0.159,2.419,0.587
1.77,1.639,1.348,0.994,2.137,0.72,0.214,0.188,2.051,0.0
2.393,2.462,2.171,2.092,2.504,1.649,0.397,0.282,2.252,0.307
2.091,2.119,1.898,1.68,2.355,1.255,0.242,0.107,2.136,0.368
3.267,3.1,2.948,2.447,3.028,1.918,0.427,0.283,2.785,0.462
2.736,2.48,1.975,1.599,2.259,1.163,0.495,0.251,2.169,0.343
2.122,1.932,1.624,1.334,2.185,0.74,0.326,0.206,1.935,0.239
2.283,2.159,1.849,1.404,2.079,1.107,0.487,0.403,2.264,0.231
2.868,2.544,2.236,1.986,2.49,1.486,0.806,0.503,2.493,0.271
2.751,2.647,2.423,1.959,2.485,1.466,0.864,0.526,2.468,0.395
2.619,2.37,1.992,1.672,2.174,1.12,0.57,0.497,2.094,0.068
3.499,3.175,2.966,2.338,2.525,1.831,0.477,0.228,2.753,0.451
3.004,3.023,2.75,2.278,2.739,1.448,0.582,0.067,2.537,0.29
3.427,3.129,2.839,2.444,2.899,1.859,1.313,0.979,2.94,0.476
1.377,1.034,0.617,0.514,1.711,0.459,0.0,0.0,1.349,0.0
2.5,2.38,2.091,1.754,2.1,1.032,0.033,0.0,2.32,0.061
2.018,1.628,1.341,1.139,2.102,0.75,0.482,0.393,1.844,0.212
3.014,2.596,2.397,1.851,2.631,1.459,1.106,0.822,2.432,0.105
2.842,2.728,2.299,1.941,2.362,1.516,0.478,0.271,2.412,0.307
3.62,3.178,2.851,2.461,2.711,2.004,1.079,0.739,2.741,0.719
3.264,3.009,2.623,2.178,2.552,1.711,1.342,0.914,2.754,0.632
1.597,1.357,1.18,0.745,1.819,0.37,0.036,0.134,1.485,0.0
1.936,1.481,1.33,1.124,2.168,0.975,0.295,0.335,1.614,0.0
1.932,1.425,1.116,1.014,2.136,0.679,0.033,0.0,1.457,0.0
1.858,1.768,1.488,1.354,2.182,1.165,0.298,0.189,2.077,0.17
3.348,2.945,2.747,2.055,2.721,1.707,1.544,1.264,2.845,0.539
3.37,3.315,2.98,2.491,2.861,2.141,2.087,1.628,3.068,0.709
2.705,2.327,1.899,1.535,2.522,1.222,0.106,0.004,1.992,0.179
2.252,1.987,1.593,1.41,2.306,1.068,0.358,0.301,2.093,0.07
3.507,3.344,3.066,2.788,2.761,2.134,0.841,0.623,2.81,0.341
3.126,3.091,2.855,2.485,2.847,2.096,0.808,0.444,2.634,1.025
2.378,2.101,1.873,1.555,2.244,1.182,0.316,0.287,1.936,0.176
2.07,1.745,1.376,1.142,2.032,0.902,0.377,0.223,1.934,0.0
3.081,3.094,2.721,2.362,2.628,1.529,0.353,0.135,2.694,0.435
2.888,2.428,2.094,1.795,2.507,1.791,1.935,1.656,2.471,0.311
3.313,3.12,2.76,2.374,2.717,1.927,1.544,1.178,2.833,0.67
1.271,1.222,0.814,0.676,2.153,0.516,0.0,0.017,1.601,0.0
3.303,2.932,2.597,2.136,2.552,1.43,0.83,0.501,2.77,0.293
1.362,1.468,1.138,1.052,2.023,0.712,0.245,0.137,1.683,0.179
2.747,2.497,2.111,1.826,2.493,1.29,0.548,0.386,2.319,0.251
2.787,2.724,2.339,2.0,2.293,1.326,1.164,0.757,2.567,0.195
2.875,2.431,2.015,1.742,2.388,1.235,0.396,0.162,2.214,0.095
1.888,1.835,1.578,1.467,2.24,1.157,0.586,0.318,2.176,0.315
1.709,1.461,1.035,0.841,1.965,0.85,0.807,0.619,1.844,0.193
2.008,1.931,1.683,1.332,2.075,0.778,0.264,0.24,2.14,0.141
3.635,3.531,3.25,2.699,3.003,2.055,1.156,0.666,3.144,0.548
3.541,3.268,2.97,2.495,2.837,1.975,0.618,0.271,2.955,0.602
2.238,2.393,2.075,1.923,2.295,1.328,0.344,0.143,1.992,0.402
3.212,3.24,2.855,2.36,2.98,2.002,1.796,1.285,2.925,0.589
1.123,0.977,0.616,0.535,1.857,0.455,0.113,0.181,1.341,0.0
2.702,2.364,2.047,1.801,2.36,1.425,0.938,0.796,2.099,0.348
3.207,3.131,2.874,2.393,2.821,1.849,1.401,0.925,2.819,0.672
3.267,3.056,2.647,2.3,2.614,1.914,1.339,0.689,2.822,0.283
3.17,2.921,2.721,2.452,2.544,1.716,0.719,0.354,2.483,0.339
1.301,1.407,1.089,0.711,1.845,0.661,0.175,0.14,1.681,0.0
3.116,3.059,2.644,2.285,2.585,1.853,0.439,0.152,2.603,0.688
0.781,0.906,0.547,0.4,1.69,0.447,0.086,0.0,1.638,0.0
3.121,2.781,2.418,2.097,2.474,1.764,2.054,1.614,2.588,0.611
3.03,2.821,2.709,2.247,2.448,1.472,0.116,0.0,2.793,0.42
2.614,2.45,2.138,1.927,2.655,1.487,0.451,0.063,2.504,0.388
3.398,3.22,2.856,2.458,2.786,2.191,1.317,1.045,2.895,0.605
1.725,1.842,1.538,1.238,1.988,0.886,0.191,0.0,1.862,0.279
3.794,3.499,3.377,3.119,3.155,2.603,1.574,0.951,3.092,0.545
2.493,2.413,2.101,1.708,2.325,1.147,0.334,0.05,2.385,0.0
3.204,3.167,2.791,2.461,2.804,2.071,1.443,0.891,2.834,0.459
3.842,3.591,3.346,2.973,3.081,2.579,1.9,1.191,3.404,0.542
3.825,3.806,3.364,2.828,2.841,2.259,2.407,1.927,3.209,0.625
3.174,3.14,2.969,2.297,2.687,1.541,0.868,0.754,2.872,0.478
1.64,1.397,1.005,0.791,1.969,0.557,0.134,0.0,1.6,0.061
1.161,1.298,1.053,0.909,1.921,0.589,0.398,0.211,1.74,0.174
1.707,1.032,0.636,0.44,1.856,0.474,0.387,0.426,1.285,0.0
3.834,3.503,3.287,2.882,2.934,2.187,1.494,0.821,3.133,0.291
3.228,2.784,2.57,2.189,2.723,1.642,1.183,0.818,2.619,0.475
3.858,3.614,3.424,2.944,2.94,2.15,0.698,0.347,2.956,0.858
3.184,3.03,2.591,2.132,2.592,2.014,1.935,1.513,2.779,0.464
3.294,3.06,2.653,2.361,2.489,1.733,0.943,0.823,2.609,0.421
0.23,0.4,0.271,0.083,1.689,0.239,0.047,0.077,1.431,0.0
3.762,3.457,3.112,2.682,2.884,2.28,1.587,1.18,3.166,0.507
2.834,2.506,2.261,1.781,2.316,1.212,0.475,0.299,2.449,0.279
3.168,3.104,2.803,2.68,2.655,2.044,0.929,0.486,2.87,0.487
3.542,3.384,3.231,2.781,3.029,2.464,1.24,0.973,3.015,0.834
2.839,2.638,2.13,1.974,2.66,1.813,0.831,0.484,2.499,0.302
1.51,1.43,1.097,1.013,1.774,0.778,0.323,0.219,1.66,0.034
1.885,1.976,1.599,1.371,2.114,1.156,0.24,0.173,2.046,0.106
2.923,2.58,2.292,2.095,2.544,1.683,1.064,0.732,2.387,0.591
2.739,2.552,2.238,1.875,2.323,1.194,0.736,0.534,2.37,0.306
1.711,1.268,0.795,0.71,1.952,0.691,0.143,0.042,1.291,0.0
2.536,2.209,1.779,1.377,2.02,0.719,0.326,0.22,2.238,0.019
3.134,3.004,2.661,2.27,2.578,1.72,1.348,1.028,2.932,0.616
2.23,2.486,2.132,1.971,2.359,1.75,0.551,0.225,2.381,0.062
3.258,2.854,2.433,2.11,2.371,1.46,0.159,0.0,2.473,0.149
2.97,2.876,2.605,2.065,2.164,1.652,0.89,0.529,2.683,0.5
3.059,2.782,2.439,2.194,2.61,1.986,1.002,0.652,2.623,0.429
2.555,2.268,2.002,1.62,2.178,1.102,0.248,0.059,1.924,0.178
0.543,0.709,0.6,0.562,1.759,0.489,0.0,0.0,1.483,0.0
2.579,2.562,2.259,1.935,2.39,1.409,0.358,0.312,2.251,0.364
2.632,2.542,2.288,1.998,2.371,1.582,0.933,0.629,2.375,0.456
3.171,3.218,2.879,2.567,2.777,2.232,0.966,0.527,2.532,0.698
3.239,2.858,2.774,2.214,2.512,1.522,0.605,0.373,2.528,0.43
2.941,2.647,2.298,1.918,2.462,1.386,0.603,0.257,2.45,0.228
0.514,0.338,0.2,0.075,1.701,0.0,0.0,0.0,1.0,0.0
3.141,2.932,2.824,2.365,2.593,1.64,0.577,0.246,2.731,0.447
3.581,3.579,3.484,3.172,3.141,2.876,2.033,1.369,3.409,1.092
3.12,2.721,2.311,2.039,2.496,1.618,0.891,0.822,2.441,0.347
3.317,2.909,2.543,2.166,2.284,1.252,0.68,0.259,2.586,0.291
3.037,2.823,2.318,2.039,2.675,1.514,0.626,0.387,2.512,0.207
2.915,2.636,2.319,2.013,2.419,1.307,0.347,0.095,2.414,0.292
3.732,3.738,3.362,2.781,2.974,2.047,1.411,1.148,3.332,0.566
1.559,1.419,0.94,0.903,1.979,0.784,0.513,0.327,1.45,0.0
1.086,0.972,0.826,0.801,1.684,0.618,0.153,0.037,1.441,0.086
3.44,3.249,3.007,2.531,2.923,1.991,0.946,0.597,2.729,0.881
2.751,2.452,2.257,1.745,2.484,1.428,0.912,0.649,2.498,0.126
2.868,2.635,2.381,2.125,2.66,1.816,0.644,0.37,2.298,0.478
2.891,2.872,2.619,2.364,2.59,1.602,0.684,0.327,2.297,0.85
2.917,2.682,2.356,2.099,2.347,1.43,0.072,0.0,2.362,0.205
2.236,2.23,1.919,1.553,2.255,0.995,0.544,0.291,2.01,0.102
2.173,2.169,1.846,1.678,2.506,1.154,0.379,0.272,2.421,0.525
2.959,3.053,2.909,2.698,2.536,1.856,1.008,0.378,2.417,0.852
2.707,2.621,2.35,2.183,2.61,1.553,0.53,0.296,2.313,0.452
2.166,1.79,1.323,1.104,2.211,1.03,0.53,0.28,1.862,0.182
3.649,3.529,3.259,2.851,2.656,2.106,1.48,1.23,3.104,0.749
2.062,2.094,1.821,1.54,2.438,1.324,0.283,0.086,2.299,0.131
3.685,3.548,3.171,2.795,2.919,1.935,1.569,1.322,2.972,0.82
2.018,1.684,1.304,0.936,2.135,0.928,1.389,1.353,1.989,0.191
1.931,1.896,1.524,1.317,2.002,0.943,0.312,0.129,1.823,0.109
0.767,0.819,0.633,0.586,1.761,0.486,0.072,0.02,1.256,0.0
2.569,2.61,2.365,2.137,2.351,1.955,0.547,0.227,2.486,0.776
2.949,2.655,2.515,2.149,2.72,1.737,0.771,0.483,2.38,0.546
3.915,3.777,3.57,3.119,3.319,2.606,1.692,1.354,3.392,1.178
2.266,1.883,1.617,1.227,2.169,0.765,0.413,0.381,2.181,0.095
3.359,3.423,3.089,2.994,2.964,2.266,0.717,0.55,2.931,0.553
3.643,3.292,3.126,2.489,2.843,1.902,0.966,0.534,3.099,0.63
2.761,2.622,2.384,2.045,2.416,1.437,0.743,0.396,2.448,0.352
3.597,3.18,2.928,2.43,2.384,1.557,0.366,0.099,2.749,0.242
1.252,1.211,0.907,0.781,1.935,0.526,0.305,0.291,1.507,0.065
3.506,3.336,3.118,2.519,2.612,1.855,0.691,0.534,2.962,0.642
2.632,2.419,2.217,2.064,2.6,1.338,0.0,0.0,2.157,0.207
2.519,2.627,2.133,1.92,2.187,1.29,0.163,0.0,2.326,0.384
2.258,2.076,1.816,1.689,2.44,1.314,1.052,1.152,2.187,0.426
2.536,2.585,2.174,1.869,2.405,1.624,0.989,0.383,2.372,0.295
3.549,3.174,2.893,2.667,2.76,2.173,1.053,0.714,2.692,0.483
0.453,0.528,0.346,0.391,1.712,0.392,0.0,0.0,1.175,0.0
2.49,2.004,1.661,1.496,2.261,1.025,0.216,0.065,1.816,0.003
1.809,1.5,1.182,1.087,1.97,0.688,0.0,0.093,1.669,0.04
3.062,2.975,2.733,2.251,2.687,2.008,1.419,0.804,2.596,0.7
1.148,1.028,0.856,0.46,1.706,0.375,0.092,0.075,1.464,0.0
3.022,2.862,2.632,2.377,2.584,1.704,1.627,1.239,2.608,0.485
2.358,1.856,1.436,1.165,2.126,1.035,0.863,0.504,2.022,0.019
2.293,1.983,1.79,1.372,1.997,0.796,0.0,0.0,1.939,0.0
1.899,1.468,1.021,0.857,1.965,0.694,0.822,0.632,1.514,0.051
3.485,3.613,3.352,3.01,2.813,2.063,0.823,0.388,3.082,0.576
2.901,2.349,2.024,1.746,2.262,1.323,0.239,0.037,2.045,0.096
2.341,2.183,1.872,1.498,2.055,0.933,0.24,0.25,2.165,0.051
2.247,2.116,1.943,1.483,2.343,1.024,0.02,0.0,2.236,0.463
2.26,2.38,2.138,1.813,2.312,1.202,0.118,0.0,2.166,0.378
2.916,2.548,2.181,1.735,2.365,1.292,0.555,0.173,2.424,0.361
3.172,3.004,2.725,2.162,2.699,1.399,0.693,0.322,2.704,0.215
3.402,3.218,2.961,2.409,2.849,2.072,1.522,1.255,3.023,0.477
3.204,3.082,2.721,2.241,2.609,1.619,0.554,0.332,2.711,0.498
2.257,2.063,1.706,1.555,2.17,1.235,0.706,0.358,2.128,0.208
3.287,3.218,2.947,2.588,2.823,2.031,1.347,0.955,2.93,0.635
2.208,2.139,1.871,1.705,2.381,1.451,0.243,0.0,2.146,0.531
2.763,2.683,2.384,2.055,2.477,1.538,0.647,0.341,2.451,0.233
3.105,3.034,2.689,2.263,2.554,1.861,0.684,0.439,2.612,0.422
2.045,2.035,1.479,1.352,2.083,1.054,0.466,0.279,2.147,0.297
2.935,2.696,2.415,1.864,2.677,1.257,1.071,0.838,2.618,0.126
2.442,2.395,2.141,1.584,2.414,1.322,0.708,0.54,2.521,0.263
1.103,1.21,1.025,0.886,1.946,0.638,0.206,0.14,1.415,0.097
3.737,3.538,3.389,2.81,3.123,1.885,0.539,0.191,2.871,0.278
3.039,2.935,2.689,2.407,2.443,1.888,1.73,1.37,2.76,0.713
1.991,1.823,1.621,1.454,2.126,1.242,0.95,0.693,2.052,0.469
2.936,2.46,2.213,1.948,2.304,1.516,0.737,0.454,2.277,0.138
1.988,1.767,1.483,1.53,2.312,0.896,0.265,0.178,1.847,0.0
1.907,1.901,1.76,1.318,2.203,1.306,0.536,0.461,1.999,0.207
0.782,0.787,0.692,0.554,1.855,0.428,0.142,0.154,1.337,0.0
3.375,3.118,2.843,2.418,2.761,1.741,0.826,0.544,2.973,0.525
2.236,2.228,1.946,1.748,2.361,1.428,0.269,0.272,2.33,0.275
4.0,3.956,3.872,3.38,3.539,3.056,1.294,0.82,3.341,1.11
1.135,1.07,0.915,0.717,2.027,0.777,0.382,0.195,1.637,0.142
2.45,2.202,1.986,1.653,2.046,1.118,0.239,0.0,2.292,0.141
2.926,2.953,2.934,2.434,2.534,1.737,0.376,0.126,2.601,0.485
3.669,3.773,3.422,3.087,3.002,2.537,2.142,1.581,3.411,0.734
3.238,3.085,2.915,2.412,2.606,1.688,0.749,0.435,2.743,0.505
2.373,2.349,2.038,1.919,2.257,1.364,0.644,0.19,2.085,0.494
2.659,2.59,2.443,2.031,2.475,1.558,0.742,0.45,2.61,0.497
2.572,2.33,2.074,1.919,2.377,1.206,0.79,0.644,2.163,0.335
2.761,2.198,1.941,1.665,2.23,1.176,0.251,0.069,1.941,0.142
1.74,1.407,1.043,0.799,2.136,0.616,0.193,0.072,1.531,0.0
2.702,2.641,2.527,2.466,2.627,1.651,0.282,0.0,2.427,0.543
3.765,3.395,3.181,2.566,2.547,2.079,0.834,0.497,2.957,0.732
3.204,2.884,2.456,2.198,2.518,1.631,1.257,0.999,2.721,0.387
1.049,0.878,0.506,0.483,1.927,0.402,0.061,0.094,1.602,0.0
2.581,2.132,1.805,1.548,2.588,1.33,0.364,0.169,2.134,0.219
3.08,2.952,2.68,2.313,2.661,1.662,1.076,0.887,2.674,0.504
1.547,1.4,0.935,0.801,1.863,0.573,0.0,0.0,1.611,0.0
3.075,3.003,2.727,2.459,2.851,2.0,1.454,1.095,2.934,0.477
3.346,3.227,3.11,2.404,2.979,1.748,0.868,0.574,2.996,0.459
2.976,2.834,2.491,2.12,2.479,1.783,0.89,0.697,2.558,0.479
2.326,2.304,2.272,1.863,2.224,1.234,0.808,0.509,2.245,0.125
2.357,2.141,1.785,1.545,2.181,0.98,0.344,0.123,2.024,0.058
2.62,2.449,2.37,2.111,2.651,1.638,0.63,0.425,2.362,0.402
4.0,4.0,3.862,3.704,3.346,3.08,1.722,0.87,3.383,1.166
1.325,0.999,0.671,0.403,1.693,0.152,0.042,0.01,1.445,0.0
2.283,2.292,1.806,1.625,2.094,1.263,0.57,0.371,1.925,0.399
3.824,3.582,3.443,3.138,3.191,2.768,1.607,1.143,3.182,0.977
2.848,2.698,2.312,1.882,2.476,1.381,1.085,0.837,2.601,0.334
2.533,2.406,1.895,1.595,2.604,1.451,0.441,0.313,2.387,0.243
3.179,2.665,2.35,2.095,2.489,1.71,0.5,0.091,2.424,0.338
2.679,2.475,2.261,1.953,2.667,1.511,0.368,0.126,2.41,0.291
3.012,2.83,2.416,2.356,2.74,1.81,0.614,0.416,2.557,0.439
1.919,1.464,1.091,0.914,2.172,0.669,0.249,0.242,1.719,0.0
1.776,1.536,0.897,0.693,1.922,0.538,0.357,0.321,1.806,0.0
3.295,3.11,2.667,2.416,2.838,2.019,1.505,0.966,2.808,0.562
3.493,3.431,3.285,2.753,2.679,2.091,1.533,1.028,3.088,0.461
3.006,2.405,2.221,1.882,2.434,1.517,0.841,0.509,2.362,0.497
0.646,0.597,0.38,0.374,2.027,0.463,0.0,0.0,1.427,0.157
1.451,1.246,0.786,0.495,1.667,0.196,0.133,0.095,1.645,0.0
1.667,1.329,0.987,0.812,1.868,0.303,0.211,0.198,1.34,0.0
1.539,1.267,0.94,0.843,1.909,0.758,0.832,0.572,1.712,0.222
3.059,2.945,2.613,2.402,2.453,1.739,0.834,0.579,2.436,0.545
0.567,0.692,0.403,0.253,1.682,0.347,0.282,0.187,1.391,0.0
1.939,1.883,1.565,1.314,2.13,1.062,0.417,0.326,1.959,0.313
1.813,1.688,1.473,1.255,2.353,0.92,0.551,0.479,2.099,0.128
2.594,2.624,2.015,1.653,2.281,1.144,0.836,0.731,2.511,0.23
1.743,1.215,0.747,0.661,1.869,0.492,0.0,0.0,1.312,0.0
2.796,2.752,2.515,2.219,2.533,1.738,1.608,1.246,2.715,0.393
3.217,2.464,2.202,1.877,2.486,1.219,0.367,0.0,2.432,0.095
2.744,2.294,1.993,1.655,2.342,1.298,0.758,0.4,2.182,0.074
2.777,2.357,2.082,1.81,2.532,1.47,1.527,1.17,2.418,0.338
3.215,2.765,2.583,2.053,2.357,1.258,0.554,0.273,2.634,0.113
3.486,3.794,3.589,3.367,3.32,2.936,1.162,0.483,2.985,1.167
1.816,1.679,1.2,1.024,1.817,0.837,0.157,0.0,1.604,0.089
2.72,2.763,2.476,2.225,2.698,1.79,0.164,0.0,2.342,0.613
1.604,1.765,1.348,1.251,1.924,1.179,0.398,0.268,2.012,0.225
1.578,1.638,1.34,1.046,2.034,0.769,0.201,0.181,1.993,0.205
3.42,3.256,3.129,2.649,2.924,1.893,0.697,0.477,2.883,0.435
2.014,2.044,1.781,1.712,2.094,1.12,0.27,0.139,1.987,0.0
3.244,3.054,2.62,2.201,2.545,1.795,1.387,1.292,2.737,0.607
3.081,3.193,2.913,2.547,2.784,2.19,1.269,1.05,2.96,0.624
3.543,3.454,3.195,2.704,2.701,1.983,1.475,0.889,2.858,0.839
2.129,2.144,1.864,1.622,2.206,1.31,0.727,0.599,2.139,0.558
3.321,3.147,2.747,2.308,2.645,1.962,1.62,1.178,3.009,0.585
2.494,2.369,1.994,1.803,2.517,1.373,0.0,0.0,2.196,0.2
2.708,2.586,2.148,1.965,2.547,1.531,0.795,0.509,2.485,0.332
2.477,2.327,1.896,1.767,2.373,1.496,0.852,0.331,2.301,0.223
3.552,3.277,2.999,2.626,2.727,2.048,1.302,0.979,2.92,0.702
3.227,2.952,2.713,2.515,2.629,2.027,0.552,0.217,2.713,0.77
2.905,2.555,2.227,2.099,2.595,1.617,0.401,0.0,2.475,0.431
2.739,2.369,1.867,1.821,2.287,1.556,1.134,1.015,2.141,0.371
3.372,2.972,2.725,2.289,2.88,1.793,0.501,0.162,2.579,0.45
2.408,2.475,2.125,2.009,2.467,1.529,0.212,0.057,2.16,0.335
0.912,0.803,0.696,0.691,1.988,0.608,0.233,0.117,1.673,0.219
1.838,1.495,1.355,1.089,2.052,0.794,0.373,0.368,1.723,0.286
2.162,1.931,1.699,1.519,2.228,1.116,0.338,0.146,1.989,0.28
0.845,0.916,0.603,0.641,1.818,0.517,0.243,0.151,1.533,0.023
3.118,2.88,2.636,2.115,2.334,1.468,0.279,0.093,2.514,0.325
1.599,1.705,1.385,1.135,2.057,0.778,0.4,0.279,1.91,0.269
3.223,3.016,2.546,2.331,2.576,1.841,0.874,0.661,2.712,0.184
1.105,1.294,1.079,0.788,1.804,0.651,0.148,0.013,1.899,0.069
3.057,3.133,2.553,2.06,2.378,1.489,0.449,0.253,2.402,0.333
3.243,3.09,2.994,2.595,2.6,1.824,0.32,0.0,2.52,0.403
1.668,1.689,1.429,1.139,2.276,0.694,0.178,0.096,1.973,0.151
3.766,3.731,3.327,2.743,2.944,2.115,0.969,0.487,3.048,0.572
2.224,2.142,1.679,1.304,2.259,0.859,0.03,0.0,2.241,0.113
0.62,0.419,0.315,0.205,1.84,0.268,0.0,0.0,1.111,0.0
2.788,2.543,2.281,1.833,2.359,1.185,0.305,0.185,2.377,0.092
1.218,1.115,0.949,0.751,2.011,0.636,0.492,0.403,1.839,0.036
3.425,3.345,3.319,2.766,2.828,2.191,1.635,1.296,2.931,0.613
0.886,0.672,0.479,0.317,1.958,0.325,0.26,0.168,1.321,0.085
2.886,2.636,2.345,1.762,2.374,1.38,1.385,1.033,2.516,0.083
2.896,2.689,2.303,1.785,2.609,1.562,1.57,1.223,2.606,0.435
3.197,2.92,2.684,2.489,2.647,1.96,0.724,0.259,2.343,0.835
2.301,2.199,2.069,1.668,2.345,1.231,0.179,0.054,2.388,0.075
2.829,2.593,2.226,1.776,2.31,1.469,1.374,0.948,2.589,0.385
3.18,3.322,2.877,2.431,2.658,1.693,0.589,0.43,3.024,0.523
3.07,2.891,2.654,2.349,2.455,1.747,0.981,0.698,2.708,0.539
3.471,3.126,2.906,2.454,2.644,1.836,0.807,0.547,2.812,0.535
3.433,3.233,2.87,2.388,2.824,1.762,1.103,0.817,2.903,0.407
2.788,2.639,2.506,2.056,2.525,1.448,0.174,0.0,2.296,0.36
3.834,3.42,3.177,2.769,2.73,2.036,1.923,1.156,3.026,0.476
2.897,2.54,2.011,1.624,2.226,0.738,0.125,0.0,2.135,0.03
3.529,3.07,2.714,2.246,2.706,1.777,1.199,0.753,2.811,0.559
2.357,2.266,1.723,1.507,2.38,1.251,0.931,0.627,2.042,0.096
1.441,1.279,1.167,1.029,2.027,0.654,0.542,0.386,1.917,0.0
1.503,1.289,0.947,0.819,1.761,0.639,0.054,0.0,1.552,0.0
3.128,2.746,2.429,2.354,2.703,1.893,0.839,0.46,2.567,0.422
3.231,3.106,2.694,2.473,2.613,1.866,0.972,0.641,2.572,0.395
2.359,2.264,1.789,1.697,2.315,1.229,0.419,0.111,2.156,0.329
0.497,0.348,0.058,0.0,1.708,0.0,0.104,0.072,1.065,0.0
1.217,1.279,0.837,0.765,1.757,0.8,0.165,0.03,1.83,0.016
3.066,2.914,2.769,2.418,2.657,1.893,1.05,0.546,2.639,0.48
3.254,3.086,2.775,2.213,2.477,1.562,0.312,0.0,2.542,0.479
2.422,1.959,1.588,1.247,2.286,1.121,1.13,0.825,2.141,0.2
3.949,3.86,3.464,2.976,3.199,2.265,0.675,0.195,3.091,1.075
3.286,3.328,2.962,2.573,2.608,1.747,0.741,0.32,2.899,0.21
1.92,1.661,1.438,1.261,2.1,0.986,0.602,0.446,1.794,0.33
2.867,2.65,2.381,1.948,2.398,1.554,0.592,0.28,2.432,0.501
2.745,3.07,2.495,2.109,2.718,1.737,0.719,0.452,2.532,0.851
1.98,2.007,1.612,1.457,2.297,1.29,0.572,0.514,2.166,0.195
1.737,1.725,1.426,1.26,1.935,0.939,0.193,0.0,1.674,0.157
2.828,2.698,2.408,1.998,2.493,1.399,0.614,0.439,2.626,0.461
2.447,2.28,1.851,1.654,2.478,1.255,0.113,0.001,1.973,0.175
1.851,1.789,1.489,1.407,2.247,1.097,0.717,0.381,2.043,0.426
3.181,2.923,2.342,2.285,2.732,2.014,1.546,0.693,2.591,0.75
2.832,2.574,2.227,1.786,2.651,1.673,2.098,1.809,2.524,0.445
3.234,2.957,2.667,2.179,2.551,1.8,1.421,1.12,2.571,0.565
2.325,2.044,1.834,1.475,2.184,0.83,0.312,0.14,2.072,0.255
2.316,2.436,1.977,1.833,2.185,1.43,0.848,0.326,2.181,0.24
2.662,2.489,2.262,1.93,2.404,1.278,0.306,0.271,2.374,0.073
1.692,1.696,1.455,1.189,2.292,1.232,0.777,0.571,2.088,0.192
2.819,2.684,2.533,2.167,2.579,1.451,0.635,0.357,2.468,0.547
2.902,2.535,2.185,1.753,2.529,1.333,0.675,0.503,2.369,0.324
2.869,2.763,2.361,2.305,2.609,1.866,0.942,0.469,2.547,0.668
3.064,2.878,2.461,2.143,2.369,1.61,1.621,0.977,2.72,0.555
1.15,1.123,1.063,0.902,1.81,0.69,0.515,0.518,1.296,0.048
2.619,2.464,2.327,1.871,2.33,1.196,0.335,0.137,2.372,0.312
2.361,2.33,2.125,1.798,2.52,1.446,0.47,0.206,2.308,0.173
3.077,2.883,2.553,2.381,2.78,1.893,1.285,0.849,2.713,0.173
3.595,3.126,2.856,2.279,2.767,1.439,0.76,0.48,2.72,0.416
2.869,2.535,2.107,1.81,2.486,1.414,1.519,1.415,2.241,0.659
2.227,2.196,2.113,1.819,2.33,1.479,0.413,0.214,2.268,0.102
3.233,2.941,2.478,2.106,2.483,1.672,0.822,0.398,2.549,0.292
2.945,2.758,2.508,2.03,2.574,1.626,1.48,1.315,2.673,0.447
3.064,2.766,2.474,1.924,2.607,1.53,0.694,0.48,2.466,0.264
2.775,2.517,2.145,1.852,2.64,1.716,0.776,0.317,2.303,0.294
4.0,3.79,3.47,2.809,3.049,2.469,2.569,2.188,3.419,0.852
2.559,2.417,2.149,1.802,2.461,1.337,0.701,0.399,2.228,0.269
2.296,2.027,1.615,1.271,2.197,1.125,0.375,0.265,2.174,0.041
1.593,1.705,1.629,1.351,2.297,0.977,0.794,0.529,2.095,0.169
2.102,2.03,1.785,1.565,2.18,1.009,0.0,0.0,2.042,0.108
2.663,2.427,2.206,2.037,2.626,1.752,1.418,0.784,2.399,0.558
1.745,1.352,1.006,0.819,2.069,0.344,0.0,0.0,1.611,0.0
1.882,1.858,1.486,1.589,2.411,1.416,0.68,0.527,1.993,0.339
2.049,1.91,1.746,1.44,2.084,0.857,0.421,0.23,2.03,0.0
3.853,3.949,3.575,3.244,3.127,2.159,0.879,0.501,3.274,1.18
3.867,3.687,3.236,2.943,3.399,2.772,2.19,1.519,3.483,0.626
1.124,0.678,0.366,0.428,1.947,0.458,0.372,0.209,1.176,0.073
0.873,0.648,0.491,0.358,1.873,0.362,0.134,0.165,1.111,0.074
1.819,1.405,1.136,1.0,2.166,0.887,0.26,0.125,1.607,0.0
2.778,2.553,2.33,2.057,2.429,1.401,0.386,0.0,2.383,0.128
2.877,2.62,2.206,1.871,2.328,1.34,0.892,0.663,2.426,0.241
1.778,1.476,1.137,0.912,2.046,0.915,0.611,0.308,1.624,0.145
3.393,3.125,2.693,2.5,2.919,1.991,1.425,0.915,2.867,0.374
2.146,1.93,1.917,1.511,2.089,1.131,0.696,0.771,2.121,0.23
1.402,1.087,0.976,0.755,1.791,0.46,0.303,0.076,1.475,0.0
2.6,2.442,2.106,1.921,2.315,1.338,0.419,0.169,2.246,0.365
3.302,2.909,2.677,2.253,2.63,1.827,0.978,0.654,2.434,0.565
2.653,2.43,2.07,1.71,2.375,1.416,0.56,0.204,2.04,0.486
3.054,3.147,2.846,2.434,2.513,1.761,0.911,0.703,2.686,0.438
3.174,2.866,2.525,2.117,2.677,1.653,0.413,0.296,2.566,0.418
1.429,1.589,1.069,0.92,1.949,0.755,0.185,0.158,1.829,0.188
2.49,2.3,1.905,1.396,2.098,0.847,0.287,0.212,2.224,0.18
3.031,2.899,2.472,2.044,2.313,1.367,0.966,0.735,2.589,0.184
3.476,3.457,3.139,2.801,3.152,2.319,1.16,0.834,3.185,0.437
2.88,2.802,2.475,2.137,2.61,1.872,0.666,0.155,2.617,0.493
2.803,2.573,2.366,1.833,2.604,1.527,0.496,0.345,2.41,0.07
3.326,3.263,2.82,2.569,2.979,2.33,1.974,1.452,3.1,0.431
1.798,1.786,1.456,1.237,1.966,1.1,0.223,0.234,1.945,0.084
3.198,2.925,2.714,2.38,2.748,1.858,0.998,0.619,2.79,0.301
1.968,1.741,1.345,1.233,1.955,0.737,0.322,0.149,1.961,0.0
3.227,3.057,2.698,2.476,2.94,2.141,1.524,1.167,2.763,0.795
3.201,2.683,2.211,1.952,2.58,1.566,0.946,0.563,2.511,0.276
3.173,3.364,3.054,2.797,2.87,1.985,0.739,0.217,2.839,0.66
2.291,1.93,1.484,1.31,2.446,1.172,0.434,0.317,1.923,0.227
1.303,1.381,1.159,0.989,2.023,0.922,0.18,0.0,1.859,0.255
1.793,1.359,1.075,1.076,2.06,0.774,0.273,0.184,1.488,0.396
2.445,2.611,2.045,1.835,2.307,1.033,0.55,0.353,2.25,0.232
3.955,3.719,3.398,2.931,3.144,2.533,2.127,1.714,3.349,0.821
3.267,3.032,2.598,2.09,2.579,1.45,0.796,0.238,2.981,0.429
2.76,2.526,2.297,1.831,2.352,1.361,0.351,0.07,2.228,0.041
2.549,2.553,2.154,1.846,2.281,1.083,0.0,0.0,2.331,0.25
3.064,3.02,2.715,2.42,2.413,1.83,0.609,0.391,2.599,0.498
1.574,1.61,1.356,1.218,2.043,0.969,0.154,0.0,1.672,0.129
3.581,3.427,2.952,2.442,2.739,1.933,1.566,1.17,3.151,0.342
2.833,2.535,2.198,1.806,2.294,1.205,0.212,0.0,2.381,0.191
3.111,3.015,2.545,2.156,2.523,1.613,0.526,0.342,2.513,0.284
2.403,2.177,1.755,1.505,2.376,1.158,1.275,0.971,2.271,0.11
2.164,1.954,1.627,1.485,2.218,0.939,0.138,0.082,1.989,0.091
1.305,1.243,0.743,0.694,1.947,0.687,0.395,0.173,1.645,0.133
3.155,2.819,2.602,2.157,2.53,1.804,1.184,0.931,2.381,0.408
3.259,3.078,2.623,2.203,2.728,1.597,0.886,0.392,2.746,0.515
1.88,2.003,1.428,1.358,2.022,1.084,0.41,0.211,1.848,0.464
1.208,1.018,0.739,0.636,1.993,0.396,0.0,0.124,1.343,0.0
3.869,3.389,3.046,2.726,2.997,2.155,1.377,0.983,3.066,0.674
3.193,3.161,2.946,2.675,2.758,2.024,0.721,0.386,2.853,0.655
1.301,1.334,0.88,0.845,1.907,0.611,0.01,0.0,1.837,0.0
1.501,1.337,0.901,0.95,1.76,0.962,0.183,0.048,1.568,0.21
1.888,1.855,1.679,1.495,2.122,1.191,0.124,0.136,2.041,0.244
3.414,3.18,2.92,2.402,2.509,1.638,0.327,0.316,2.823,0.297
3.438,3.222,2.651,2.23,2.556,1.413,0.109,0.009,2.595,0.311
3.207,2.901,2.466,2.091,2.424,1.804,2.013,1.724,2.581,0.659
3.046,2.913,2.599,2.25,2.618,1.727,0.866,0.453,2.685,0.422
2.57,2.464,2.232,1.819,2.448,1.313,0.809,0.52,2.526,0.446
3.109,2.504,2.16,1.817,2.471,1.385,0.771,0.468,2.419,0.425
3.156,2.908,2.738,2.338,2.613,1.842,1.107,0.83,2.681,0.268
3.075,2.698,2.429,2.03,2.715,1.705,1.284,1.141,2.535,0.454
2.915,2.626,2.285,1.952,2.276,1.325,0.309,0.108,2.295,0.472
3.139,2.872,2.437,2.041,2.618,1.685,1.138,0.939,2.572,0.189
2.786,2.394,2.133,1.884,2.378,1.439,0.316,0.039,2.272,0.137
3.117,2.619,2.356,1.954,2.527,1.508,0.749,0.366,2.526,0.293
3.14,2.675,2.388,2.043,2.609,1.729,0.893,0.612,2.359,0.327
2.399,2.192,1.791,1.524,2.199,1.051,0.408,0.403,2.134,0.251
3.171,2.682,2.289,1.805,2.515,1.154,0.345,0.05,2.482,0.332
3.008,2.659,2.298,1.917,2.433,1.359,0.566,0.327,2.418,0.38
3.255,3.163,2.919,2.619,2.889,2.279,2.071,1.604,2.83,0.917
2.24,2.018,1.562,1.314,2.192,0.831,0.127,0.105,1.855,0.0
2.757,2.728,2.495,2.138,2.378,1.612,1.311,1.109,2.61,0.429
3.629,3.428,3.142,2.623,2.951,2.234,1.647,1.215,3.186,0.565
3.383,3.202,3.026,2.612,2.614,1.893,0.56,0.174,2.688,0.525
1.867,1.327,1.16,0.914,2.051,0.477,0.032,0.022,1.564,0.0
2.617,2.542,2.105,1.779,2.481,1.303,0.631,0.403,2.235,0.099
3.017,2.674,2.363,2.058,2.638,1.928,1.183,0.963,2.707,0.622
2.911,2.557,2.355,1.901,2.357,1.332,0.977,0.6,2.544,0.456
2.76,2.464,2.069,1.715,2.169,1.291,0.301,0.289,2.212,0.134
4.0,4.0,3.751,3.416,3.28,2.599,1.11,0.583,3.35,1.108
1.829,1.371,0.988,0.822,2.093,0.86,0.115,0.0,1.674,0.01
2.713,2.721,2.365,2.142,2.663,1.545,0.601,0.299,2.375,0.714
2.408,2.15,1.611,1.162,2.12,0.729,0.109,0.049,2.11,0.0
3.321,2.989,2.847,2.426,2.697,1.922,1.355,0.867,2.794,0.34
2.851,2.743,2.345,1.926,2.691,2.09,1.419,1.186,2.67,0.5
3.28,3.086,2.909,2.559,2.878,2.022,1.181,0.914,2.571,0.495
1.165,1.1,0.868,0.706,1.59,0.477,0.0,0.0,1.44,0.0
2.416,2.22,1.799,1.659,2.337,1.129,0.788,0.341,2.091,0.091
1.686,1.225,1.043,0.992,2.054,0.882,0.417,0.358,1.763,0.154
3.184,2.788,2.497,2.194,2.803,1.65,1.154,0.691,2.64,0.596
2.328,2.551,2.11,1.744,2.28,1.236,0.125,0.178,2.357,0.19
2.418,2.029,1.769,1.514,2.29,1.213,0.124,0.113,2.037,0.031
3.316,2.969,2.588,2.197,2.54,1.724,1.166,0.845,2.654,0.495
2.047,2.153,1.802,1.282,1.891,0.758,0.277,0.067,2.117,0.109
2.994,2.984,2.604,2.288,2.864,1.942,0.522,0.382,2.471,0.48
3.298,2.957,2.789,2.337,2.694,1.887,2.028,1.711,2.996,0.746
3.24,3.179,2.862,2.456,2.917,2.354,1.176,0.884,2.764,0.825
2.412,2.038,1.68,1.325,2.229,0.918,0.272,0.118,1.707,0.206
2.947,2.779,2.518,2.246,2.671,1.726,0.76,0.346,2.498,0.532
1.16,0.989,0.649,0.626,1.855,0.551,0.653,0.584,1.722,0.155
2.953,3.16,2.763,2.292,2.595,1.798,0.761,0.382,2.776,0.435
1.208,1.125,0.79,0.704,1.737,0.523,0.0,0.0,1.583,0.0
2.374,2.042,1.747,1.447,2.329,1.022,0.55,0.308,2.044,0.397
3.552,3.503,3.41,2.878,3.102,2.57,1.927,1.586,3.063,0.922
1.982,1.757,1.601,1.283,2.109,0.752,0.295,0.188,1.806,0.0
1.89,1.702,1.415,1.14,2.285,0.938,0.489,0.266,1.835,0.042
2.817,2.71,2.277,1.886,2.327,1.439,0.366,0.299,2.314,0.183
1.394,1.155,0.853,0.643,1.846,0.377,0.031,0.066,1.575,0.0
0.954,0.813,0.428,0.4,1.89,0.315,0.03,0.0,1.135,0.0
2.805,2.648,2.243,1.887,2.363,1.119,0.335,0.225,2.366,0.269
3.433,3.145,3.006,2.538,2.658,1.905,1.458,0.971,2.78,0.697
1.641,1.424,1.287,1.158,2.033,0.815,0.544,0.512,1.636,0.224
2.151,1.584,1.215,0.87,2.026,0.617,0.12,0.094,1.563,0.0
2.17,1.803,1.384,1.135,2.317,0.962,0.264,0.143,2.034,0.04
2.494,2.227,1.829,1.459,2.405,1.082,1.003,0.737,2.306,0.194
3.087,2.846,2.485,2.224,2.573,1.672,0.958,0.398,2.659,0.29
2.609,2.294,1.99,1.377,2.039,0.781,0.0,0.0,2.062,0.113
3.429,3.139,2.774,2.299,2.759,1.909,1.161,0.913,2.815,0.54
2.077,1.877,1.676,1.621,2.433,1.341,0.59,0.426,2.112,0.33
2.488,2.145,1.79,1.612,2.244,1.274,0.279,0.234,1.901,0.258
3.683,3.868,3.569,3.204,3.299,2.268,0.733,0.348,3.198,1.137
2.313,1.953,1.593,1.285,2.368,1.139,0.246,0.0,1.967,0.092
2.39,2.514,2.144,1.975,2.435,1.424,0.732,0.492,2.4,0.4
3.366,3.277,3.043,2.738,2.826,1.955,1.718,0.576,2.952,0.778
2.656,2.387,2.062,1.725,2.486,1.153,0.957,0.504,2.278,0.353
3.165,2.708,2.443,2.018,2.513,1.525,1.049,0.452,2.34,0.047
3.025,2.498,2.058,1.84,2.249,1.285,0.908,0.236,2.113,0.061
2.116,1.977,1.702,1.256,2.071,0.746,0.0,0.0,1.947,0.0
2.352,1.988,1.395,1.256,2.174,1.235,1.619,1.331,2.158,0.184
2.865,2.626,2.355,2.155,2.716,1.922,1.83,1.417,2.726,0.499
3.237,3.085,2.839,2.468,2.646,1.892,0.804,0.473,2.689,0.283
2.171,1.912,1.446,1.338,2.23,0.985,0.472,0.308,1.984,0.209
3.046,2.877,2.564,2.221,2.707,1.745,0.222,0.181,2.639,0.391
2.971,2.314,2.068,1.614,2.329,1.301,0.751,0.579,2.165,0.243
2.484,2.328,2.016,1.703,2.183,1.125,0.528,0.26,2.198,0.327
3.355,3.07,2.685,2.209,2.375,1.624,0.777,0.637,2.636,0.417
3.553,3.497,3.312,2.916,3.062,2.181,0.481,0.0,2.999,0.72
1.575,1.289,1.229,1.045,2.066,0.711,0.725,0.554,1.728,0.202
3.107,3.004,2.878,2.396,2.783,1.633,0.376,0.031,2.803,0.225
1.81,1.613,1.28,0.985,2.195,0.7,0.362,0.458,1.872,0.009
1.809,1.666,1.161,0.949,2.069,0.795,0.328,0.313,1.884,0.0
1.106,0.934,0.86,0.776,1.75,0.334,0.029,0.0,1.256,0.157
3.647,3.337,2.926,2.524,2.907,1.955,1.434,1.019,2.943,0.556
1.711,1.699,1.413,1.167,1.967,1.015,0.0,0.0,1.875,0.0
2.407,2.189,1.841,1.462,2.121,1.011,0.285,0.043,1.808,0.026
2.611,2.518,2.186,1.97,2.531,1.752,1.487,1.265,2.221,0.629
3.382,3.16,2.869,2.338,2.665,1.566,0.356,0.191,2.778,0.422
2.148,2.047,1.857,1.442,2.244,1.047,0.151,0.023,1.991,0.309
3.331,3.108,2.892,2.489,2.935,2.545,1.884,1.604,2.96,0.881
3.176,2.874,2.576,2.191,2.696,1.641,0.713,0.542,2.619,0.496
2.613,2.55,2.129,1.821,2.475,1.44,1.342,1.092,2.477,0.292
1.786,1.53,1.099,0.909,2.007,0.488,0.0,0.0,1.611,0.005
3.279,3.042,2.657,2.102,2.633,1.343,1.113,0.589,2.567,0.355
3.263,3.167,2.894,2.473,2.622,1.657,0.346,0.226,2.781,0.238
2.349,1.959,1.686,1.343,2.26,0.692,0.162,0.0,1.933,0.0
3.168,3.024,2.676,2.175,2.732,1.657,0.788,0.483,2.711,0.53
1.853,1.71,1.6,1.195,2.0,0.935,0.1,0.0,2.006,0.243
2.644,2.626,2.278,1.891,2.382,1.245,0.257,0.175,2.079,0.31
1.336,1.271,1.073,0.771,1.935,0.514,0.0,0.0,1.505,0.0
2.975,2.618,2.182,1.829,2.299,1.532,1.074,0.894,2.405,0.481
2.222,2.25,1.767,1.711,2.041,1.299,1.14,0.722,2.343,0.317
3.385,3.115,2.813,2.448,2.703,2.061,1.317,0.819,2.741,0.372
2.381,2.185,1.881,1.5,2.226,1.22,0.825,0.475,2.291,0.199
3.536,3.486,3.233,3.091,3.118,2.497,0.513,0.273,2.973,0.704
3.098,2.605,2.007,1.807,2.56,1.523,0.849,0.61,2.307,0.0
1.567,1.537,1.248,1.152,1.93,0.849,0.362,0.329,1.729,0.145
3.255,2.867,2.469,2.208,2.438,1.749,1.286,0.866,2.56,0.271
2.909,2.749,2.434,2.032,2.574,1.433,0.448,0.333,2.562,0.264
2.583,2.346,1.973,1.671,2.522,1.481,1.177,0.666,2.35,0.406
2.302,1.814,1.322,1.14,2.1,0.959,1.209,0.939,1.844,0.238
3.349,3.298,3.09,2.698,2.869,1.818,0.328,0.12,2.84,0.59
3.263,3.054,2.52,2.191,2.419,1.504,1.349,0.86,2.579,0.14
3.022,2.922,2.646,2.224,2.827,1.663,0.82,0.582,2.655,0.699
2.139,2.383,2.198,1.739,2.459,1.506,0.186,0.221,2.209,0.323
2.816,2.578,2.262,2.005,2.544,1.482,0.746,0.109,2.26,0.495
0.444,0.365,0.228,0.192,1.653,0.176,0.0,0.0,1.208,0.0
2.269,2.184,1.924,1.698,2.215,1.304,0.288,0.093,1.791,0.302
1.455,1.4,1.287,1.145,1.807,0.845,0.194,0.0,1.946,0.133
3.872,3.657,3.426,2.963,3.027,2.396,1.968,1.283,3.408,0.737
1.915,1.641,1.392,1.082,2.229,0.91,0.112,0.0,1.932,0.027
1.862,1.383,1.095,0.925,1.917,0.693,0.154,0.118,1.525,0.0
2.029,1.598,1.16,0.97,1.913,0.66,0.053,0.0,1.558,0.072
3.194,3.025,2.854,2.46,2.523,1.706,0.107,0.0,2.554,0.411
3.306,3.25,2.883,2.355,2.569,1.649,0.356,0.122,2.68,0.415
1.677,1.477,1.02,0.876,1.827,0.636,0.0,0.0,1.49,0.0
2.489,2.26,1.806,1.474,2.232,1.022,0.61,0.462,2.127,0.0
1.632,1.62,1.132,0.892,1.891,0.883,0.142,0.171,1.834,0.074
2.88,2.689,2.33,1.899,2.778,1.703,0.873,0.506,2.601,0.292
2.777,2.796,2.457,2.061,2.547,1.81,0.849,0.61,2.661,0.659
3.414,3.386,3.052,2.601,2.918,2.105,0.924,0.489,3.019,0.669
1.553,1.638,1.336,1.203,2.049,1.16,0.495,0.294,1.781,0.42
3.598,3.619,3.398,2.869,3.18,2.231,1.08,0.822,3.28,0.695
3.551,3.725,3.431,3.013,3.203,2.251,1.16,0.679,3.15,0.555
1.926,1.864,1.67,1.442,2.289,0.899,0.441,0.147,2.016,0.143
3.167,2.896,2.876,2.46,2.856,1.828,1.022,0.673,2.637,0.702
3.351,3.218,3.153,2.818,2.764,1.616,0.032,0.0,2.684,0.582
2.683,2.372,2.156,1.762,2.531,1.425,0.792,0.367,2.301,0.388
2.188,2.203,2.023,1.757,2.208,1.102,0.0,0.0,2.205,0.0
2.573,2.459,2.111,2.051,2.111,1.582,0.429,0.099,2.091,0.569
2.027,1.995,1.397,1.28,1.992,0.973,0.139,0.108,2.171,0.104
1.661,1.505,1.196,1.128,1.964,0.909,0.177,0.0,1.747,0.216
2.763,2.616,2.398,1.85,2.438,1.414,1.136,0.703,2.849,0.286
2.315,2.064,1.831,1.552,2.332,1.169,0.55,0.493,2.227,0.409
1.962,1.647,1.444,1.284,2.185,1.111,0.517,0.22,1.586,0.201
2.839,2.75,2.496,2.192,2.604,1.87,0.9,0.549,2.375,0.574
0.315,0.269,0.086,0.086,1.631,0.052,0.366,0.328,1.248,0.0
2.785,2.42,2.29,1.759,2.39,1.418,0.741,0.576,2.384,0.444
2.905,3.072,2.634,2.499,2.49,1.741,1.121,0.349,2.561,0.842
3.193,2.968,2.794,2.541,2.778,2.041,0.765,0.231,2.793,0.43
1.233,1.177,0.688,0.575,2.034,0.575,0.256,0.199,1.289,0.013
3.106,3.069,2.846,2.314,2.541,1.558,0.416,0.252,2.515,0.115
2.452,2.265,1.943,1.657,2.244,0.964,0.11,0.293,2.168,0.0
1.804,1.585,1.301,1.076,2.286,0.629,0.282,0.168,1.953,0.094
1.962,2.138,2.079,1.904,2.418,1.591,0.547,0.15,2.25,0.529
2.298,2.091,1.827,1.653,2.073,1.181,0.163,0.0,1.883,0.203
2.608,2.469,2.005,1.568,2.26,1.293,0.898,0.644,2.351,0.303
2.763,2.144,1.815,1.476,2.131,1.072,0.074,0.0,1.787,0.012
1.205,0.987,0.682,0.497,2.054,0.348,0.415,0.461,1.368,0.0
3.633,3.177,2.966,2.395,2.615,1.841,1.566,1.213,2.673,0.482
2.992,2.883,2.472,2.075,2.466,1.664,0.938,0.539,2.684,0.514
2.867,2.751,2.595,2.273,2.643,1.653,0.501,0.349,2.488,0.225
3.489,3.219,3.213,2.8,2.883,2.317,1.055,0.72,2.824,0.923
3.441,3.447,3.216,2.782,2.825,1.964,1.322,0.779,3.045,0.613
1.397,1.084,0.828,0.54,1.629,0.269,0.0,0.0,1.273,0.0
2.691,2.442,2.185,1.776,2.376,1.066,0.291,0.05,2.244,0.265
3.45,3.104,2.912,2.41,2.88,2.002,1.95,1.303,2.924,0.57
3.222,2.954,2.567,2.17,2.335,1.564,1.78,1.45,2.659,0.431
2.762,2.572,2.085,1.773,2.505,1.295,0.023,0.0,2.528,0.359
2.862,2.403,2.441,2.148,2.595,1.586,0.516,0.229,2.226,0.631
2.415,2.297,2.203,1.913,2.349,1.475,0.887,0.609,2.306,0.691
0.976,1.093,0.921,0.918,2.093,0.893,0.198,0.0,1.851,0.171
2.554,2.323,1.73,1.476,2.298,1.14,0.679,0.563,2.124,0.253
3.1,2.877,2.63,2.072,2.476,1.64,2.168,1.782,2.917,0.35
3.033,2.806,2.486,2.165,2.726,1.828,1.579,1.018,2.59,0.755
3.851,3.776,3.309,2.866,3.082,2.409,1.177,0.627,3.025,0.996
2.148,2.259,1.942,1.666,2.319,1.484,0.101,0.041,1.995,0.41
2.547,2.145,1.965,1.522,2.326,0.97,0.399,0.436,2.181,0.26
1.244,1.51,1.039,0.935,1.616,0.815,0.397,0.365,1.814,0.033
3.096,2.687,2.379,2.061,2.512,1.604,0.616,0.253,2.417,0.45
2.87,2.82,2.622,2.094,2.566,1.664,0.983,0.721,2.635,0.385
2.549,2.336,2.055,1.864,2.322,1.278,0.571,0.194,2.346,0.061
2.587,2.29,2.071,1.84,2.36,1.366,0.748,0.355,2.232,0.527
3.779,3.267,3.037,2.538,2.551,1.857,1.239,0.871,3.048,0.499
1.642,1.471,1.023,0.756,1.964,0.516,0.261,0.148,1.751,0.076
3.978,3.885,3.652,3.243,3.285,2.775,1.511,0.826,3.525,0.839
3.13,2.788,2.493,2.204,2.582,1.673,0.568,0.351,2.548,0.483
1.499,1.23,0.841,0.657,1.85,0.419,0.502,0.434,1.747,0.0
2.699,2.486,2.28,2.151,2.707,1.786,0.596,0.419,2.412,0.375
3.71,3.599,3.341,2.854,2.941,2.371,1.109,0.667,3.085,0.604
2.564,2.102,1.862,1.691,2.432,1.273,0.535,0.29,2.044,0.27
2.786,2.683,2.485,2.077,2.381,1.316,0.405,0.281,2.496,0.278
3.191,3.012,2.74,2.444,2.667,2.077,1.381,0.862,2.635,0.956
3.781,3.425,3.123,2.643,2.81,2.02,1.996,1.328,2.904,0.427
3.937,3.745,3.286,2.902,2.992,2.486,2.095,1.507,3.387,0.635
3.182,3.207,3.012,2.755,2.918,1.998,0.483,0.044,2.828,0.808
2.626,2.399,2.096,1.844,2.365,1.308,0.47,0.227,2.348,0.133
3.121,2.844,2.386,2.082,2.666,1.8,1.25,0.918,2.712,0.251
2.997,2.737,2.556,2.275,2.428,1.891,1.248,1.008,2.556,0.653
0.837,1.046,0.801,0.605,1.718,0.562,0.156,0.077,1.472,0.0
1.26,1.108,0.937,0.866,1.751,0.384,0.0,0.0,1.461,0.0
1.175,1.109,0.951,1.087,1.96,0.81,0.087,0.0,1.564,0.053
3.569,3.18,2.863,2.31,2.588,1.637,0.572,0.278,2.866,0.5
3.511,3.285,3.099,2.675,2.613,2.093,0.723,0.44,2.963,0.813
2.563,2.301,2.027,1.768,2.273,1.038,0.394,0.143,1.908,0.01
1.671,1.341,0.933,0.766,2.032,0.537,0.325,0.309,1.65,0.119
