sense,honor,curse,despise,situation,antihuman,roughness,slaughter,strike_support,depression_rate
3.287,3.573,3.337,2.876,2.865,2.2,0.785,0.725,2.95,0.643
2.564,2.606,2.21,1.902,2.343,1.231,1.113,0.687,2.446,0.076
2.421,2.64,2.319,2.195,2.212,1.879,0.487,0.135,2.081,0.178
3.324,3.323,2.893,1.965,2.697,1.542,0.652,0.552,3.163,0.499
2.67,2.329,2.228,1.907,2.244,1.414,0.897,0.615,2.159,0.28
2.943,2.633,2.392,1.898,2.679,1.48,2.095,1.934,2.893,0.689
1.661,1.697,1.433,1.347,1.91,1.042,0.261,0.004,1.502,0.019
1.12,0.829,0.143,0.155,1.667,0.411,0.265,0.243,1.388,0.0
3.058,2.601,2.663,2.295,2.425,1.802,1.027,0.479,2.965,0.523
2.669,2.504,2.355,2.008,2.563,1.694,0.447,0.371,2.293,0.281
2.224,1.922,1.703,1.558,2.197,0.972,0.445,0.155,2.056,0.031
0.76,0.469,0.158,0.048,1.774,0.007,0.241,0.115,1.113,0.011
3.426,3.5,3.118,2.761,2.966,2.179,0.862,0.51,3.302,0.455
2.539,2.399,1.88,1.915,2.362,1.73,0.385,0.11,2.08,0.351
0.535,0.729,0.619,0.694,1.896,0.506,0.1,0.247,1.383,0.0
3.206,3.405,3.311,2.677,2.548,2.053,0.21,0.106,2.775,0.276
3.309,2.519,2.271,2.148,2.349,1.841,0.741,0.422,2.485,0.354
1.883,1.989,1.326,1.51,2.229,1.005,0.334,0.115,2.084,0.071
2.694,2.955,2.722,2.257,2.721,1.367,0.482,0.373,2.78,0.193
2.902,2.874,2.717,2.587,2.642,2.033,0.589,0.232,2.589,0.543
1.512,1.471,1.438,1.272,2.491,1.148,0.506,0.21,1.731,0.334
2.748,2.367,2.178,1.666,2.404,1.32,0.837,0.73,2.79,0.609
0.832,0.691,0.531,0.282,1.835,0.372,0.073,0.037,1.161,0.127
4.0,3.616,2.972,2.773,2.833,2.052,2.397,1.817,2.838,0.682
2.246,1.931,1.52,1.213,2.172,1.103,0.12,0.023,2.17,0.0
1.663,1.726,1.444,1.39,2.196,1.131,0.311,0.204,1.839,0.175
2.486,2.208,1.867,1.676,2.434,1.443,0.513,0.095,2.333,0.044
2.03,2.117,1.895,1.024,2.038,1.005,0.51,0.465,1.639,0.331
2.712,2.893,2.499,2.06,2.492,1.814,1.079,0.937,2.523,0.608
3.003,2.28,2.145,1.706,2.11,1.753,0.776,0.584,2.183,0.618
3.339,3.136,2.684,2.418,2.446,2.377,1.547,0.933,2.603,0.894
1.453,1.137,0.451,0.472,1.895,0.757,0.219,0.143,1.641,0.0
2.159,1.756,1.551,1.472,1.794,0.984,1.094,0.89,2.091,0.233
2.367,2.235,1.959,1.514,2.088,0.982,0.633,0.228,2.107,0.179
1.549,1.408,1.209,1.077,1.908,0.884,0.031,0.0,1.679,0.0
2.436,2.223,1.756,1.515,2.146,0.982,0.674,0.526,2.301,0.323
2.335,1.912,1.4,1.111,2.462,0.767,0.013,0.0,2.299,0.306
2.039,1.94,1.364,1.461,2.397,1.15,0.8,0.795,1.976,0.319
3.836,3.141,2.796,2.471,2.675,1.808,0.554,0.211,2.673,0.401
2.805,2.539,2.249,1.785,2.32,1.189,0.741,0.557,2.334,0.361
2.619,2.828,2.729,2.667,2.628,2.16,1.056,0.649,2.376,0.356
3.335,2.664,2.416,2.134,2.653,1.679,1.378,1.312,2.944,0.389
3.022,2.76,2.712,2.162,2.719,1.64,0.375,0.3,2.699,0.46
3.212,2.865,2.246,2.044,2.878,1.548,0.683,0.27,2.863,0.423
2.261,2.311,2.021,1.581,2.118,0.902,0.181,0.11,2.006,0.008
0.966,0.812,0.555,0.833,1.551,0.486,0.936,0.581,1.224,0.102
2.156,2.148,1.818,1.666,2.223,1.281,0.457,0.292,2.053,0.199
0.31,0.094,0.122,0.0,1.624,0.137,0.0,0.0,1.001,0.0
3.315,2.729,2.395,2.053,2.912,1.372,1.041,0.2,2.393,0.614
2.801,2.377,1.867,1.562,2.536,1.051,0.0,0.0,2.241,0.0
3.208,2.794,2.552,1.827,2.664,1.45,0.146,0.238,2.546,0.526
2.026,1.687,1.299,0.862,1.918,0.27,0.0,0.048,1.952,0.0
1.929,1.694,1.185,1.017,1.853,0.622,0.0,0.079,1.488,0.047
2.458,2.568,1.989,1.942,2.151,1.105,0.481,0.254,2.297,0.3
2.763,2.539,2.129,1.872,2.224,1.015,0.414,0.139,2.526,0.268
2.706,2.676,2.471,1.876,2.635,1.802,0.671,0.189,2.779,0.331
1.879,2.039,1.511,1.392,2.366,1.156,0.366,0.374,1.852,0.0
0.699,0.653,0.317,0.548,1.814,0.777,0.121,0.0,1.389,0.045
0.743,0.284,0.122,0.195,1.556,0.0,0.0,0.0,1.139,0.0
1.374,1.177,0.895,0.85,1.779,0.542,0.125,0.111,1.274,0.191
3.289,3.047,2.828,2.252,2.494,2.11,0.546,0.434,2.852,0.229
3.66,3.119,3.17,3.041,3.236,2.413,2.006,1.253,2.961,0.555
2.84,2.34,2.082,1.541,2.348,0.985,0.274,0.137,2.349,0.165
2.414,1.841,1.652,1.227,2.322,1.069,0.062,0.007,1.61,0.165
1.689,1.531,1.167,1.096,2.112,0.585,0.598,0.348,1.875,0.0
0.918,1.236,0.723,0.504,1.939,1.003,0.538,0.518,1.802,0.146
2.629,2.408,2.213,1.718,2.152,1.146,0.445,0.346,2.402,0.268
1.827,1.578,1.466,1.338,1.812,0.624,0.243,0.136,1.753,0.053
2.833,2.708,2.544,2.103,2.421,1.891,1.183,0.774,3.006,0.523
1.219,0.905,0.537,0.578,2.029,0.817,0.063,0.0,1.189,0.0
2.513,2.307,2.236,1.712,2.88,1.587,0.217,0.141,2.239,0.21
2.323,1.589,1.329,1.161,2.205,0.702,0.712,0.261,1.623,0.196
2.271,2.329,2.03,1.736,2.15,1.078,0.382,0.349,2.323,0.326
1.914,1.54,1.506,1.213,2.345,1.188,0.291,0.028,1.778,0.371
4.0,3.919,3.856,3.174,3.145,2.001,1.062,0.601,3.33,0.613
2.895,2.305,2.25,1.91,2.169,1.338,0.152,0.214,2.261,0.243
2.553,2.494,2.169,1.746,2.436,1.245,0.162,0.123,2.39,0.166
2.657,2.634,1.908,1.614,2.323,1.173,0.852,0.608,2.316,0.329
2.718,2.571,1.9,1.772,2.538,1.998,1.611,1.26,2.904,0.199
2.037,1.87,1.833,1.51,2.024,1.226,0.19,0.0,1.666,0.117
1.147,1.138,1.073,0.988,1.899,0.918,0.475,0.503,1.311,0.094
2.82,2.594,2.297,1.774,2.371,1.775,0.591,0.27,2.137,0.246
2.993,2.736,1.991,1.895,2.495,1.558,0.585,0.21,2.439,0.3
1.496,1.586,0.722,0.494,1.833,0.861,0.167,0.225,1.539,0.048
1.808,2.001,1.3,1.491,2.064,1.559,0.904,0.394,2.099,0.218
2.03,2.105,1.678,1.322,2.266,1.07,0.468,0.193,2.435,0.27
2.785,2.462,1.909,1.547,2.557,1.407,1.48,1.208,2.467,0.597
1.04,0.572,0.413,0.546,1.634,0.345,0.031,0.0,1.274,0.0
2.752,2.784,2.679,2.542,2.536,2.008,0.777,0.228,2.733,0.33
3.516,3.674,3.399,2.894,2.845,1.685,1.036,0.265,3.008,0.659
1.393,1.268,0.796,0.681,1.948,0.492,0.236,0.164,1.793,0.011
3.266,3.436,3.076,2.816,2.879,1.983,0.903,0.0,3.013,0.312
2.63,2.565,2.421,2.207,2.366,2.055,1.152,0.769,2.298,0.449
3.03,2.698,2.341,1.751,2.306,0.816,0.0,0.0,2.34,0.0
2.631,2.664,2.284,1.856,2.494,1.571,1.577,0.752,2.345,0.55
3.111,3.326,3.066,2.992,3.358,2.711,0.909,0.614,2.923,0.811
3.485,3.158,2.864,2.631,2.839,2.262,1.52,0.537,2.842,0.711
3.506,3.518,3.41,3.043,3.383,1.927,0.345,0.178,3.256,0.381
2.321,2.382,2.591,2.066,2.579,1.438,0.527,0.414,2.398,0.066
3.341,3.195,2.745,2.274,2.96,1.537,0.667,0.232,2.767,0.499
3.294,3.18,2.767,2.41,2.894,1.708,1.177,0.876,2.727,0.64
2.739,2.396,2.176,1.62,2.472,1.028,0.449,0.254,1.97,0.299
2.767,2.531,2.438,2.352,2.476,1.986,0.769,0.571,2.113,0.328
3.025,2.937,2.636,2.167,2.622,1.819,0.562,0.284,2.541,0.47
1.818,1.496,1.225,0.957,1.979,0.621,0.261,0.23,1.519,0.356
3.199,2.791,2.477,1.968,2.642,1.357,0.416,0.207,2.242,0.217
2.517,2.037,2.099,1.58,2.547,1.219,0.176,0.0,2.37,0.292
1.737,1.737,1.4,0.841,2.152,0.817,0.209,0.0,1.739,0.0
2.547,2.386,1.802,1.237,2.373,0.712,0.377,0.093,2.009,0.0
2.85,2.726,2.514,2.114,2.569,1.438,0.819,0.58,2.583,0.466
1.354,1.525,1.366,1.0,2.24,0.757,0.063,0.02,1.818,0.149
2.18,2.1,1.739,1.601,2.45,1.431,0.385,0.218,1.985,0.301
2.358,2.492,2.318,2.018,2.455,1.426,0.328,0.475,2.363,0.187
2.904,2.47,2.264,1.903,2.286,1.14,0.521,0.333,2.338,0.213
2.016,2.131,1.636,1.495,2.006,0.645,0.028,0.0,1.873,0.0
3.899,3.747,3.406,3.015,3.113,1.923,1.067,0.383,3.114,0.807
2.969,2.362,2.03,1.516,2.088,0.79,0.066,0.09,2.235,0.115
1.335,0.878,0.357,0.529,1.981,0.521,0.341,0.31,1.487,0.016
1.89,1.471,1.338,0.895,1.907,0.903,0.906,0.622,1.939,0.194
1.005,1.273,0.297,0.294,1.665,0.0,0.0,0.0,1.492,0.0
2.075,2.186,1.908,1.879,2.375,1.208,0.474,0.288,2.264,0.192
2.506,2.15,2.254,1.87,2.567,1.505,0.706,0.63,2.205,0.366
2.066,2.413,2.266,1.481,2.479,0.751,0.219,0.133,2.29,0.169
2.432,2.189,2.007,1.721,2.42,1.61,0.766,0.474,2.329,0.18
3.104,2.958,2.549,2.106,2.588,1.76,1.09,0.302,2.948,0.438
3.322,3.044,3.13,2.431,2.702,2.393,1.02,0.589,2.948,0.423
2.926,2.9,2.893,2.719,2.726,1.967,0.885,0.588,2.492,0.536
1.936,1.461,1.408,1.117,2.089,0.825,0.201,0.065,1.814,0.094
3.024,2.773,2.655,2.145,2.497,1.28,0.594,0.394,2.86,0.306
3.109,3.284,3.007,2.843,3.022,2.538,0.671,0.125,2.814,0.979
3.456,3.338,2.928,2.691,2.987,2.094,1.033,0.49,3.018,0.53
3.443,3.123,2.871,2.512,2.807,1.715,1.239,0.934,2.846,0.606
0.968,1.1,0.348,0.13,1.683,0.408,0.0,0.0,1.072,0.0
1.806,1.87,1.511,0.997,2.195,0.869,0.12,0.128,1.999,0.048
3.156,3.101,2.271,2.124,2.642,1.643,0.824,0.443,2.525,0.401
2.907,2.502,2.388,1.944,2.506,1.406,0.513,0.407,2.567,0.416
2.893,2.378,2.424,2.016,2.647,1.867,1.514,0.981,2.602,0.593
2.057,2.466,1.662,1.879,2.164,1.959,0.511,0.206,2.064,0.329
2.334,2.374,2.095,1.982,2.255,1.669,0.568,0.493,2.14,0.151
2.982,2.829,2.546,1.849,2.439,1.801,1.104,0.641,2.303,0.448
3.486,3.097,2.69,2.466,2.63,1.865,1.191,0.636,2.611,0.393
2.282,2.569,2.114,1.885,2.476,1.18,0.297,0.063,2.44,0.405
2.264,1.762,1.581,1.285,2.148,1.205,0.282,0.237,1.839,0.0
2.056,1.977,1.625,1.519,2.461,1.597,1.023,0.742,2.31,0.37
1.931,1.927,1.718,1.693,2.277,0.953,0.227,0.134,2.0,0.0
2.279,1.907,1.553,1.396,2.175,1.319,0.058,0.213,1.643,0.01
2.404,2.077,1.589,1.235,2.103,0.997,0.728,0.633,1.96,0.412
2.877,2.3,1.89,1.346,2.307,1.596,1.07,1.081,2.436,0.392
2.4,2.534,2.172,1.7,2.197,1.279,0.455,0.319,2.138,0.189
2.268,2.427,2.097,1.722,1.702,1.129,0.003,0.0,1.738,0.0
1.071,0.901,0.578,0.501,1.694,0.193,0.155,0.119,1.076,0.08
2.523,1.988,1.631,0.984,2.184,0.707,0.119,0.0,1.718,0.174
2.786,2.917,2.477,2.235,2.598,1.645,0.417,0.212,2.862,0.679
2.772,2.264,1.893,1.426,2.291,0.924,0.172,0.0,2.42,0.205
1.194,1.264,1.058,0.594,2.202,1.063,0.479,0.108,1.407,0.218
2.692,2.444,2.163,1.955,2.344,1.16,1.003,0.949,2.822,0.259
1.671,1.557,1.497,1.197,1.926,0.566,0.061,0.056,2.044,0.714
1.663,1.634,1.649,1.53,2.145,1.179,0.041,0.02,1.79,0.085
2.206,1.802,1.41,1.029,1.936,0.843,0.643,0.187,1.71,0.024
2.53,2.235,1.945,1.757,2.275,1.5,0.552,0.171,2.644,0.361
1.74,1.624,1.379,1.334,2.025,0.768,0.317,0.118,1.667,0.053
2.116,1.784,1.335,1.156,2.269,0.938,0.462,0.268,2.153,0.16
3.008,2.867,2.215,1.688,2.481,1.604,0.975,0.762,2.515,0.773
2.477,2.131,1.941,1.451,2.346,1.258,0.883,0.424,2.001,0.315
2.071,1.555,1.194,0.875,2.077,0.729,0.311,0.374,1.854,0.137
2.645,2.316,1.893,1.683,2.274,1.122,0.349,0.075,1.938,0.247
2.928,2.542,1.847,1.753,2.483,1.257,0.871,0.117,1.963,0.311
3.027,2.887,2.137,1.708,2.613,1.349,0.99,0.707,2.804,0.319
2.148,1.321,1.199,1.314,1.794,0.911,0.519,0.259,1.447,0.0
2.039,1.892,1.53,1.229,2.238,0.757,0.07,0.0,1.886,0.029
0.996,0.814,0.438,0.527,2.104,0.491,0.415,0.143,1.272,0.0
3.167,3.076,2.721,2.201,2.863,2.008,1.305,0.912,2.637,0.679
2.189,1.915,1.201,1.115,2.37,1.036,0.466,0.397,1.764,0.673
3.375,3.011,2.684,2.205,2.497,1.37,0.66,0.502,2.382,0.194
1.731,1.609,1.0,0.867,2.201,0.493,0.306,0.208,1.955,0.0
1.822,1.551,1.097,1.127,2.316,0.833,0.3,0.008,1.803,0.006
1.531,1.476,1.275,1.16,1.918,0.69,0.274,0.182,2.148,0.015
2.714,2.453,2.223,1.677,2.456,1.272,0.562,0.109,2.45,0.286
2.879,2.949,2.713,2.536,2.791,1.483,0.756,0.481,2.507,0.573
3.132,2.708,2.458,2.526,2.821,1.865,0.901,0.11,2.831,0.32
2.352,1.771,1.229,1.179,2.157,0.312,0.613,0.225,1.753,0.109
2.281,1.838,1.142,1.125,2.174,0.9,0.393,0.059,1.739,0.0
2.636,2.611,2.122,1.736,2.164,1.358,0.42,0.347,2.255,0.267
3.082,3.072,2.762,2.54,2.481,2.154,1.873,1.459,2.864,0.722
3.206,3.146,2.888,2.275,2.826,1.415,0.787,0.444,2.945,0.35
3.661,3.586,3.219,2.322,2.846,1.754,0.326,0.043,2.885,0.183
2.535,2.078,1.696,1.76,2.206,1.347,0.209,0.05,2.032,0.0
2.948,2.339,2.255,1.887,2.246,1.503,0.4,0.258,2.296,0.255
2.155,2.293,1.974,2.035,2.007,1.254,0.75,0.664,1.995,0.454
0.629,0.634,0.722,0.532,1.859,0.445,0.083,0.046,1.624,0.134
3.233,3.273,2.947,2.629,2.126,2.117,0.212,0.0,2.225,0.304
2.851,2.596,2.682,2.133,2.67,2.019,0.764,0.446,2.453,0.494
3.471,3.496,3.102,3.126,3.299,2.883,0.768,0.117,2.978,0.858
2.111,1.753,1.359,1.258,2.432,1.2,0.416,0.288,1.835,0.073
2.996,2.51,2.159,1.672,2.351,1.187,0.814,0.608,2.387,0.414
2.515,2.184,1.755,1.636,2.202,1.069,0.055,0.135,2.612,0.311
3.334,3.052,2.946,2.827,2.771,1.996,0.554,0.362,2.589,0.443
2.767,2.659,2.481,2.121,2.592,1.941,1.29,0.992,2.534,0.143
2.923,2.819,2.909,2.47,2.785,2.179,1.846,1.48,2.762,0.755
3.25,2.971,2.756,2.463,2.55,1.712,1.121,0.701,2.499,0.247
1.558,1.561,1.396,0.952,1.567,0.677,0.387,0.199,1.65,0.201
2.678,2.538,1.911,1.386,2.348,1.096,0.498,0.238,2.112,0.177
1.985,1.85,1.535,1.216,2.01,1.159,0.327,0.112,1.77,0.269
3.304,3.072,2.371,1.802,2.487,1.403,0.468,0.391,2.278,0.204
2.629,2.166,1.985,1.945,2.337,1.547,1.367,1.168,2.452,0.41
1.621,1.67,1.138,0.987,2.072,0.815,0.255,0.017,1.803,0.267
2.27,2.031,1.439,1.112,1.683,0.758,0.0,0.0,1.92,0.1
2.853,2.758,2.603,1.956,2.783,1.361,1.794,1.17,2.683,0.224
2.45,2.044,1.499,1.34,2.347,1.039,0.616,0.539,2.416,0.345
3.025,2.781,2.428,2.317,2.594,1.93,0.865,0.232,2.62,0.578
2.945,2.347,2.402,2.197,2.617,1.763,0.907,0.427,2.564,0.366
1.056,0.869,0.526,0.501,1.684,0.105,0.0,0.0,1.199,0.0
4.0,4.0,3.653,2.857,2.965,2.893,2.153,1.759,3.603,1.008
3.001,2.908,2.773,2.274,2.697,2.096,0.748,0.163,2.412,0.332
4.0,3.783,3.636,3.247,2.81,2.646,0.876,0.503,3.157,0.477
3.893,3.133,2.815,2.84,2.971,2.361,1.372,0.765,2.839,0.849
2.919,2.833,2.219,1.87,2.144,1.383,0.598,0.26,1.895,0.215
3.593,3.094,2.704,2.35,2.62,2.077,1.536,1.43,2.737,0.469
2.371,1.978,1.607,1.091,1.981,1.088,0.84,0.564,2.481,0.0
1.882,1.792,1.239,1.355,2.173,0.81,0.682,0.637,2.147,0.259
1.558,1.561,1.396,0.952,1.567,0.677,0.387,0.199,1.65,0.201
2.241,2.189,2.042,1.626,2.648,1.487,0.591,0.305,2.213,0.412
2.053,1.776,1.029,0.763,1.989,0.672,0.528,0.375,1.995,0.0
3.321,3.106,2.901,2.661,3.127,2.362,0.861,0.431,2.958,1.075
3.195,2.892,2.642,2.042,2.543,1.87,0.074,0.073,2.796,0.587
2.344,2.103,1.76,1.752,2.47,1.265,0.457,0.267,2.193,0.374
2.62,2.516,2.2,1.678,2.404,1.438,0.694,0.533,2.072,0.824
1.834,1.268,1.128,0.599,2.116,0.901,0.608,0.468,1.818,0.251
1.999,1.419,1.259,1.265,2.006,0.985,0.883,0.579,1.883,0.04
0.835,1.374,0.883,0.85,1.995,0.76,0.703,0.53,1.396,0.172
3.107,3.273,2.965,2.595,2.676,2.074,0.647,0.059,2.692,0.481
0.901,0.663,0.086,0.221,1.5,0.348,0.0,0.054,1.146,0.0
1.946,1.722,0.986,1.015,2.28,0.645,0.523,0.607,1.648,0.491
1.196,1.027,0.809,0.884,2.037,0.27,0.108,0.103,1.76,0.0
2.038,1.785,1.502,1.208,2.31,1.076,0.8,0.683,1.751,0.174
1.384,1.469,1.219,1.135,1.976,1.082,0.457,0.0,1.093,0.27
1.419,1.373,1.234,0.955,2.226,1.009,0.547,0.276,1.754,0.116
1.107,0.962,0.575,0.669,1.933,0.532,0.137,0.202,1.182,0.01
2.002,1.902,1.556,1.215,2.418,1.009,0.165,0.128,1.878,0.114
1.792,1.652,1.231,1.05,1.887,1.023,0.558,0.47,2.126,0.338
3.518,3.808,3.627,2.915,3.239,2.401,0.603,0.431,3.462,0.644
2.452,2.14,1.921,1.647,2.351,1.356,0.504,0.274,1.687,0.47
2.762,2.544,2.28,2.097,2.728,1.707,1.119,0.702,2.823,0.503
2.874,2.327,2.114,1.652,2.261,1.43,0.766,0.149,2.413,0.178
2.656,2.137,1.909,1.696,2.66,1.408,0.395,0.216,2.106,0.402
2.929,2.444,1.957,1.728,2.373,1.307,0.945,0.624,2.47,0.211
2.734,2.493,2.17,1.931,2.407,1.852,1.656,1.138,2.44,0.331
2.598,1.972,1.925,1.877,2.408,1.516,1.1,0.703,2.236,0.309
4.0,4.0,4.0,3.771,3.404,3.197,0.985,0.79,3.661,1.447
1.615,1.16,1.143,1.118,1.957,0.91,0.17,0.113,1.647,0.01
2.631,2.292,2.019,1.597,2.134,1.635,1.091,0.469,2.13,0.24
3.493,3.07,2.519,1.713,2.296,1.418,0.345,0.179,3.125,0.434
2.145,1.985,1.638,1.452,2.149,1.204,1.164,0.704,2.208,0.351
2.868,3.017,2.623,2.199,2.766,1.718,0.38,0.385,2.457,0.264
2.722,2.562,2.127,1.88,2.096,1.198,0.05,0.0,2.163,0.215
3.629,2.989,2.689,2.34,2.725,1.993,1.263,0.828,2.454,1.036
3.015,2.831,2.587,2.2,2.331,1.576,0.115,0.0,2.498,0.27
1.047,1.004,0.575,0.396,1.931,0.33,0.078,0.08,1.574,0.0
1.157,1.095,0.812,0.955,1.805,0.637,0.866,0.419,1.765,0.188
2.41,2.166,1.891,1.433,2.277,1.006,0.051,0.048,1.985,0.08
3.845,3.405,3.139,2.587,3.117,2.152,1.4,1.029,3.358,0.607
2.238,2.201,1.405,1.515,1.962,0.854,0.836,0.563,2.267,0.398
3.261,2.909,2.672,2.569,2.816,1.717,0.26,0.08,2.501,0.805
3.223,3.452,2.892,2.405,2.929,2.131,0.899,0.38,2.689,0.713
3.637,3.598,3.135,2.495,2.997,2.251,1.235,0.934,3.508,0.569
3.602,3.329,2.787,2.646,3.496,2.96,0.826,0.499,3.24,1.033
2.911,2.527,2.089,1.668,2.494,1.304,0.405,0.193,2.235,0.207
2.337,2.028,1.94,1.84,2.551,1.257,0.049,0.157,1.837,0.365
1.832,1.847,1.364,1.419,2.045,1.305,0.102,0.0,2.167,0.082
2.978,2.703,2.559,1.907,2.808,1.509,0.305,0.122,2.517,0.331
3.019,2.571,2.543,1.793,2.558,1.519,0.63,0.472,2.922,0.674
3.006,2.619,2.486,1.974,2.454,1.341,0.93,0.567,2.064,0.214
1.112,1.238,0.953,0.77,2.212,0.65,0.49,0.367,1.516,0.109
2.484,2.54,2.243,1.881,2.272,1.38,0.67,0.413,2.395,0.086
2.922,2.251,1.691,1.367,2.21,1.031,0.091,0.045,1.862,0.106
2.844,2.735,2.513,1.882,2.431,1.497,0.504,0.307,2.491,0.508
1.618,1.313,1.194,0.807,2.296,0.93,0.0,0.0,1.405,0.134
2.022,1.73,1.023,0.86,2.506,0.7,0.066,0.021,1.897,0.061
2.526,2.463,2.142,2.003,2.449,1.604,0.948,0.816,2.092,0.439
2.232,2.52,2.126,2.144,2.345,1.525,0.47,0.275,2.1,0.0
3.422,3.431,3.109,2.569,3.002,2.277,0.898,0.368,3.428,0.584
2.975,3.112,2.852,2.424,2.716,2.128,1.265,0.705,2.541,0.499
2.232,2.208,2.044,1.436,2.39,1.1,0.0,0.0,2.171,0.076
2.416,2.295,1.685,1.419,1.933,0.872,0.539,0.158,1.927,0.241
3.378,3.588,3.319,3.216,3.41,2.908,3.063,2.541,3.459,0.29
1.949,1.741,1.254,1.232,1.761,0.774,0.066,0.046,1.798,0.206
3.353,3.04,2.755,2.499,2.885,1.865,1.751,0.989,3.167,0.507
2.13,1.667,1.386,1.235,2.098,0.848,0.436,0.201,1.59,0.03
2.365,1.94,1.91,1.826,2.586,0.872,0.569,0.411,2.133,0.151
0.461,0.523,0.251,0.106,1.534,0.298,0.0,0.06,1.23,0.19
3.055,3.284,3.069,2.417,2.587,1.22,0.701,0.563,3.252,0.293
3.417,3.413,3.181,2.919,2.886,2.249,1.199,0.662,3.314,0.632
2.152,2.21,1.674,1.241,2.134,1.525,1.174,0.629,1.895,0.428
1.522,1.67,1.48,1.465,2.301,0.714,0.0,0.0,1.522,0.0
3.131,3.129,3.042,2.459,2.763,1.582,0.422,0.019,2.829,0.44
1.938,2.093,1.573,1.181,2.16,0.46,0.122,0.148,2.074,0.265
2.9,2.626,2.407,2.088,2.304,1.851,0.628,0.199,2.374,0.35
2.797,2.297,2.171,1.928,2.296,0.985,0.906,0.791,2.482,0.545
2.599,2.434,1.87,2.037,2.222,1.252,1.444,0.18,2.363,0.279
3.155,3.094,2.69,2.529,2.858,2.098,0.656,0.439,2.326,0.786
2.58,2.428,2.18,1.888,2.181,1.347,1.356,0.788,2.327,0.468
2.16,2.102,1.891,1.271,2.104,1.141,0.679,0.496,2.273,0.314
2.869,2.675,2.516,1.926,2.409,1.165,0.543,0.799,2.529,0.396
1.931,1.644,1.777,1.39,2.101,1.07,0.365,0.055,1.796,0.0
2.489,2.183,2.087,1.742,2.507,1.225,0.0,0.0,2.23,0.346
2.636,2.22,2.194,1.782,2.438,1.543,0.239,0.036,1.891,0.024
2.943,3.083,2.675,2.669,2.849,2.452,0.904,0.438,2.72,0.388
1.647,1.745,1.122,1.205,2.221,0.804,0.368,0.059,2.022,0.25
0.481,0.387,0.022,0.0,1.699,0.091,0.0,0.0,1.356,0.0
1.167,1.257,0.972,0.744,2.13,0.661,0.0,0.13,1.576,0.0
2.945,2.628,1.968,1.522,2.589,1.522,1.775,1.515,2.458,0.535
1.402,1.258,0.747,0.866,2.065,0.81,0.387,0.215,1.378,0.0
2.857,2.034,1.608,1.754,2.317,1.485,0.497,0.345,2.15,0.297
0.755,1.026,1.014,0.812,1.689,0.397,0.321,0.225,1.559,0.064
2.201,2.246,1.593,1.248,2.34,1.218,0.111,0.0,2.112,0.21
2.711,2.618,2.301,1.959,2.518,1.453,0.252,0.19,2.398,0.136
1.872,1.857,1.398,1.241,2.026,0.694,0.609,0.285,1.67,0.389
1.912,2.017,1.54,1.207,2.04,0.969,0.807,0.674,2.284,0.297
2.381,2.554,2.046,1.57,2.307,0.941,0.103,0.008,1.892,0.0
2.59,2.765,2.351,1.911,2.125,0.984,0.627,0.456,2.476,0.159
3.295,2.937,2.67,2.597,2.22,1.937,0.292,0.049,2.119,0.409
1.977,1.682,1.246,1.18,2.059,0.602,0.322,0.154,2.033,0.202
2.886,2.651,2.583,2.03,2.638,1.746,0.788,0.556,2.513,0.403
0.844,0.967,0.732,0.809,1.823,0.398,0.168,0.0,1.628,0.057
1.886,1.359,0.714,0.829,1.968,0.517,0.0,0.0,1.568,0.0
1.79,1.781,1.45,1.261,1.877,0.865,0.412,0.412,1.894,0.142
2.179,1.678,1.218,1.014,2.364,1.048,0.433,0.507,1.944,0.077
3.192,3.107,2.974,2.594,2.854,1.715,0.557,0.522,3.032,0.465
1.756,1.338,1.186,1.123,1.863,0.544,0.061,0.0,1.544,0.032
2.139,1.975,1.795,1.422,2.315,0.683,0.265,0.175,2.197,0.108
3.226,3.361,2.893,2.436,2.751,1.793,0.506,0.064,2.729,0.799
2.506,2.826,2.648,2.601,2.515,2.276,1.296,0.392,2.527,0.339
3.313,3.233,3.21,2.663,3.111,2.176,0.768,0.322,2.92,0.382
3.705,3.516,3.264,3.129,3.221,2.777,1.34,0.555,3.091,0.99
2.767,2.754,2.433,2.028,2.452,1.317,0.631,0.602,2.481,0.237
2.726,2.466,2.464,2.125,2.696,1.247,0.525,0.106,2.454,0.365
3.104,3.148,2.647,2.069,2.698,1.597,1.974,1.829,3.218,0.821
2.637,2.225,2.101,1.67,2.455,1.214,0.382,0.0,2.212,0.071
2.237,1.881,1.632,1.2,1.942,0.652,0.425,0.428,1.893,0.103
2.667,2.489,1.865,1.825,2.556,1.428,0.29,0.336,2.268,0.185
1.985,2.024,1.56,1.132,1.95,0.993,0.762,0.0,1.969,0.0
3.479,3.178,2.816,2.671,2.727,2.453,1.342,1.331,2.992,0.884
3.959,4.0,3.548,2.884,3.306,2.515,3.045,2.095,3.9,0.744
3.032,2.963,2.674,2.276,2.648,1.933,0.792,0.69,2.686,0.326
3.168,2.898,2.578,2.241,2.679,1.674,1.024,0.818,2.678,0.153
2.533,2.217,2.052,1.378,2.2,0.879,0.0,0.0,2.079,0.147
2.339,1.985,1.748,1.767,2.184,1.488,0.713,0.43,2.073,0.438
0.841,0.91,0.417,0.336,1.645,0.03,0.184,0.018,1.303,0.042
3.583,3.352,3.22,2.6,3.074,1.249,0.677,0.126,2.919,0.52
1.497,1.71,1.46,1.262,2.061,0.901,0.346,0.199,2.071,0.135
3.065,3.344,3.38,2.872,2.948,2.437,0.98,0.65,2.386,1.04
3.391,3.204,3.218,2.281,2.997,1.771,0.875,0.39,3.21,0.483
1.584,1.72,1.592,1.229,2.366,1.001,0.738,0.707,2.095,0.215
1.68,1.536,1.257,1.01,1.993,0.334,0.165,0.0,1.922,0.277
3.91,4.0,4.0,4.0,3.365,3.243,1.068,0.534,3.443,1.286
2.753,2.635,2.509,2.011,2.465,1.36,0.0,0.0,2.244,0.508
3.484,2.758,2.517,2.557,2.59,2.107,1.333,1.15,2.671,0.536
1.652,1.261,0.984,0.975,1.707,0.561,0.26,0.179,1.449,0.135
2.469,2.793,2.458,2.244,2.409,1.816,0.478,0.092,2.326,0.45
2.387,1.731,1.46,1.256,2.265,1.293,0.414,0.464,1.543,0.0
0.985,0.783,0.639,0.563,1.942,0.309,0.0,0.0,0.944,0.0
3.174,2.774,2.24,1.976,2.508,1.203,1.231,0.876,2.296,0.517
3.21,3.185,3.067,2.557,2.733,1.741,0.811,0.64,2.77,0.305
2.67,2.517,2.209,1.821,2.358,1.161,0.294,0.045,2.453,0.215
2.451,1.657,1.224,1.208,2.298,1.331,0.135,0.128,1.907,0.189
3.084,3.125,2.456,2.14,2.583,1.683,1.007,0.392,2.842,0.582
3.104,3.108,2.791,2.36,3.04,2.102,2.322,1.759,3.034,0.599
3.296,2.788,2.557,2.33,2.844,2.347,2.237,2.403,2.872,0.69
1.806,1.614,1.066,0.957,2.117,0.664,0.096,0.053,1.308,0.0
2.284,1.811,1.362,1.22,2.006,1.074,0.767,0.397,1.862,0.105
4.0,4.0,3.608,2.928,3.038,2.608,3.666,3.737,3.795,1.156
2.407,2.109,1.847,1.411,2.025,1.081,0.35,0.176,1.951,0.351
2.019,1.968,1.316,1.093,2.046,0.835,0.387,0.219,2.043,0.173
1.916,1.598,1.501,1.066,1.963,1.077,0.346,0.0,1.753,0.17
2.914,2.859,2.213,1.821,2.633,1.576,0.342,0.262,2.225,0.718
1.898,2.079,1.633,1.473,2.199,1.127,0.549,0.381,1.872,0.355
3.567,3.334,3.121,2.631,2.857,1.612,0.925,0.575,3.266,0.705
2.732,2.433,1.941,1.413,2.299,1.245,0.324,0.06,2.265,0.307
3.036,2.969,2.753,2.354,2.861,1.94,0.847,0.409,2.875,0.3
2.9,2.571,2.326,1.789,2.565,0.962,0.462,0.42,2.583,0.438
1.447,1.421,0.966,0.708,2.186,0.305,0.222,0.168,1.543,0.023
1.9,1.605,1.141,0.937,2.146,0.883,0.869,0.707,2.024,0.056
3.217,2.462,2.842,2.511,2.559,1.712,0.973,0.841,2.584,1.146
2.663,2.596,2.493,2.491,2.377,2.04,1.674,1.364,2.603,0.45
2.636,2.642,2.192,2.383,2.695,1.447,0.296,0.149,2.306,0.341
2.737,2.528,2.263,1.691,2.473,1.441,0.313,0.083,2.16,0.207
2.393,2.281,2.0,1.677,2.807,1.506,0.701,0.473,2.331,0.331
3.056,3.005,2.254,1.994,2.401,1.61,0.763,0.516,2.238,0.177
2.818,2.355,2.134,1.843,2.499,1.309,0.0,0.0,1.986,0.436
2.818,2.713,2.459,2.399,2.474,1.627,0.788,0.419,2.637,0.035
2.148,2.212,1.829,1.665,2.372,1.166,0.426,0.121,2.021,0.211
2.742,2.098,1.853,1.626,1.737,1.354,0.684,0.144,1.764,0.526
2.239,1.934,1.853,1.788,2.541,1.287,0.46,0.299,2.063,0.12
1.762,1.497,1.109,1.123,1.957,0.828,0.156,0.016,1.753,0.157
2.736,2.62,2.361,1.799,2.516,1.644,0.509,0.0,2.31,0.007
1.749,1.375,1.195,1.152,2.123,1.018,0.373,0.159,1.707,0.274
2.023,2.039,1.622,1.497,2.304,1.377,0.551,0.425,2.053,0.206
2.695,2.679,2.146,1.935,2.422,1.096,0.645,0.0,2.522,0.649
2.994,2.757,2.838,2.552,3.155,2.354,1.196,0.95,2.795,0.981
1.305,1.713,1.466,1.165,2.115,0.989,0.545,0.505,2.042,0.22
2.712,2.1,1.989,1.532,2.067,0.683,0.502,0.17,2.057,0.207
3.886,3.805,3.982,3.503,2.681,2.966,1.761,1.521,2.776,1.146
2.059,2.079,1.498,1.041,2.259,1.062,0.424,0.249,1.784,0.296
2.78,2.635,2.206,1.9,2.478,1.274,0.793,0.544,2.369,0.329
3.611,3.166,3.31,2.789,3.099,2.286,1.157,0.707,2.794,0.539
2.07,1.994,1.556,1.274,1.827,0.924,0.387,0.41,1.828,0.015
2.151,2.06,1.601,1.552,2.378,1.095,0.5,0.142,1.937,0.155
2.456,2.376,2.157,2.07,2.115,1.458,0.734,0.315,2.557,0.171
2.765,2.813,2.418,1.875,2.024,1.441,0.471,0.369,2.044,0.235
2.167,2.123,1.82,1.747,2.403,1.381,0.84,0.63,1.872,0.364
2.73,2.201,1.971,1.875,2.466,1.425,0.563,0.377,2.253,0.425
1.528,1.33,1.349,1.071,2.111,0.759,0.0,0.178,1.96,0.0
1.678,1.826,1.745,1.681,2.44,1.348,1.029,0.819,2.121,0.377
1.842,1.985,1.295,1.235,2.18,1.163,0.223,0.17,1.972,0.212
3.953,4.0,3.882,3.951,3.596,2.832,0.643,0.031,3.139,2.351
1.654,1.779,1.108,1.083,1.92,1.098,0.701,0.143,1.466,0.0
2.763,2.657,2.041,1.465,2.36,1.021,0.063,0.032,2.119,0.117
2.648,2.519,2.446,2.224,2.399,1.6,0.278,0.153,2.187,0.389
2.194,2.091,2.019,1.755,2.416,1.181,0.084,0.0,2.148,0.19
3.504,3.416,3.355,3.08,3.397,2.427,0.47,0.076,2.719,1.226
2.437,2.119,1.669,1.323,1.907,0.442,0.325,0.051,2.034,0.0
3.818,3.617,3.444,3.445,2.963,2.484,0.93,0.616,3.055,0.984
2.483,2.501,2.334,1.999,2.398,1.468,0.166,0.055,2.408,0.124
1.023,0.729,0.434,0.448,1.843,0.607,0.273,0.344,1.446,0.215
3.203,2.724,2.12,1.992,2.583,1.954,0.876,0.78,2.507,0.393
2.027,1.998,1.434,1.149,2.13,1.05,0.573,0.11,2.063,0.027
3.202,2.822,2.706,2.269,2.627,2.31,1.025,0.515,2.638,0.421
3.68,3.77,3.63,3.491,3.204,3.066,3.283,3.205,3.613,1.381
3.046,2.537,2.454,2.061,2.781,1.599,0.443,0.128,2.285,0.26
2.582,2.487,2.12,1.868,2.701,1.754,0.829,0.597,2.622,0.289
2.371,1.744,1.303,1.104,2.041,0.677,0.395,0.019,1.689,0.027
4.0,3.782,3.645,3.374,3.004,3.03,1.914,1.779,3.292,0.768
3.694,3.814,3.897,3.005,3.165,2.561,0.877,0.262,3.512,0.71
2.653,2.58,2.268,1.998,2.382,1.41,0.528,0.0,2.348,0.077
2.545,2.065,1.886,1.68,2.592,1.225,0.276,0.039,2.301,0.353
3.252,3.017,2.553,2.174,2.68,1.85,1.063,0.697,2.458,0.397
2.539,2.257,1.885,1.95,2.413,1.455,0.413,0.257,2.216,0.375
1.978,1.544,1.438,1.237,2.103,0.824,0.146,0.128,1.707,0.0
3.061,2.93,2.7,2.303,2.62,1.887,0.755,0.373,2.915,0.454
0.881,0.934,0.197,0.035,1.811,0.517,0.0,0.103,1.309,0.0
3.781,3.549,3.441,2.75,3.036,2.38,0.773,0.222,3.259,0.609
3.139,2.988,2.489,2.066,2.833,1.692,0.16,0.006,2.776,0.21
2.581,2.624,2.402,2.006,2.584,1.744,1.144,0.878,2.8,0.4
1.08,1.153,0.756,0.927,2.072,0.64,0.394,0.526,1.355,0.076
2.694,2.228,1.782,1.573,2.376,1.531,0.478,0.0,1.949,0.033
2.593,2.37,2.006,1.448,2.225,1.433,0.7,0.286,2.621,0.14
4.0,4.0,3.738,3.299,3.016,2.306,1.62,1.031,3.431,0.996
3.232,3.039,2.932,2.46,2.584,1.67,0.59,0.156,2.629,0.194
1.152,1.154,0.646,0.671,2.162,1.0,0.07,0.0,1.606,0.21
2.931,2.734,2.323,1.858,2.485,1.344,1.732,1.731,2.055,0.62
2.904,3.008,2.415,2.542,2.697,1.571,0.844,0.659,2.729,0.594
2.843,2.411,2.241,1.85,2.397,1.017,1.025,0.891,2.394,0.096
2.723,2.418,2.229,2.016,2.489,1.434,0.639,0.738,1.902,0.323
2.12,1.812,1.364,1.487,2.177,1.371,0.296,0.0,1.51,0.027
2.115,2.079,1.882,1.469,1.983,1.168,0.224,0.106,1.922,0.081
3.482,2.76,2.774,2.279,2.618,1.667,0.604,0.425,2.693,0.786
2.752,2.711,2.307,1.977,2.601,1.724,0.381,0.113,2.249,0.324
2.952,3.263,2.932,2.659,2.718,2.193,0.883,0.51,3.091,0.457
2.61,2.255,1.998,1.698,2.176,1.547,0.206,0.076,2.471,0.282
2.916,2.482,2.322,1.775,2.5,1.46,1.108,0.727,2.391,0.0
3.216,3.208,2.944,2.159,2.133,1.434,1.125,0.821,2.822,0.416
3.185,3.031,2.646,2.417,2.741,1.431,1.789,1.557,3.203,0.501
1.383,1.429,0.943,0.825,1.755,0.784,0.105,0.0,1.606,0.0
2.611,2.753,2.497,2.083,2.373,1.886,0.623,0.302,2.297,0.237
2.873,3.002,2.808,2.585,2.427,2.156,0.735,0.474,2.72,0.44
2.505,2.162,1.978,1.779,2.167,1.329,0.193,0.155,2.109,0.131
2.149,1.971,1.665,1.116,2.35,0.694,0.22,0.017,2.062,0.0
1.552,1.465,1.329,1.191,2.245,1.131,0.137,0.11,1.718,0.072
2.42,2.554,1.963,2.016,2.303,1.638,0.528,0.316,2.195,0.363
3.236,2.809,2.714,2.286,2.493,1.711,0.453,0.231,2.695,0.246
3.082,3.328,3.234,2.807,3.009,2.105,1.774,1.063,3.358,0.51
2.908,2.858,2.375,2.132,2.31,1.316,0.471,0.197,2.297,0.113
2.335,1.759,1.32,1.346,2.4,1.09,0.608,0.14,2.044,0.108
3.191,2.731,2.263,2.203,2.596,1.831,0.815,0.1,2.506,0.121
3.23,2.587,2.493,2.062,2.313,1.403,0.0,0.0,2.154,0.625
2.179,1.53,0.891,0.838,2.018,0.232,0.0,0.0,1.655,0.0
2.109,1.798,1.4,1.528,2.2,1.287,0.81,0.769,1.702,0.175
1.791,1.741,1.454,1.182,2.192,1.031,0.404,0.17,2.025,0.12
1.293,1.453,1.006,1.108,2.043,0.725,0.542,0.59,1.627,0.194
1.566,1.022,0.893,0.799,1.667,0.725,0.182,0.0,1.63,0.0
3.032,2.701,2.486,1.994,2.585,1.483,0.671,0.332,2.406,0.226
2.443,2.417,2.151,1.925,2.619,1.152,0.767,0.429,2.548,0.169
1.22,1.225,1.012,1.148,1.532,0.672,0.393,0.27,1.214,0.017
3.589,3.375,3.396,2.601,2.964,1.959,1.096,0.364,3.256,0.651
1.456,1.402,1.309,1.388,2.209,0.917,0.555,0.298,1.616,0.22
3.011,2.596,2.578,1.862,2.187,1.196,1.031,0.844,2.515,0.513
3.234,2.849,2.464,2.29,2.282,2.295,1.535,0.895,2.706,0.285
3.501,3.28,2.864,2.574,2.99,2.144,0.617,0.24,2.728,0.407
2.74,2.625,2.286,2.188,2.573,1.168,0.613,0.402,2.671,0.151
2.518,2.218,1.913,1.633,2.522,1.286,0.362,0.241,2.112,0.079
2.319,2.325,1.946,1.771,2.397,1.461,1.378,0.68,2.181,0.167
3.245,3.14,2.725,2.388,2.742,1.78,0.924,0.764,2.667,0.299
2.418,1.983,1.568,1.397,1.926,0.799,0.082,0.036,1.921,0.01
2.948,3.158,2.692,2.517,2.515,2.204,1.425,0.533,2.769,0.075
2.067,1.42,1.277,0.935,2.13,0.63,0.107,0.027,1.49,0.006
3.042,2.405,2.099,1.966,2.313,1.399,0.494,0.277,2.126,0.0
2.928,2.57,2.18,2.046,2.733,1.931,0.61,0.24,2.347,0.401
3.577,3.23,2.926,2.384,2.826,2.0,1.742,1.647,3.043,0.427
0.374,0.668,0.71,0.577,1.63,0.528,0.106,0.154,1.26,0.019
2.368,2.467,2.191,1.668,2.515,1.493,0.116,0.031,2.338,0.049
2.82,2.874,2.513,2.408,2.711,2.219,0.908,1.041,2.94,0.326
3.23,2.871,2.196,1.983,2.554,1.32,0.711,0.511,2.267,0.345
1.199,1.131,0.67,0.488,1.787,0.328,0.226,0.01,1.54,0.024
2.397,2.43,1.84,1.855,2.47,1.283,0.721,0.254,2.374,0.465
2.741,2.557,2.142,1.916,2.719,1.225,0.759,0.385,2.219,0.391
3.14,2.941,2.708,2.256,3.088,1.707,0.802,0.646,2.61,0.287
2.339,1.863,1.373,1.046,2.105,1.263,0.611,0.442,2.083,0.095
2.956,2.98,2.453,1.932,2.613,1.224,0.613,0.278,2.883,0.284
2.628,2.566,2.332,1.936,2.379,1.523,0.915,0.812,2.498,0.541
2.82,2.878,2.408,1.874,2.762,1.446,0.661,0.573,2.742,0.288
3.023,3.245,2.81,2.233,2.731,1.54,0.795,0.472,2.514,0.579
3.111,2.969,2.672,2.362,2.725,1.787,1.449,0.998,2.776,0.728
2.294,2.203,1.674,1.692,2.352,1.183,0.28,0.097,2.325,0.211
2.628,2.436,2.036,1.55,2.249,1.68,0.642,0.425,2.334,0.159
0.397,0.566,0.149,0.224,2.22,0.533,0.037,0.244,1.297,0.003
2.198,2.37,1.98,1.619,2.442,1.223,0.465,0.241,2.571,0.292
1.956,1.936,1.876,1.573,2.167,0.965,1.011,0.968,1.881,0.231
2.991,2.678,2.547,2.129,2.55,1.573,0.668,0.398,2.398,0.517
2.195,1.739,1.563,1.213,2.174,1.269,0.43,0.01,2.032,0.21
2.898,2.787,2.543,2.3,2.577,1.809,1.833,1.267,2.466,0.637
3.093,2.726,2.381,1.868,2.546,1.206,0.807,0.434,2.298,0.124
3.04,3.182,3.105,2.732,2.845,2.081,0.914,0.642,3.076,0.538
2.586,2.514,2.444,1.946,2.348,1.451,0.122,0.053,2.274,0.0
3.122,2.627,2.253,2.084,2.519,1.782,0.978,0.469,2.735,0.128
3.763,3.685,3.384,2.887,3.135,2.108,1.711,1.43,3.224,0.874
2.38,2.554,2.393,2.151,2.205,1.735,0.138,0.204,2.271,0.192
2.511,2.358,2.032,1.922,2.494,1.499,0.634,0.403,2.093,0.392
2.358,2.048,1.55,1.115,2.147,0.583,0.229,0.073,2.095,0.329
3.172,3.287,2.768,2.204,3.047,1.968,2.043,1.784,3.195,0.541
3.869,3.508,3.168,2.878,2.777,2.188,0.677,0.336,3.12,1.218
3.308,3.642,3.506,3.02,3.092,2.419,1.418,0.656,3.066,0.867
4.0,3.619,3.269,2.993,2.985,2.942,1.566,0.995,3.254,0.769
1.943,1.854,0.988,1.034,1.827,0.848,0.286,0.128,1.715,0.28
3.991,3.64,3.671,3.008,2.952,2.114,1.592,1.133,3.324,1.268
2.526,2.155,1.884,1.602,2.034,1.181,0.535,0.454,1.991,0.125
2.987,2.839,2.535,2.12,2.712,1.652,0.892,0.202,2.622,0.405
2.632,2.264,1.761,1.66,2.279,1.336,0.182,0.0,2.144,0.029
2.051,2.139,1.753,1.451,2.098,1.311,0.849,0.204,2.14,0.334
3.057,3.003,2.633,2.307,2.522,1.751,0.963,0.497,2.848,0.558
2.378,2.177,1.81,1.864,2.297,1.057,0.607,0.444,2.126,0.068
3.78,3.455,2.964,2.749,3.147,2.396,2.996,2.25,3.211,0.593
3.172,2.832,2.169,1.888,2.486,1.414,0.852,0.563,2.476,0.58
1.7,1.721,1.24,1.083,1.996,0.733,0.275,0.256,1.698,0.083
3.01,3.042,3.019,2.928,2.708,2.0,1.223,0.531,3.033,0.754
2.352,1.926,1.649,1.109,1.856,1.319,0.534,0.229,1.948,0.089
3.034,3.123,2.671,2.199,2.572,1.514,0.245,0.175,2.832,0.396
2.466,2.234,2.254,1.967,2.331,1.415,0.224,0.015,2.025,0.073
2.842,2.91,2.18,1.948,2.533,1.476,0.317,0.029,2.732,0.233
2.553,2.696,2.165,2.234,2.682,1.446,1.007,0.717,2.454,0.197
1.921,1.744,0.906,0.719,2.181,0.231,0.26,0.267,1.735,0.211
3.617,3.473,3.315,2.956,3.295,2.201,0.205,0.0,2.868,1.528
2.498,2.075,1.573,1.604,2.208,1.9,1.363,0.995,2.109,0.335
1.781,1.479,1.119,1.305,1.755,0.791,0.396,0.046,1.703,0.201
3.431,3.101,2.823,2.24,2.923,1.553,1.0,0.633,2.779,0.418
1.534,1.001,0.734,0.653,1.749,0.542,0.156,0.268,1.187,0.0
3.207,2.475,1.968,1.932,2.565,2.262,1.446,1.169,2.328,0.962
3.375,3.37,3.242,2.557,3.265,2.317,0.907,0.761,3.327,0.65
2.942,2.676,2.574,1.878,2.493,1.22,0.607,0.267,2.589,0.0
1.068,1.139,0.379,0.468,1.919,0.364,0.389,0.262,1.752,0.013
3.011,2.91,2.648,2.311,2.712,1.439,0.64,0.424,2.18,0.156
3.166,2.988,2.519,2.493,2.469,2.103,1.778,1.337,2.679,0.464
2.86,2.854,2.75,2.607,2.595,1.805,0.82,0.59,2.687,0.312
2.882,2.12,2.049,1.647,2.413,0.849,0.448,0.166,2.376,0.303
2.169,2.22,1.839,1.752,2.348,1.088,0.676,0.548,2.054,0.0
1.912,1.372,1.084,1.014,2.104,0.948,0.262,0.23,1.83,0.0
3.508,3.267,3.284,2.766,2.747,2.153,1.181,0.542,2.93,0.934
3.384,3.006,2.732,2.288,2.761,1.567,0.551,0.472,2.902,0.35
2.605,2.502,2.01,1.475,2.375,1.108,0.351,0.44,2.177,0.09
2.993,2.922,2.453,1.864,2.58,1.052,0.521,0.294,2.539,0.144
2.675,2.509,2.201,1.805,2.385,1.067,0.588,0.331,2.521,0.242
2.836,2.574,2.211,2.032,2.251,1.646,0.575,0.424,2.203,0.147
2.185,2.01,1.705,1.068,2.416,0.994,0.835,0.817,1.933,0.377
1.503,1.209,1.183,1.085,1.979,0.928,0.098,0.0,1.805,0.148
1.473,1.094,1.123,0.878,1.953,0.618,0.332,0.31,1.471,0.017
0.972,1.01,0.98,1.117,1.807,0.98,0.716,0.393,1.375,0.227
3.068,3.007,2.569,2.475,2.72,2.235,1.081,0.758,3.187,0.543
2.599,2.41,2.204,1.916,2.417,1.498,1.013,0.366,2.22,0.183
2.92,2.679,2.223,2.083,2.516,1.614,0.556,0.317,2.188,0.326
3.074,3.228,3.09,2.524,2.758,1.481,1.485,0.839,2.683,0.496
3.421,3.013,2.683,2.072,2.572,1.577,0.692,0.242,2.772,0.453
2.813,2.799,2.297,1.94,2.613,1.552,0.453,0.021,2.609,0.624
3.179,2.726,2.53,1.991,2.668,1.818,1.094,0.716,2.334,0.454
1.8,1.906,1.422,0.923,2.09,0.702,0.369,0.233,2.021,0.0
2.858,2.983,2.851,2.105,2.72,1.83,0.33,0.21,2.709,0.289
2.808,2.959,2.704,2.188,2.626,2.077,0.593,0.559,2.45,1.434
2.351,2.134,1.687,1.531,2.355,1.275,0.677,0.317,2.17,0.188
2.641,2.69,2.257,1.627,2.312,1.447,0.845,0.58,2.415,0.249
2.987,2.812,2.721,2.487,2.553,1.751,0.491,0.096,2.821,0.277
1.969,1.834,1.481,1.065,1.984,1.13,0.291,0.126,2.305,0.185
2.267,1.914,2.077,1.927,2.344,1.306,1.092,0.845,2.362,0.0
3.647,3.752,3.513,2.994,3.147,2.584,0.952,0.359,3.048,0.579
2.773,2.925,2.784,2.293,2.54,1.167,0.483,0.32,2.756,0.217
2.435,2.311,1.866,1.828,2.26,0.809,0.0,0.0,1.653,0.305
2.012,1.782,1.349,0.978,2.211,1.103,0.331,0.169,1.827,0.137
2.772,2.512,2.153,1.812,2.19,1.518,0.35,0.286,2.453,0.095
2.051,1.619,1.582,1.052,2.256,0.832,0.309,0.263,1.933,0.007
3.808,3.942,3.799,3.607,3.28,3.171,3.32,3.238,3.743,1.412
1.877,1.629,0.938,0.816,1.723,0.542,0.0,0.117,1.717,0.0
2.804,2.778,2.519,2.269,2.502,1.943,0.567,0.288,2.353,0.386
2.968,2.705,2.256,2.135,2.52,1.531,0.325,0.268,2.696,0.077
2.327,1.831,1.463,1.556,1.902,0.735,0.0,0.0,1.58,0.115
2.92,2.764,2.708,2.169,2.311,1.339,0.0,0.0,2.403,0.178
1.85,1.495,1.305,0.981,2.22,0.668,0.0,0.05,1.698,0.034
2.875,2.501,2.349,1.884,2.551,1.898,2.019,1.908,2.562,0.762
1.885,2.146,1.802,1.646,2.257,1.121,0.267,0.249,1.842,0.251
2.194,2.148,1.719,1.539,2.235,1.19,0.622,0.408,2.166,0.43
3.625,3.323,3.309,2.92,3.217,2.382,1.954,1.367,3.328,0.341
1.388,1.073,0.817,0.728,1.935,0.908,0.278,0.238,1.578,0.029
3.713,3.343,2.927,2.81,2.872,2.259,2.353,1.999,3.452,0.414
3.205,3.675,3.497,2.729,2.526,2.319,0.722,0.617,2.764,0.924
2.029,1.531,0.926,0.907,1.97,0.258,0.383,0.337,1.869,0.0
2.438,2.075,1.689,1.734,2.303,1.077,0.706,0.361,2.057,0.168
2.609,2.633,2.296,2.205,2.46,1.22,0.727,0.565,2.483,0.219
3.86,3.816,3.346,3.194,3.287,2.637,1.398,0.726,3.505,0.309
1.512,1.088,1.123,0.798,1.775,0.701,0.293,0.217,1.52,0.192
2.678,2.474,2.337,2.339,2.619,1.571,0.494,0.201,1.977,0.441
0.112,0.417,0.125,0.198,1.699,0.484,0.108,0.012,0.997,0.0
2.979,2.68,2.467,2.134,2.467,1.458,1.037,0.44,2.587,0.276
2.465,2.511,2.292,1.889,2.649,1.508,0.927,0.737,2.354,0.515
1.744,1.358,1.063,0.999,1.849,0.65,0.456,0.094,1.384,0.218
3.253,3.277,2.897,2.905,2.709,2.051,0.782,0.481,2.795,0.783
2.438,2.068,1.619,1.626,2.362,1.15,0.454,0.046,2.09,0.12
3.309,2.949,2.448,1.941,2.348,1.06,0.44,0.335,2.525,0.135
3.003,2.968,2.459,2.371,2.692,2.121,0.801,0.47,2.688,0.51
2.768,2.66,2.069,2.015,2.255,1.776,1.161,0.938,2.327,0.356
2.594,2.478,2.072,1.756,2.379,1.223,0.297,0.162,2.081,0.245
1.767,1.688,1.129,1.204,1.794,0.777,0.562,0.166,2.139,0.29
2.939,2.884,2.524,2.262,3.002,1.478,1.085,0.794,2.667,0.54
1.418,0.978,0.606,0.325,1.72,0.439,0.433,0.258,1.194,0.061
1.156,0.813,0.789,0.439,1.879,0.363,0.301,0.378,1.414,0.0
1.328,0.647,0.646,0.686,2.182,0.571,0.049,0.278,0.839,0.022
2.279,2.204,1.694,1.378,1.983,0.987,0.366,0.271,1.956,0.334
2.488,2.307,1.995,2.014,2.443,1.32,0.223,0.023,2.268,0.899
2.672,2.564,2.277,2.258,2.737,1.454,1.627,0.301,2.543,0.47
2.127,1.952,1.795,1.317,2.186,0.768,0.0,0.0,1.721,0.258
3.708,3.194,2.912,2.572,2.751,2.16,1.015,0.613,3.065,0.501
3.135,2.786,2.429,1.915,2.464,1.199,0.387,0.312,2.492,0.299
2.967,2.703,2.231,1.892,2.537,1.772,2.03,1.996,2.34,0.528
2.594,2.254,2.145,1.548,2.588,1.565,0.528,0.556,2.369,0.262
1.117,0.899,0.87,0.888,1.717,0.425,0.0,0.0,1.247,0.109
1.348,1.032,0.683,0.66,2.106,0.422,0.288,0.265,1.873,0.041
2.237,1.848,1.331,0.998,2.102,1.228,0.868,0.746,2.127,0.417
2.545,2.79,2.537,2.089,2.293,1.625,0.315,0.327,2.744,0.465
3.024,2.754,2.44,2.272,2.552,1.38,0.531,0.273,2.733,0.529
1.617,1.66,1.129,0.797,2.08,0.839,0.843,0.391,1.632,0.027
2.799,2.096,1.867,1.563,2.508,1.454,0.901,1.055,2.238,0.144
3.267,3.132,2.971,2.702,2.898,1.673,1.779,1.278,3.011,0.71
3.124,3.283,2.71,2.439,2.704,1.538,0.333,0.231,2.684,0.351
0.893,1.008,0.847,0.566,1.614,0.477,0.466,0.391,1.521,0.0
3.317,3.024,2.836,2.133,2.524,1.31,0.53,0.14,2.717,0.267
3.199,3.194,2.747,2.503,2.524,1.684,1.553,1.083,2.932,0.245
2.233,1.987,1.699,1.619,2.307,1.106,0.817,0.438,2.04,0.203
1.05,0.944,0.783,0.539,1.849,0.279,0.231,0.177,1.243,0.0
2.91,2.732,2.352,2.364,2.766,1.632,1.007,0.519,2.747,0.14
2.493,2.204,1.801,1.764,2.477,1.435,0.261,0.0,2.203,0.29
2.402,2.551,2.014,1.625,2.486,1.034,0.271,0.221,2.067,0.554
2.69,2.597,2.247,2.035,2.6,1.536,0.968,0.39,2.966,0.486
2.905,2.726,2.474,1.805,2.285,1.625,0.874,0.329,2.503,0.565
1.74,1.463,1.368,0.96,1.738,0.868,0.0,0.119,1.449,0.0
2.173,2.152,1.813,1.749,2.051,1.089,1.065,0.731,2.211,0.273
2.447,2.064,1.576,1.301,2.175,0.929,0.171,0.0,2.087,0.0
2.802,2.529,2.113,1.515,2.502,1.129,0.323,0.329,2.215,0.286
2.446,2.214,2.033,1.751,2.381,1.251,0.71,0.539,2.245,0.009
1.676,1.673,1.429,1.382,2.121,1.129,0.391,0.279,1.97,0.0
2.458,2.379,1.999,1.695,2.645,1.482,0.181,0.11,2.279,0.22
3.82,3.42,2.997,3.038,2.913,1.721,1.278,1.174,2.997,0.694
3.298,3.198,3.027,2.563,2.965,1.667,0.875,0.0,2.846,0.466
3.854,3.865,3.388,2.769,3.043,2.349,1.86,1.045,3.402,1.241
1.786,1.6,1.363,1.191,2.136,0.726,0.109,0.029,1.731,0.185
1.68,1.435,1.088,1.038,2.186,0.7,0.376,0.231,1.654,0.217
2.964,2.857,2.602,2.095,2.97,2.303,1.37,0.547,2.804,0.424
2.448,2.012,1.847,1.596,2.535,1.331,0.94,1.005,2.128,0.415
2.847,2.855,2.788,2.424,2.868,1.91,2.227,1.568,2.975,0.547
3.881,3.673,3.549,2.687,2.861,2.381,0.694,0.275,2.85,0.531
3.689,3.299,2.887,2.301,2.854,1.244,0.569,0.318,2.631,0.905
2.919,2.907,2.658,2.245,2.468,2.048,0.485,0.4,2.501,0.213
2.319,2.272,1.928,1.559,2.159,1.193,0.355,0.179,2.107,0.049
2.902,2.39,2.222,1.899,2.266,1.412,0.813,0.65,2.328,0.458
2.86,2.832,2.448,1.831,2.6,1.827,0.519,0.346,2.43,0.86
3.187,3.012,2.888,2.402,2.858,1.631,0.464,0.158,2.648,0.353
3.395,3.675,3.106,3.134,2.741,2.074,0.804,0.435,2.961,0.657
3.414,3.282,3.258,2.795,3.109,2.013,0.925,0.357,3.131,0.482
3.266,2.922,2.858,2.798,2.75,1.931,0.464,0.202,2.955,0.662
2.845,2.607,2.224,1.498,2.343,1.602,1.494,1.388,2.361,0.401
2.642,2.425,2.117,1.671,1.66,1.041,0.075,0.0,1.86,0.284
3.091,2.993,2.615,2.182,2.781,1.514,0.678,0.446,2.856,0.718
1.839,1.777,1.624,1.305,2.352,1.137,0.0,0.0,1.837,0.111
1.71,1.397,1.214,0.85,1.854,0.243,0.0,0.13,1.197,0.0
1.41,1.361,0.832,0.943,1.974,0.497,0.0,0.0,1.689,0.0
3.92,3.726,3.506,3.031,3.271,2.53,1.743,1.491,3.275,0.558
2.728,2.63,2.424,2.275,2.486,1.775,1.186,0.871,2.41,0.526
2.93,2.528,2.42,1.831,2.18,1.149,1.231,0.783,2.586,0.217
2.115,2.059,1.495,1.223,2.469,1.264,0.262,0.19,2.151,0.348
2.589,2.409,1.618,1.447,2.489,1.014,0.511,0.296,2.141,0.0
2.697,2.27,1.845,1.661,2.244,1.032,0.47,0.374,1.984,0.511
1.886,1.655,1.023,0.954,1.868,0.758,0.302,0.11,1.648,0.063
1.967,1.858,1.636,1.407,2.04,0.749,0.186,0.0,2.36,0.0
2.492,2.222,2.039,1.642,2.44,1.364,0.171,0.117,2.519,0.308
0.77,0.434,0.296,0.122,1.724,0.366,0.0,0.0,1.285,0.0
2.162,1.84,1.657,1.47,2.317,1.009,0.553,0.049,2.04,0.088
2.661,2.498,2.059,1.799,2.479,1.317,0.19,0.166,2.074,0.167
2.288,1.819,1.663,1.548,2.429,1.751,1.087,0.813,1.783,0.333
3.359,2.982,2.638,1.942,2.319,0.864,0.978,0.798,2.761,0.509
2.375,2.044,1.744,1.677,2.578,1.114,0.0,0.0,2.05,0.313
2.658,2.588,2.032,1.666,2.299,1.325,0.554,0.455,2.431,0.364
3.16,2.634,2.633,2.29,2.633,1.711,0.235,0.066,2.144,0.481
2.864,3.107,2.843,2.592,2.593,2.086,0.713,0.374,2.816,0.433
2.539,2.169,1.842,1.76,2.354,1.311,0.873,0.658,2.424,0.54
2.479,2.213,2.607,2.053,2.485,1.701,0.853,0.734,2.37,0.277
1.071,0.824,0.795,0.775,1.775,0.671,0.19,0.181,1.38,0.0
2.457,2.391,2.099,1.74,2.028,0.963,0.28,0.204,2.102,0.048
2.916,2.88,2.778,2.447,2.58,1.472,1.702,1.347,2.983,0.377
3.447,3.394,3.126,2.713,2.811,2.522,1.281,0.68,3.254,0.366
1.98,1.908,1.612,1.591,2.251,0.877,0.052,0.082,1.999,0.022
2.312,2.448,2.094,1.606,2.134,1.467,0.749,0.552,2.485,0.0
3.052,2.439,2.221,1.898,2.463,1.525,0.806,0.358,2.555,0.126
2.752,2.583,2.36,1.957,2.434,1.35,0.749,0.041,2.433,0.172
2.212,2.037,1.613,1.313,2.297,1.182,0.042,0.056,1.89,0.103
2.586,2.39,2.08,1.553,2.37,1.499,1.05,0.524,2.186,0.39
3.081,2.499,1.857,2.15,2.26,1.334,0.637,0.548,2.122,0.008
2.336,2.169,1.55,1.434,2.497,1.021,0.146,0.0,1.822,0.188
3.123,3.129,2.882,2.518,2.614,1.694,0.506,0.362,2.554,0.312
1.439,1.373,1.245,0.954,2.14,0.899,0.555,0.352,1.842,0.341
3.162,3.07,2.897,2.526,2.534,1.969,1.757,0.585,2.751,0.687
2.631,2.779,2.331,2.123,2.593,1.569,0.623,0.496,2.355,0.197
2.457,1.746,1.23,1.311,1.886,0.819,0.278,0.381,1.901,0.083
3.689,2.914,2.842,1.991,2.754,1.481,0.562,0.243,2.677,0.784
3.157,2.782,2.265,2.015,2.639,1.465,0.3,0.0,2.142,0.297
1.502,1.996,1.195,1.207,2.272,1.013,0.23,0.065,1.847,0.459
1.81,1.422,1.153,0.991,2.032,0.639,0.0,0.0,1.823,0.024
2.634,2.27,2.074,1.818,2.627,1.668,0.844,0.188,2.272,0.219
3.089,3.193,3.044,2.344,2.81,1.574,1.025,0.484,2.936,0.746
2.724,2.832,2.735,2.488,2.664,1.749,1.229,0.985,2.715,0.53
2.707,2.699,2.304,1.794,2.032,1.3,0.058,0.0,2.437,0.534
3.032,2.949,2.781,2.082,2.409,1.823,2.109,1.883,2.739,0.392
4.0,4.0,3.869,3.861,3.321,3.675,1.415,0.838,3.375,1.097
3.302,3.57,3.531,3.196,2.728,2.822,0.704,0.564,2.676,0.627
3.308,3.343,2.776,2.371,2.857,1.741,0.77,0.264,2.487,0.527
3.515,3.271,3.24,2.742,2.737,1.854,0.152,0.155,2.765,0.803
1.703,1.367,0.968,1.005,2.032,0.932,0.586,0.389,1.541,0.098
2.81,2.512,1.853,1.837,2.681,1.599,0.953,0.505,2.6,0.526
1.77,1.623,1.339,1.069,1.826,0.554,0.0,0.054,1.717,0.0
2.0,1.957,1.274,1.025,2.105,0.466,0.38,0.311,1.997,0.197
0.673,0.261,0.254,0.381,1.356,0.323,0.136,0.0,1.09,0.044
2.762,2.856,2.389,2.601,2.763,2.262,1.323,0.715,2.751,0.168
1.872,1.78,1.689,1.451,2.19,1.112,0.507,0.164,2.078,0.293
2.071,1.973,1.592,1.487,2.533,0.947,0.609,0.084,2.007,0.02
2.353,1.801,1.703,1.301,2.086,0.516,0.0,0.0,1.942,0.153
1.266,1.054,0.751,0.685,1.967,0.543,0.022,0.049,1.514,0.082
3.67,3.631,3.24,2.712,2.952,2.272,0.848,0.415,2.995,0.727
3.077,2.509,2.438,1.798,2.534,1.686,1.033,0.849,2.466,0.503
2.754,2.796,2.608,2.167,2.314,1.159,0.173,0.183,2.64,0.17
3.253,2.674,1.976,1.965,2.699,1.437,0.988,0.812,2.541,0.354
1.525,1.054,0.616,0.278,1.871,0.559,0.0,0.0,1.571,0.0
1.774,1.736,1.421,0.812,1.84,0.419,0.173,0.139,1.471,0.0
2.773,2.438,2.298,2.025,2.374,0.955,0.314,0.063,2.544,0.0
2.239,2.16,2.164,2.077,2.33,1.646,0.894,0.58,2.232,0.551
2.656,2.531,2.113,1.793,2.277,0.966,0.856,0.477,2.107,0.0
3.445,3.074,3.04,2.572,2.939,2.149,0.74,0.448,2.685,0.677
3.979,3.735,3.748,3.13,2.87,2.276,1.119,0.976,3.306,0.726
3.12,2.678,2.158,1.978,2.565,1.793,1.143,1.014,2.375,0.346
1.829,1.613,1.29,0.911,2.406,0.817,0.199,0.126,1.704,0.0
2.808,2.682,2.501,2.05,2.496,1.821,0.722,0.446,2.584,0.581
3.172,2.821,2.503,2.313,2.422,1.778,0.27,0.17,2.622,0.464
2.207,1.996,1.703,1.356,2.121,0.853,0.155,0.166,1.945,0.076
3.572,3.498,3.278,2.782,3.245,2.06,1.187,0.946,3.31,0.624
2.443,2.429,2.046,1.597,2.597,1.379,0.82,0.505,2.429,0.682
2.448,2.028,1.826,1.421,2.19,1.062,0.224,0.241,1.873,0.102
3.256,2.986,2.833,2.239,2.776,1.757,0.584,0.407,3.145,0.275
0.481,0.985,0.917,0.772,1.827,0.956,0.066,0.0,1.485,0.0
1.87,1.454,1.063,1.005,1.962,0.865,0.001,0.027,1.698,0.0
2.799,2.677,2.367,1.913,2.614,1.414,0.941,0.709,2.415,0.209
2.851,3.045,2.901,2.48,2.911,1.617,1.112,0.462,2.969,0.643
2.318,2.246,1.794,1.642,2.308,1.368,0.24,0.183,2.287,0.288
2.791,2.744,2.625,1.872,2.267,1.243,0.112,0.114,2.199,0.805
2.528,2.265,2.251,1.952,2.573,1.095,0.852,0.903,2.12,0.137
2.381,2.394,2.006,1.748,2.406,1.458,0.712,0.326,2.697,0.148
2.19,1.927,1.734,1.344,2.154,0.525,0.004,0.0,2.311,0.02
2.001,1.711,1.52,1.224,2.238,1.206,0.187,0.001,1.946,0.121
2.741,2.647,2.432,1.928,2.448,1.505,0.46,0.157,2.741,0.127
3.367,3.353,2.778,2.447,2.555,1.72,0.674,0.107,2.825,0.417
3.321,2.777,2.662,2.393,2.267,1.788,1.122,0.567,2.48,0.61
1.994,1.662,1.502,1.318,2.005,1.042,0.335,0.312,1.902,0.102
2.197,1.897,1.728,1.556,2.173,0.447,0.126,0.0,2.043,0.0
2.145,1.86,1.621,1.339,2.509,1.161,0.225,0.224,1.583,0.188
1.394,1.466,1.226,0.952,2.149,0.846,0.495,0.3,2.31,0.021
2.523,2.044,1.661,1.43,2.223,1.024,0.974,0.556,2.067,0.129
3.226,3.108,2.648,2.04,2.79,1.737,0.207,0.0,2.364,1.012
3.171,2.972,2.479,2.026,2.695,1.017,0.294,0.0,2.601,0.586
2.787,2.566,2.241,1.934,2.431,1.565,0.579,0.514,2.393,0.154
2.46,2.148,1.969,1.994,2.425,1.431,0.417,0.1,2.13,0.424
2.0,1.954,1.597,1.381,2.055,1.37,0.346,0.056,1.839,0.131
1.44,1.372,1.014,0.621,2.002,0.433,0.076,0.0,1.411,0.0
1.81,1.522,1.224,1.255,1.983,0.629,0.0,0.0,1.762,0.0
1.217,1.419,0.975,0.704,1.849,0.604,0.129,0.0,1.762,0.055
3.22,2.405,2.107,2.186,2.268,1.16,1.191,0.819,2.787,0.368
2.19,2.327,2.22,1.912,2.815,1.679,1.699,1.335,2.178,0.305
3.036,2.337,2.081,1.869,2.184,1.233,0.635,0.318,2.216,0.549
0.836,0.87,0.731,0.634,1.65,0.434,0.019,0.0,1.23,0.0
3.707,3.646,3.393,3.113,3.047,2.467,1.4,0.731,3.408,0.35
1.916,1.733,1.451,1.263,1.869,0.927,0.0,0.0,1.853,0.377
2.382,2.551,2.024,1.871,2.556,1.472,0.561,0.177,2.247,0.47
2.042,1.633,1.468,0.863,2.248,0.618,0.164,0.13,1.785,0.0
1.104,1.027,0.914,1.103,2.112,0.171,0.0,0.0,1.232,0.0
3.235,2.914,2.834,2.482,2.595,2.105,1.096,0.61,2.882,0.253
1.517,1.172,0.379,0.554,1.782,0.129,0.245,0.193,1.349,0.0
3.551,3.22,2.935,2.238,2.543,1.966,0.812,0.427,2.545,0.774
2.593,2.459,1.762,1.637,2.546,1.338,0.755,0.375,2.246,0.473
2.363,2.42,2.164,1.889,2.356,1.352,0.622,0.358,2.349,0.169
3.517,3.297,3.098,2.448,2.537,1.324,0.425,0.022,2.92,0.239
3.256,2.976,2.724,2.247,2.986,1.872,3.272,2.223,2.809,0.527
3.01,2.729,2.419,1.898,2.723,1.979,0.333,0.263,2.958,0.02
3.154,2.521,2.506,2.07,2.391,2.012,1.416,1.087,2.345,0.302
3.743,3.291,3.244,2.181,2.617,1.62,0.892,0.264,3.345,0.526
1.983,1.557,1.296,1.194,2.073,0.76,0.236,0.054,1.834,0.0
1.912,1.974,1.362,1.185,2.238,1.052,0.539,0.548,2.188,0.012
3.042,2.534,2.422,1.981,2.612,2.0,1.987,1.581,2.544,0.378
3.528,3.32,2.74,2.373,2.796,1.771,0.848,0.624,2.61,0.464
2.587,2.532,2.278,2.176,2.455,1.166,1.081,0.871,2.575,0.159
2.823,2.845,2.695,2.429,2.535,1.648,0.047,0.008,2.391,0.135
3.296,2.976,2.41,2.491,2.779,2.1,1.171,0.674,2.696,0.363
1.872,1.838,1.318,1.282,1.966,1.081,0.248,0.146,1.781,0.0
2.327,2.292,1.99,1.813,2.268,1.203,0.572,0.367,2.52,0.0
2.03,1.961,1.471,1.3,2.005,0.479,0.0,0.0,1.993,0.075
3.602,3.322,3.032,2.686,2.472,1.848,1.637,1.32,2.891,0.767
2.938,2.573,2.123,1.774,2.186,1.112,0.215,0.0,2.279,0.078
3.416,3.573,2.98,2.452,2.863,2.0,0.951,0.595,3.081,0.678
3.76,3.956,3.779,3.399,2.933,2.593,0.47,0.09,3.296,1.069
2.015,1.985,1.642,1.294,2.257,0.788,0.131,0.026,1.802,0.188
3.245,3.149,2.834,2.574,2.708,2.307,2.444,1.983,2.69,0.868
3.656,3.445,3.157,2.943,2.634,2.096,0.963,0.379,2.918,0.73
2.676,2.224,2.001,1.839,2.304,1.7,1.139,0.965,1.834,0.264
2.461,2.165,2.267,1.947,2.467,1.343,0.413,0.289,2.178,0.188
2.001,1.579,1.431,1.392,1.992,1.022,0.086,0.026,1.951,0.0
1.978,1.848,1.625,1.1,1.965,0.839,0.0,0.0,2.099,0.033
3.39,3.1,2.938,2.48,2.698,1.781,0.398,0.115,2.763,0.516
2.577,2.43,2.078,1.462,2.582,1.554,1.207,1.153,2.712,0.394
1.091,0.945,0.769,0.903,2.108,0.758,0.36,0.307,1.509,0.131
3.061,2.475,2.71,2.258,2.378,1.495,0.235,0.006,2.667,0.326
2.455,2.516,2.039,1.934,2.478,1.773,0.425,0.417,2.415,0.402
3.71,3.537,3.598,3.142,3.176,2.054,0.668,0.301,2.61,1.26
2.284,2.22,1.818,1.324,2.435,1.034,0.484,0.317,2.085,0.209
3.23,2.571,2.34,2.024,2.551,1.923,2.235,2.203,2.793,0.822
1.793,1.785,1.119,0.838,2.117,0.963,0.601,0.305,1.857,0.126
2.916,3.044,2.723,2.454,2.942,1.543,0.281,0.309,2.984,0.312
4.0,3.862,3.532,3.115,3.207,2.404,1.289,0.711,3.659,0.997
3.283,3.101,2.84,2.253,2.13,1.701,0.977,0.641,2.624,0.564
3.413,3.543,3.212,2.884,3.084,2.006,0.696,0.642,2.87,0.672
2.81,2.317,2.249,1.47,2.379,1.098,0.291,0.101,2.039,0.16
2.958,2.658,2.416,1.792,2.145,1.396,0.391,0.186,2.444,0.364
3.268,3.394,3.022,2.478,2.92,2.051,0.242,0.202,2.828,0.502
2.349,2.147,1.881,1.479,2.041,1.472,0.155,0.0,2.129,0.022
2.732,2.412,2.367,2.069,2.525,2.086,0.879,0.48,2.236,0.609
2.784,3.091,2.615,2.516,2.628,2.213,1.147,1.188,2.9,1.744
3.03,2.406,2.092,1.907,2.206,1.016,0.0,0.0,2.259,0.129
4.0,3.903,3.684,3.144,3.092,2.417,2.401,1.709,3.566,1.153
2.275,1.916,1.406,1.407,2.147,1.016,0.51,0.347,1.988,0.346
3.114,3.187,2.691,2.154,2.952,2.16,1.02,0.409,3.041,0.72
2.851,2.515,2.47,2.152,2.649,2.099,1.033,0.661,2.353,0.569
2.465,2.179,1.903,1.672,2.115,0.892,0.0,0.0,1.76,0.359
3.17,2.521,2.079,1.767,2.061,1.348,0.827,0.41,2.147,0.272
2.64,2.463,2.338,1.874,2.508,1.148,0.608,0.283,2.3,0.515
3.049,2.709,2.276,1.905,2.778,1.696,1.151,0.976,2.552,0.418
2.688,2.949,2.49,1.975,2.199,1.253,0.285,0.019,2.403,0.0
2.322,2.341,1.89,1.815,2.244,1.65,0.217,0.233,2.093,0.0
1.934,2.164,1.904,1.61,2.491,1.431,0.404,0.287,2.063,0.198
2.023,1.58,1.302,1.456,2.364,0.915,0.698,0.721,1.603,0.214
3.076,2.907,2.239,1.841,3.025,1.317,0.907,0.575,2.465,0.224
1.53,0.771,0.498,0.555,1.781,0.345,0.21,0.038,1.248,0.024
3.277,3.496,2.974,2.879,2.954,2.448,0.241,0.194,2.992,0.154
3.035,2.718,2.12,1.766,2.579,1.539,1.562,0.937,2.57,0.321
1.509,1.124,0.809,0.761,1.787,0.866,0.278,0.199,1.452,0.061
2.951,3.074,2.702,2.38,2.629,1.251,0.405,0.174,2.687,0.444
3.061,2.813,2.565,2.394,2.63,1.996,0.885,0.679,2.372,0.149
2.682,2.502,2.191,1.883,2.482,1.598,1.374,0.48,2.426,0.44
1.838,1.471,1.22,0.877,2.163,0.716,0.323,0.021,2.034,0.039
2.144,2.175,2.029,1.65,2.194,0.839,0.0,0.0,2.115,0.0
2.551,2.428,2.182,1.727,2.483,1.165,0.846,0.592,2.512,0.189
1.755,1.863,1.567,1.196,2.138,1.159,0.775,0.379,1.887,0.179
2.216,1.938,1.543,1.316,1.873,0.705,0.623,0.306,2.053,0.184
1.876,1.672,1.322,0.91,2.195,0.919,0.129,0.009,1.757,0.111
3.904,3.247,2.57,2.581,2.649,1.944,1.163,0.708,2.767,0.545
2.581,2.578,2.291,2.011,2.095,1.215,0.213,0.0,2.265,0.18
3.09,3.062,2.604,2.622,2.883,1.778,0.194,0.077,2.668,0.45
3.137,2.746,2.178,2.075,2.453,1.682,1.994,1.341,2.32,0.583
2.81,2.649,2.424,2.364,2.651,1.777,1.278,0.778,2.653,0.3
3.068,3.026,2.891,2.366,2.806,1.756,0.602,0.446,2.964,0.679
2.375,2.369,2.087,1.946,2.438,1.084,0.492,0.051,2.43,0.281
2.531,2.292,2.065,1.735,2.409,1.394,0.5,0.389,2.301,0.442
1.751,1.709,1.239,0.851,2.002,0.203,0.001,0.033,1.873,0.021
2.928,2.341,2.288,1.922,2.613,1.934,0.213,0.0,2.196,0.271
0.623,0.387,0.012,0.0,1.97,0.094,0.202,0.233,1.284,0.0
3.98,3.936,3.69,3.18,3.131,2.382,1.268,0.607,3.43,0.977
2.118,1.781,1.43,1.475,2.347,1.141,0.314,0.045,1.899,0.0
2.644,2.919,2.463,2.274,2.137,1.662,0.263,0.106,2.126,0.085
2.026,1.682,1.625,1.186,1.944,1.024,0.286,0.183,1.469,0.032
1.594,1.339,1.102,0.932,2.02,0.636,0.623,0.562,1.46,0.118
2.693,2.367,1.774,1.686,2.553,1.694,0.814,0.514,2.555,0.163
2.828,2.211,1.856,1.639,2.347,1.149,0.458,0.284,2.169,0.187
2.016,1.581,1.169,0.795,2.001,0.756,0.698,0.517,1.825,0.094
3.261,3.232,2.682,2.588,2.958,2.349,0.772,0.6,2.708,0.694
3.338,3.119,3.322,2.663,3.159,2.413,1.063,0.786,3.123,0.828
2.682,2.546,1.882,1.43,2.261,1.1,0.433,0.328,2.208,0.173
1.819,1.731,1.397,0.929,1.974,0.636,0.369,0.216,1.601,0.111
1.637,1.755,0.674,0.451,1.532,0.358,0.0,0.0,1.742,0.0
3.414,3.085,2.631,1.98,2.762,1.288,1.469,1.421,2.806,0.492
1.57,1.698,1.47,1.241,1.786,0.559,0.0,0.0,1.423,0.086
3.746,3.526,3.243,2.79,2.771,2.132,1.852,1.394,2.726,0.913
1.516,1.872,1.359,0.992,2.069,0.5,0.127,0.0,1.565,0.076
3.534,3.169,2.847,2.884,3.0,2.573,1.461,0.853,2.997,0.831
1.792,1.591,0.94,0.721,2.017,0.17,0.187,0.113,1.798,0.0
3.313,3.25,3.298,3.002,2.475,2.152,0.702,0.19,2.947,0.821
3.211,2.991,2.633,2.426,2.926,1.858,1.327,0.781,2.533,0.287
1.883,2.01,1.529,1.435,2.381,1.092,0.423,0.474,2.168,0.079
3.034,2.667,2.324,1.897,2.277,1.474,0.108,0.0,2.195,0.5
3.492,3.321,3.433,2.707,2.857,2.206,0.544,0.275,2.705,0.439
1.957,1.808,1.375,1.266,2.242,0.942,0.33,0.177,1.788,0.139
3.213,2.7,2.687,2.359,2.646,1.665,0.722,0.154,2.587,0.342
2.752,2.411,2.019,1.728,2.387,1.217,0.482,0.257,2.409,0.23
1.994,1.606,1.23,1.308,2.095,0.716,0.351,0.272,1.963,0.0
2.531,2.378,2.118,1.713,2.294,1.172,0.563,0.643,2.342,0.0
2.163,1.625,1.544,1.124,2.243,0.362,0.18,0.126,1.786,0.009
2.719,2.465,2.517,2.016,2.175,1.087,0.438,0.188,2.421,0.241
2.882,2.932,2.622,2.261,2.829,2.151,0.823,0.369,2.766,0.594
1.791,1.761,1.198,1.363,2.218,1.082,0.649,0.351,1.877,0.164
1.705,1.486,1.321,0.871,2.021,0.366,0.0,0.0,1.621,0.127
1.384,1.045,0.821,0.491,2.188,0.503,0.243,0.0,1.482,0.0
1.271,1.079,0.772,0.619,1.962,0.582,0.127,0.0,1.147,0.055
3.007,2.533,2.277,1.707,2.5,1.551,0.929,0.441,1.907,0.242
2.935,2.652,2.446,2.032,2.416,1.65,1.175,1.162,2.793,0.522
3.134,3.536,2.946,2.351,2.597,1.951,0.918,0.45,2.999,0.456
1.682,1.269,1.003,0.869,1.843,0.656,0.053,0.096,1.445,0.032
1.8,1.985,1.096,0.964,2.0,0.253,0.0,0.042,1.22,0.0
2.718,2.691,2.325,2.178,2.634,1.677,0.946,0.246,2.295,0.297
2.639,2.716,2.835,2.144,2.442,1.683,1.487,1.208,2.63,0.281
2.487,2.006,1.667,1.156,2.183,0.614,0.05,0.02,2.02,0.0
3.42,3.154,3.013,2.845,2.92,2.123,1.211,0.571,2.725,0.45
2.56,2.317,2.285,1.72,2.615,1.506,0.988,0.94,2.387,0.598
2.717,2.367,2.039,1.416,2.429,0.395,0.259,0.152,2.235,0.0
2.786,2.757,2.345,1.829,2.629,1.353,0.899,0.43,2.656,0.191
2.345,2.15,1.968,1.537,2.467,1.789,0.412,0.485,2.256,0.145
2.8,2.85,2.408,2.379,2.601,1.851,0.471,0.502,2.559,0.353
1.999,1.974,1.961,1.542,2.298,1.245,0.851,0.801,2.061,0.082
2.621,2.168,1.889,1.581,2.348,1.413,0.0,0.0,2.059,0.0
1.51,1.433,1.18,0.626,1.867,0.53,0.169,0.172,1.413,0.296
2.175,1.78,1.319,1.117,2.299,0.903,0.609,0.438,1.615,0.103
3.053,3.12,2.784,2.452,2.569,2.667,1.749,1.263,2.749,0.54
3.813,3.53,3.336,2.781,2.9,2.778,1.215,0.914,3.497,0.523
1.899,1.507,1.066,0.878,2.003,0.692,0.816,0.434,2.024,0.338
2.067,1.866,1.556,1.372,2.289,0.915,0.216,0.0,1.997,0.167
2.002,1.887,1.215,1.031,2.141,0.947,0.0,0.0,1.787,0.0
2.869,2.404,1.806,1.21,2.401,1.704,0.993,0.559,2.366,0.277
2.672,2.879,2.731,2.188,2.661,1.805,0.444,0.195,2.405,0.251
3.155,2.889,2.907,2.333,2.652,2.015,0.642,0.528,3.062,0.64
1.145,1.345,0.806,0.839,1.644,0.486,0.0,0.0,1.418,0.0
2.332,2.354,1.978,1.402,2.017,1.078,0.325,0.352,2.104,0.232
1.532,1.104,0.77,0.603,1.816,0.399,0.0,0.0,1.747,0.0
3.212,3.175,2.914,2.341,2.586,2.141,0.835,0.533,2.853,0.696
1.61,1.607,1.304,1.296,1.942,1.122,0.0,0.0,1.443,0.039
2.526,2.292,1.967,1.731,2.392,1.054,1.034,1.045,2.138,0.244
2.094,1.608,1.397,1.193,2.002,0.945,0.16,0.001,1.759,0.153
2.521,2.097,1.506,1.338,2.248,1.008,0.107,0.027,2.227,0.343
1.817,1.043,0.649,0.446,2.401,0.587,0.087,0.156,0.912,0.031
2.004,2.106,1.578,1.641,2.113,1.307,0.216,0.154,1.91,0.048
2.23,1.98,1.846,1.504,2.373,1.758,0.885,0.708,2.112,0.083
0.304,0.425,0.605,0.42,1.662,0.638,0.711,0.551,1.282,0.0
3.161,2.802,2.629,2.344,2.715,1.563,0.211,0.269,2.557,0.765
2.718,2.603,2.491,2.254,2.39,1.954,0.676,0.522,2.562,0.492
2.267,2.081,1.665,1.427,2.338,1.145,0.625,0.143,2.012,0.331
2.324,1.907,1.617,1.323,2.031,0.699,0.523,0.454,2.061,0.119
1.576,1.117,1.158,0.869,2.093,1.088,0.072,0.164,1.545,0.0
2.037,1.608,1.271,1.087,2.14,1.165,0.303,0.291,1.725,0.189
0.0,0.0,0.0,0.0,1.591,0.0,0.0,0.0,1.182,0.21
2.964,2.596,2.715,2.455,2.721,1.523,1.077,0.583,2.527,0.433
1.895,1.752,1.7,1.502,2.178,0.943,0.232,0.131,2.09,0.315
2.598,1.811,1.524,1.097,1.912,0.837,0.483,0.301,1.766,0.011
3.1,2.787,2.809,2.667,2.93,2.056,0.656,0.423,2.571,0.561
2.556,2.316,2.0,1.611,2.544,1.218,0.522,0.528,2.651,0.148
1.631,1.406,1.262,1.535,1.874,0.866,0.336,0.259,1.953,0.0
3.611,3.711,3.34,2.804,3.032,2.516,1.034,0.776,3.322,0.572
1.814,1.698,1.407,1.118,1.926,0.473,0.137,0.127,1.944,0.291
3.01,2.692,2.496,2.062,2.428,1.834,1.784,0.97,2.738,0.534
1.17,1.084,0.841,0.939,2.116,0.846,0.52,0.365,1.434,0.077
3.073,2.111,1.776,1.877,2.398,1.282,0.91,0.734,1.893,0.38
1.74,1.792,1.527,1.29,2.252,1.124,0.51,0.2,2.002,0.218
2.81,2.816,2.431,1.853,2.364,1.182,0.207,0.236,2.384,0.063
2.304,2.477,2.28,2.317,2.581,1.648,0.65,0.528,2.389,0.302
2.561,2.262,1.941,1.642,2.272,1.276,0.506,0.013,1.804,0.152
2.225,2.398,2.103,1.818,2.3,1.185,0.354,0.135,2.089,0.288
3.0,2.788,2.476,2.144,2.656,1.471,0.927,0.598,2.53,0.381
2.754,2.274,1.928,2.08,2.476,1.69,0.568,0.234,2.124,0.307
3.691,3.342,3.253,2.466,3.089,1.831,0.384,0.084,3.062,0.122
2.155,2.047,1.517,1.054,2.378,1.168,0.0,0.0,1.654,0.139
2.57,2.432,2.143,1.644,2.571,1.245,0.852,0.669,1.905,0.337
2.117,1.743,1.408,1.28,2.137,1.407,0.579,0.196,2.088,0.258
2.326,2.136,1.822,1.663,2.37,1.374,0.489,0.501,2.151,0.028
3.03,3.032,2.988,2.771,3.081,2.369,0.846,0.688,2.913,0.881
2.277,2.819,2.553,1.891,2.567,1.37,0.046,0.065,2.761,0.249
2.255,2.264,1.66,1.329,2.436,0.86,0.106,0.0,2.174,0.194
2.688,2.118,1.735,1.437,2.275,0.98,0.588,0.301,2.164,0.254
3.084,3.12,2.502,2.469,2.725,1.7,1.096,0.779,2.56,0.463
1.814,1.949,1.705,1.6,2.093,0.792,0.429,0.053,2.208,0.273
3.733,3.552,3.154,2.741,2.726,2.573,2.068,1.682,3.455,0.689
3.443,3.497,3.407,2.724,3.238,2.233,0.209,0.201,2.873,0.328
4.0,4.0,4.0,3.937,3.429,2.591,0.725,0.659,3.795,1.07
3.511,3.236,3.287,3.037,2.843,2.078,0.887,0.52,2.995,0.648
2.623,2.383,2.25,1.701,2.006,1.611,0.74,0.478,2.78,0.162
3.123,3.052,2.839,2.344,2.638,2.443,1.924,1.542,2.876,0.863
2.086,1.857,1.478,1.373,2.48,1.124,0.731,0.311,2.235,0.413
2.697,2.691,2.366,2.137,2.499,1.788,0.594,0.392,2.476,0.839
2.216,2.132,1.427,1.149,2.289,0.702,0.189,0.152,1.936,0.017
2.985,2.62,2.339,2.273,2.471,1.407,1.627,0.65,2.507,0.644
2.3,2.348,2.053,1.714,2.204,1.296,0.879,0.876,2.219,0.085
2.821,2.631,2.333,1.937,2.57,1.486,0.174,0.0,2.06,0.712
3.279,2.999,2.667,2.104,2.755,2.145,0.816,0.685,2.877,0.441
2.462,2.109,1.575,1.542,2.352,1.007,0.366,0.351,2.074,0.253
2.95,2.712,2.223,1.968,2.13,1.308,1.216,0.912,2.546,0.225
2.407,2.364,1.808,1.554,2.069,0.841,0.402,0.44,1.961,0.0
2.479,2.24,1.923,1.45,2.322,0.856,0.608,0.352,2.487,0.179
3.558,3.466,2.914,2.38,2.693,1.479,1.472,0.899,3.256,0.651
1.078,0.527,0.466,0.499,1.796,0.298,0.057,0.0,1.109,0.0
3.328,2.955,2.744,2.435,2.418,1.607,0.651,0.345,2.742,0.142
1.245,0.64,0.445,0.427,1.957,0.886,0.439,0.251,1.441,0.103
2.672,2.854,2.409,2.023,2.179,1.748,1.005,0.988,2.294,0.226
1.86,1.612,1.578,1.43,2.425,1.234,0.561,0.514,1.951,0.484
3.481,3.061,2.84,2.38,2.725,2.002,1.682,1.076,2.894,0.894
1.939,2.152,1.571,1.482,2.203,0.971,0.106,0.0,1.943,0.165
3.023,2.835,2.63,2.349,2.63,1.908,0.505,0.356,2.437,0.173
1.627,1.795,1.601,1.219,2.334,1.104,0.588,0.583,2.243,0.21
3.021,2.934,2.967,2.758,2.493,1.601,0.846,0.115,2.529,0.762
3.781,3.587,3.486,3.431,3.518,2.759,0.359,0.139,3.01,1.471
3.277,3.694,3.463,3.201,2.91,2.566,0.637,0.337,2.905,0.9
2.949,2.852,2.541,2.302,2.695,1.222,0.454,0.068,2.735,0.868
2.866,2.365,1.776,1.28,2.68,1.554,0.563,0.335,2.491,0.143
2.928,2.577,2.003,1.504,2.244,1.48,0.444,0.206,2.236,0.155
2.509,2.164,1.769,1.68,2.31,1.19,0.56,0.281,2.419,0.073
2.726,2.325,2.015,1.826,2.406,1.622,0.675,0.461,2.219,0.012
3.55,3.588,3.458,2.817,2.953,1.92,1.724,1.287,3.233,0.629
1.641,1.075,0.828,0.721,2.136,0.944,0.138,0.098,1.221,0.135
2.882,2.554,2.298,2.147,2.494,1.644,0.972,0.087,2.277,0.05
1.902,1.269,1.196,0.937,2.043,0.689,0.305,0.239,1.828,0.074
2.891,2.95,2.496,2.005,2.415,1.988,2.157,2.293,2.846,0.464
2.41,2.392,1.999,1.752,2.298,1.485,0.632,0.454,2.502,0.191
1.62,1.51,1.548,1.503,2.44,1.383,0.532,0.121,1.784,0.413
1.621,1.755,1.148,0.969,2.181,0.749,0.568,0.306,1.784,0.0
2.326,2.224,1.822,1.304,2.324,1.33,0.663,0.206,2.398,0.16
3.143,2.916,2.65,2.289,2.68,1.709,0.173,0.0,2.424,0.471
3.347,3.531,3.223,2.622,2.937,2.365,1.103,0.809,2.84,0.371
2.914,2.909,2.402,2.049,2.365,1.202,0.586,0.419,2.192,0.042
2.821,2.089,1.781,1.717,2.256,1.326,0.754,0.519,2.16,0.245
2.691,2.429,2.444,2.067,2.241,1.316,0.823,0.133,2.507,0.0
1.936,1.835,1.226,0.846,2.048,0.671,0.0,0.0,1.756,0.067
2.772,2.958,2.696,2.732,2.723,2.396,1.697,1.254,2.995,0.372
2.63,2.429,2.121,1.855,2.255,1.195,0.372,0.387,2.104,0.276
2.859,2.89,2.742,2.025,2.764,1.737,0.834,0.376,2.82,0.473
2.909,2.979,2.34,2.024,2.311,1.222,0.895,0.507,2.756,0.544
3.159,3.475,3.3,3.319,3.025,2.693,0.697,0.365,2.867,0.696
2.128,1.961,1.968,1.835,2.012,1.139,0.228,0.231,2.191,0.034
2.079,1.996,1.608,1.425,2.166,0.621,0.221,0.16,1.83,0.0
2.696,2.832,2.341,2.249,2.611,1.61,0.259,0.201,2.407,0.378
2.993,2.93,2.602,2.688,2.831,2.208,0.688,0.638,2.816,0.717
2.356,2.153,1.605,1.711,2.327,1.291,0.18,0.104,2.204,0.331
3.027,2.871,2.502,2.22,2.489,1.758,0.96,0.901,2.672,0.752
2.871,2.478,2.123,1.738,2.602,1.717,0.393,0.288,2.471,0.314
3.276,3.037,2.85,2.231,2.612,1.505,0.0,0.0,2.448,0.542
2.716,2.668,2.609,2.028,2.738,1.362,0.231,0.108,2.403,0.399
2.659,2.614,1.949,1.507,2.539,1.307,0.349,0.029,2.066,0.0
2.487,2.187,1.718,1.497,2.441,1.217,0.205,0.166,1.774,0.264
2.424,2.894,2.146,2.18,2.624,1.977,0.515,0.332,2.429,0.576
2.749,2.696,2.645,2.187,2.665,1.609,0.35,0.161,2.492,0.321
0.89,0.889,0.921,0.547,2.047,0.404,0.097,0.21,1.323,0.427
2.98,2.929,2.621,2.157,2.569,1.516,0.507,0.221,2.585,0.413
2.196,2.306,1.767,1.72,2.331,1.119,0.765,0.234,2.124,0.297
2.001,1.91,1.372,1.184,2.325,1.057,0.813,0.407,2.081,0.318
1.081,1.019,0.925,0.8,1.876,0.699,0.404,0.216,1.612,0.157
2.647,2.459,2.07,1.746,2.265,1.509,0.567,0.38,2.228,0.051
1.155,1.406,1.21,1.023,1.97,0.92,0.161,0.096,1.864,0.118
2.907,2.639,2.471,1.918,2.197,1.371,0.964,0.722,2.33,0.436
2.553,2.272,1.953,1.386,2.398,1.182,0.579,0.224,2.357,0.025
3.111,2.946,2.834,2.159,2.939,1.399,0.394,0.303,2.423,0.472
3.307,3.058,3.051,2.631,3.089,2.109,1.925,1.514,3.015,0.238
1.998,1.563,1.492,1.331,2.287,1.091,0.283,0.018,1.88,0.035
3.07,3.056,2.707,2.171,2.417,1.478,0.765,0.557,2.496,0.018
2.382,2.074,1.963,1.306,2.25,1.245,0.067,0.0,2.023,0.145
2.986,2.963,2.455,2.128,2.816,2.138,1.375,0.791,2.743,0.425
3.359,2.959,2.381,2.079,2.626,1.638,1.068,0.72,2.444,0.518
2.741,2.245,2.218,2.015,2.294,1.205,0.41,0.363,2.223,0.354
2.94,2.785,2.409,2.047,2.743,1.561,0.619,0.478,2.706,0.544
2.174,1.62,1.303,0.976,2.114,0.766,0.71,0.429,2.124,0.24
0.825,1.298,0.858,0.552,2.143,0.166,0.066,0.072,1.777,0.0
1.284,1.131,0.845,0.854,2.039,0.84,0.275,0.0,1.612,0.0
3.623,3.598,3.462,2.867,3.211,2.278,0.643,0.14,3.163,0.385
1.317,1.305,0.99,0.747,2.003,0.745,0.394,0.261,1.796,0.209
2.365,2.101,1.623,1.412,2.546,0.934,0.865,0.311,2.094,0.166
2.778,2.434,2.297,1.955,2.609,1.497,0.586,0.288,2.469,0.273
4.0,4.0,3.861,3.468,3.692,2.962,1.964,1.48,3.641,0.763
2.21,2.095,2.046,1.731,1.979,0.929,0.349,0.146,2.015,0.215
2.146,2.077,1.944,1.784,2.21,1.058,0.0,0.032,1.777,0.179
2.193,1.516,1.164,0.855,1.97,0.339,0.358,0.246,1.897,0.0
3.791,3.865,3.442,3.245,2.805,2.204,0.958,0.315,3.218,0.852
3.63,3.698,3.369,2.714,2.959,1.938,1.416,1.043,3.216,0.763
2.086,2.044,1.768,1.391,2.196,0.933,0.323,0.249,2.334,0.18
3.44,3.284,2.696,2.644,2.779,2.148,1.767,1.243,3.002,0.447
3.232,2.793,2.343,2.282,2.532,1.067,0.581,0.569,2.802,0.44
2.823,2.512,2.207,1.564,2.372,1.643,0.868,0.203,2.28,0.449
2.889,2.687,2.04,1.674,2.255,1.148,0.477,0.347,2.222,0.378
1.191,1.089,0.756,0.852,1.849,0.75,0.101,0.025,1.642,0.159
2.346,2.325,1.986,1.391,2.275,1.184,0.21,0.116,2.436,0.012
2.803,2.841,2.408,1.891,2.631,1.832,1.428,1.248,2.917,0.476
2.259,1.49,1.189,0.879,2.249,1.03,0.037,0.09,1.865,0.0
2.907,2.897,2.354,2.157,2.298,1.868,1.04,0.418,2.428,0.292
1.913,1.531,0.878,0.814,1.976,0.534,0.0,0.0,1.678,0.0
3.143,3.002,2.378,2.153,2.519,1.755,1.187,0.801,2.209,0.676
3.223,3.044,2.933,2.677,2.934,1.991,0.882,0.419,2.402,0.989
3.785,3.729,3.081,2.981,3.258,2.494,0.977,0.788,3.222,0.433
2.661,2.525,2.162,2.21,2.591,1.935,1.323,0.648,2.387,0.239
2.79,2.445,2.037,1.917,2.364,1.314,1.182,0.527,2.317,0.237
3.023,2.775,2.423,2.285,2.71,1.746,1.028,0.913,2.66,0.64
3.2,2.961,2.562,2.489,2.881,2.003,0.409,0.033,2.636,0.467
1.558,1.444,1.019,0.842,1.947,0.655,0.126,0.146,1.55,0.0
1.975,2.054,1.82,1.77,2.008,1.639,0.0,0.0,1.608,0.052
2.945,2.682,2.239,1.727,2.33,1.343,0.62,0.342,2.172,0.272
1.363,1.562,1.261,0.868,1.826,0.606,0.014,0.167,1.618,0.004
2.056,2.01,1.225,1.166,1.792,0.689,0.036,0.0,1.849,0.0
2.803,2.293,1.876,1.871,2.545,1.335,0.872,0.667,2.303,0.169
2.216,2.053,1.604,1.473,2.407,0.795,0.625,0.445,2.057,0.369
2.653,2.424,2.045,1.416,2.076,1.223,0.475,0.132,2.049,0.192
3.305,3.221,2.977,2.69,2.681,1.782,0.909,0.498,2.927,0.723
2.77,2.371,2.019,1.484,2.28,1.196,0.508,0.117,2.455,0.631
2.471,1.981,1.71,1.229,2.418,0.937,0.192,0.203,2.331,0.138
3.154,3.217,3.07,2.755,2.804,2.389,1.014,0.649,3.046,0.603
4.0,4.0,4.0,3.739,3.299,2.657,0.729,0.343,3.37,1.109
3.626,3.344,3.058,2.517,2.865,2.031,1.908,1.222,2.879,0.812
2.579,2.705,2.607,2.448,2.324,1.635,0.542,0.148,2.589,0.183
3.08,2.634,2.304,2.109,2.44,1.634,0.294,0.068,1.947,0.698
1.794,1.559,1.124,0.87,1.997,0.253,0.0,0.0,1.578,0.0
2.758,2.522,2.447,1.856,2.528,1.409,0.849,0.605,2.602,0.042
1.035,0.967,0.525,0.492,1.808,0.445,0.216,0.224,1.755,0.0
2.792,2.433,2.263,1.803,2.207,1.687,1.599,1.062,2.614,0.368
3.454,3.079,2.95,2.348,2.943,1.762,0.0,0.0,2.659,0.118
1.705,1.424,1.026,1.206,2.046,0.634,0.182,0.129,1.445,0.0
2.796,2.573,2.272,2.137,2.403,1.633,0.712,0.197,2.41,0.158
2.381,2.259,1.823,1.63,2.274,1.168,0.656,0.555,1.977,0.338
3.307,3.411,3.295,3.074,2.968,1.881,1.134,0.517,3.381,0.497
0.398,0.767,0.408,0.247,1.819,0.562,0.2,0.188,1.411,0.0
2.324,2.262,1.824,1.593,2.555,1.411,0.115,0.058,1.865,0.336
2.279,1.944,1.836,1.363,2.334,1.423,0.273,0.0,1.967,0.233
2.646,2.487,2.243,1.853,2.135,1.115,1.018,0.514,2.433,0.159
2.869,2.751,2.212,1.738,2.538,1.911,0.473,0.421,2.475,0.685
3.42,3.031,3.0,2.65,2.452,2.134,0.87,0.525,2.557,0.606
2.926,2.9,2.893,2.719,2.726,1.967,0.885,0.588,2.492,0.536
1.333,1.201,0.819,0.749,1.851,0.533,0.102,0.038,1.899,0.038
2.121,2.367,2.038,1.776,2.235,0.954,0.42,0.244,2.271,0.296
2.545,2.471,2.126,1.887,2.419,1.436,0.571,0.0,2.281,0.015
2.225,2.133,1.691,1.614,2.074,1.033,0.604,0.187,2.149,0.291
1.714,1.295,1.179,1.184,2.126,0.559,0.0,0.107,1.802,0.0
2.202,1.87,1.921,2.026,2.465,1.006,0.449,0.399,2.025,0.278
2.551,2.433,2.149,1.667,2.483,1.141,0.825,0.592,2.483,0.0
3.162,3.333,3.086,2.482,3.092,2.305,0.331,0.123,3.194,0.519
2.792,2.473,1.95,1.657,2.464,1.629,0.918,0.659,2.305,0.731
2.099,1.97,1.574,1.471,2.364,0.896,0.708,0.281,2.134,0.23
2.896,2.765,2.748,2.276,2.513,1.726,0.959,0.645,2.522,0.191
3.064,2.779,2.22,1.894,2.55,1.57,0.312,0.382,2.397,0.301
2.381,1.927,1.585,1.263,2.179,0.867,0.578,0.123,2.333,0.09
2.628,2.45,1.961,1.935,2.105,0.929,0.289,0.263,2.101,0.0
3.121,2.826,2.62,2.461,2.451,1.883,0.453,0.0,2.468,0.431
2.343,2.15,1.931,1.62,2.268,1.183,0.447,0.186,2.146,0.056
3.139,3.026,2.775,2.529,2.618,1.805,1.32,1.232,2.939,0.463
1.825,1.574,1.033,0.934,2.134,0.846,0.082,0.196,1.424,0.0
2.511,2.385,1.866,1.531,1.99,1.281,0.593,0.379,2.208,0.016
1.911,1.759,1.399,1.266,2.254,0.977,0.0,0.0,1.921,0.0
2.927,2.459,2.222,1.551,2.37,1.438,0.92,0.566,2.565,0.215
2.722,2.759,2.351,1.834,2.504,1.348,0.41,0.372,2.481,0.319
4.0,3.945,3.739,3.271,3.265,2.77,1.327,0.999,3.342,0.764
3.146,3.053,2.661,2.195,2.575,1.849,0.975,0.723,2.952,0.498
2.521,1.937,1.72,1.168,2.092,1.248,0.429,0.187,1.978,0.085
2.215,1.536,1.384,1.353,2.046,0.971,0.564,0.604,1.621,0.213
1.584,1.156,0.765,0.533,2.091,0.72,0.07,0.134,1.416,0.0
1.839,1.287,1.052,1.061,1.926,0.542,0.182,0.0,1.838,0.0
3.626,3.163,2.683,2.331,2.88,2.067,1.911,1.864,3.156,0.447
3.042,2.819,2.176,1.874,2.557,1.805,1.453,1.17,2.495,0.599
2.19,2.572,1.995,1.545,2.567,1.337,0.375,0.207,2.05,0.217
2.651,2.335,1.926,1.624,2.456,1.422,0.506,0.309,2.096,0.183
3.115,2.958,2.819,2.498,2.903,1.612,0.882,0.548,2.742,0.089
2.288,2.611,2.262,2.026,2.803,1.535,0.866,0.22,2.326,0.879
3.315,2.995,2.765,2.279,2.79,1.991,0.717,0.513,2.578,0.526
2.441,2.433,2.086,1.589,2.33,1.181,0.367,0.418,2.352,0.03
2.865,2.951,2.299,2.189,2.177,1.662,0.988,0.382,2.298,0.683
2.574,2.365,1.95,1.719,2.596,1.771,1.604,1.22,2.255,0.492
3.388,3.368,3.043,2.37,2.651,2.069,2.885,2.247,2.804,0.806
1.03,0.77,0.419,0.484,2.265,0.307,0.0,0.0,1.196,0.027
2.196,2.057,1.596,1.448,2.204,1.228,0.385,0.151,1.815,0.096
1.684,1.483,1.197,0.92,1.714,0.789,0.269,0.231,1.78,0.152
2.605,2.63,2.152,1.771,2.429,1.361,0.311,0.275,2.025,0.455
3.204,3.002,3.236,2.649,2.699,2.274,1.455,0.642,2.582,0.526
2.24,1.907,1.262,0.829,2.2,0.827,0.547,0.496,1.649,0.0
1.707,1.756,1.303,1.175,2.396,0.973,0.653,0.286,2.242,0.237
2.164,2.182,2.037,1.618,2.162,0.962,0.307,0.092,2.388,0.042
2.298,2.256,2.051,1.576,2.002,1.133,0.363,0.163,2.153,0.204
3.398,3.248,2.839,2.586,3.003,1.721,1.083,0.693,2.944,0.62
3.881,3.849,3.322,3.061,3.121,2.749,0.919,0.474,3.655,1.209
2.522,2.402,1.732,1.701,2.191,1.153,0.263,0.055,2.09,0.151
2.921,2.973,2.726,2.643,2.889,1.985,1.642,1.017,3.032,0.672
1.612,1.288,0.971,1.201,2.09,0.907,0.326,0.115,1.377,0.08
2.949,2.446,2.293,1.851,2.598,1.361,0.969,0.205,2.517,0.389
3.732,3.303,3.573,2.956,3.205,2.812,1.681,1.385,3.378,0.803
2.808,2.568,1.937,1.793,2.295,1.427,0.649,0.0,2.537,0.116
2.886,2.853,2.61,2.36,2.214,1.496,0.191,0.078,2.436,0.0
2.408,2.206,1.636,1.229,2.123,1.094,0.224,0.064,2.145,0.0
3.028,3.064,2.682,2.199,2.595,1.217,0.607,0.362,2.808,0.445
0.318,0.582,0.258,0.009,1.756,0.32,0.058,0.055,1.64,0.0
3.514,2.908,2.117,2.052,2.333,1.642,1.01,0.736,2.538,0.522
2.71,2.454,2.415,1.705,1.895,0.747,0.047,0.112,2.257,0.271
2.702,2.191,1.904,1.768,2.626,1.441,0.734,0.741,2.214,0.535
2.145,2.122,1.478,1.555,2.195,0.958,0.565,0.178,2.117,0.373
2.724,2.529,2.583,2.171,2.138,1.761,0.663,0.244,2.377,0.218
3.36,3.02,2.831,2.466,2.831,2.226,1.717,0.571,2.78,0.373
2.874,2.784,2.765,2.197,2.719,1.447,0.24,0.0,3.062,0.0
3.776,3.532,3.042,3.071,3.021,2.419,1.442,0.892,2.996,0.368
3.103,3.075,2.589,2.103,2.668,1.701,0.72,0.516,3.003,0.543
3.338,3.41,3.001,2.74,2.65,1.914,2.341,2.073,3.037,0.548
2.954,2.795,2.812,2.156,2.479,1.417,0.607,0.506,2.439,0.365
2.111,1.905,1.558,1.137,2.169,1.08,0.105,0.247,2.086,0.182
1.29,1.128,1.174,0.959,1.788,0.64,0.232,0.057,1.588,0.017
2.278,2.016,1.67,1.115,2.099,1.231,0.437,0.352,1.786,0.162
3.746,3.394,3.01,2.74,3.135,2.001,1.152,0.356,3.303,0.282
2.605,2.796,2.438,2.285,2.716,1.824,0.938,0.343,2.702,0.691
3.415,2.987,2.763,2.108,2.873,1.379,0.0,0.101,2.657,0.519
3.754,3.769,3.345,2.732,2.835,2.231,2.512,2.303,3.533,0.533
3.34,3.535,3.203,2.987,2.697,1.998,0.853,0.532,3.208,0.665
0.206,0.593,0.248,0.337,1.945,0.067,0.479,0.29,1.9,0.1
3.217,2.733,2.493,2.437,2.634,1.755,0.982,1.188,2.394,0.242
2.535,2.063,1.703,1.301,2.305,0.971,0.32,0.093,2.217,0.209
3.025,3.058,2.911,3.012,2.54,2.02,1.008,0.531,2.688,0.718
3.671,3.539,3.282,2.932,2.801,2.343,1.035,0.646,3.214,0.602
3.066,3.028,2.776,2.59,2.991,2.315,1.345,0.868,2.907,0.435
2.163,2.118,1.884,1.811,2.151,1.382,0.496,0.227,2.288,0.271
2.012,1.825,1.634,1.311,2.417,0.871,0.0,0.0,2.177,0.0
2.727,1.952,1.631,1.163,1.909,0.921,0.365,0.174,1.868,0.059
2.916,2.447,2.237,1.89,2.476,1.661,0.861,0.364,2.432,0.5
1.781,1.728,1.157,1.114,2.125,0.657,0.204,0.0,1.774,0.35
2.336,2.326,2.018,1.541,2.413,1.462,0.763,0.838,2.529,0.264
2.849,2.492,2.106,1.789,2.396,1.607,0.695,0.25,2.457,0.511
2.165,2.195,2.146,1.928,2.01,1.169,0.95,0.572,2.063,0.269
3.169,3.153,2.777,2.85,3.03,1.852,0.182,0.224,2.761,0.168
2.803,2.717,2.094,1.76,2.079,1.535,0.464,0.241,2.222,0.163
1.897,2.062,1.306,1.171,2.376,1.358,0.834,0.758,1.821,0.143
2.338,2.114,1.727,1.556,2.075,1.353,0.637,0.596,1.89,0.118
1.675,1.885,1.52,1.566,2.338,1.0,0.0,0.0,2.072,0.138
2.428,2.247,1.977,1.664,2.418,0.911,0.288,0.287,1.811,0.087
3.18,2.788,2.888,1.957,2.747,1.287,0.684,0.05,2.746,0.397
1.828,1.275,1.274,1.183,2.369,1.349,0.454,0.345,1.634,0.266
3.2,2.869,2.956,2.302,2.765,1.4,0.808,0.41,2.517,0.583
2.899,2.413,2.204,1.987,2.448,1.614,0.708,0.461,2.185,0.421
1.454,1.139,0.883,0.485,1.79,0.321,0.174,0.298,1.526,0.0
2.585,2.789,2.708,2.227,2.748,1.681,0.846,0.265,2.694,0.228
3.637,3.853,4.0,3.318,3.085,2.897,2.494,2.129,3.476,0.857
2.556,2.504,1.83,1.603,2.153,0.975,1.024,0.662,2.617,0.239
3.074,3.176,2.703,2.476,2.759,2.127,1.432,0.898,2.634,0.413
2.344,2.502,2.332,2.19,2.44,1.48,0.349,0.113,2.412,0.076
2.643,2.446,2.51,2.237,2.244,1.658,0.127,0.0,2.349,0.198
3.326,3.135,2.906,2.479,2.769,1.941,0.938,0.524,2.594,0.369
1.386,0.905,0.742,0.929,2.155,0.935,0.196,0.32,1.15,0.178
1.215,1.139,0.697,0.512,1.777,0.326,0.603,0.345,1.802,0.0
2.631,2.667,2.303,1.674,2.37,1.387,0.63,0.367,2.043,0.516
3.707,3.548,3.478,2.821,3.072,2.032,0.867,0.737,3.184,0.708
2.737,2.54,2.216,1.926,2.519,1.568,0.854,0.519,2.359,0.191
3.539,3.547,3.04,2.931,2.619,2.506,1.593,1.192,2.875,1.273
2.506,2.459,1.998,1.491,2.377,1.259,0.589,0.371,1.952,0.501
2.617,2.384,2.423,1.768,2.298,1.463,0.611,0.166,2.137,0.0
2.548,2.737,2.298,2.18,2.494,1.39,0.788,0.219,2.721,0.548
3.331,3.357,3.026,2.998,2.93,2.665,1.997,1.53,3.152,1.37
3.553,3.524,3.421,2.754,2.564,1.632,0.874,0.434,3.107,0.231
2.578,1.769,1.408,1.17,2.191,0.932,0.5,0.415,1.843,0.266
3.052,3.134,2.741,2.441,2.465,1.475,1.375,1.194,2.661,0.424
2.19,2.019,1.705,1.771,2.181,1.093,0.049,0.0,1.634,0.1
3.485,3.105,3.043,2.856,2.805,2.128,0.873,0.477,2.61,0.866
1.28,1.235,1.016,0.602,1.912,0.637,0.75,0.824,1.661,0.068
1.179,1.374,0.516,0.479,1.312,0.43,0.0,0.0,1.332,0.0
0.916,0.912,0.455,0.302,1.912,0.367,0.0,0.0,1.483,0.0
2.673,2.353,2.487,2.405,2.644,2.045,0.838,0.304,2.373,0.8
2.362,2.442,2.152,1.934,2.39,1.626,0.503,0.142,1.917,0.435
4.0,3.88,4.0,3.367,2.76,2.591,1.359,1.097,2.83,0.775
2.285,1.831,1.706,1.496,2.22,1.188,0.689,0.738,2.112,0.309
2.959,2.919,2.608,2.312,2.865,2.047,0.09,0.008,2.675,0.675
3.402,2.812,2.547,2.055,2.893,1.962,0.014,0.09,2.861,0.482
2.58,2.597,2.348,2.018,2.942,1.957,0.46,0.334,2.391,0.494
3.206,2.967,2.612,2.102,2.391,1.778,0.821,0.311,2.944,0.291
1.826,1.721,1.403,1.134,2.212,0.943,0.355,0.399,1.838,0.239
3.397,3.114,3.008,2.589,2.747,2.07,0.825,0.289,2.63,1.014
2.555,2.563,2.406,2.466,2.54,1.749,0.2,0.0,2.334,0.841
3.058,3.122,3.1,2.523,2.436,1.376,0.425,0.263,2.947,0.11
3.32,3.098,2.701,2.72,2.922,1.988,1.619,1.262,2.796,0.571
2.883,2.889,2.542,2.489,2.662,1.825,0.312,0.203,2.702,0.43
3.259,2.882,2.878,2.563,2.816,1.899,0.778,0.164,2.651,0.21
1.931,1.975,1.8,1.48,1.943,1.257,0.557,0.477,2.376,0.011
2.719,2.818,2.608,2.253,2.57,1.635,0.376,0.0,2.485,0.38
1.402,1.098,0.836,0.757,1.811,0.332,0.359,0.135,1.625,0.0
3.922,3.351,2.855,2.574,2.537,1.757,1.111,0.69,2.795,0.433
1.18,1.241,1.188,1.074,1.841,0.63,0.0,0.0,1.705,0.0
2.816,2.227,2.206,1.873,2.554,1.419,0.922,0.456,2.135,0.418
2.512,2.25,1.88,1.525,2.528,1.405,0.873,0.63,2.466,0.485
2.71,2.958,2.877,2.094,3.017,1.365,0.234,0.0,2.747,0.323
2.493,2.188,1.97,1.685,2.341,1.047,1.286,0.914,2.089,0.252
2.241,2.099,1.799,1.811,2.675,1.686,0.304,0.04,2.343,0.488
3.126,2.371,1.569,1.301,2.263,1.188,0.965,0.521,1.929,0.238
2.489,2.206,2.193,1.599,2.523,1.137,0.101,0.221,2.309,0.166
2.622,2.254,2.28,2.318,2.545,1.608,0.522,0.221,2.134,0.882
1.958,1.362,0.95,0.552,1.966,0.717,0.0,0.0,1.504,0.082
3.685,3.158,2.759,2.1,2.732,1.57,0.966,0.798,2.528,0.671
3.014,3.087,2.552,2.067,2.856,1.942,0.513,0.0,2.715,0.323
3.511,3.349,3.423,2.716,2.986,2.046,1.492,1.176,2.885,0.686
3.378,3.222,2.668,2.526,2.423,2.054,0.496,0.289,2.659,0.535
1.886,1.74,1.473,1.122,2.122,0.856,0.401,0.36,2.228,0.0
3.297,3.023,2.89,2.304,2.994,2.275,1.175,0.727,2.718,0.304
2.339,1.868,1.666,1.58,2.433,1.343,0.601,0.424,2.284,0.356
3.166,2.849,2.596,2.274,2.565,1.998,0.855,0.418,2.715,0.238
2.871,2.761,2.816,2.449,2.461,1.888,0.465,0.183,2.657,0.446
1.45,1.471,1.029,0.904,2.349,0.825,0.086,0.032,1.707,0.113
2.517,2.505,2.249,2.042,2.864,1.345,0.488,0.316,2.077,0.471
2.734,2.039,1.677,1.063,2.355,1.057,0.492,0.335,2.102,0.207
0.88,1.203,0.82,0.747,1.872,0.528,0.0,0.0,1.594,0.0
3.416,3.519,3.559,2.694,3.631,2.187,1.031,0.623,3.042,0.441
2.95,3.049,2.425,2.202,1.857,1.599,1.355,0.94,2.658,0.46
0.925,0.991,0.819,0.623,2.151,0.572,0.445,0.703,1.663,0.0
2.849,2.5,1.886,1.612,2.025,1.31,1.211,0.815,2.335,0.265
1.771,1.538,1.407,1.333,2.031,0.707,0.5,0.305,1.834,0.15
1.849,1.966,1.674,1.807,2.068,1.127,0.0,0.031,1.874,0.0
1.224,1.033,0.911,0.814,1.944,0.597,0.0,0.0,1.786,0.168
2.504,2.528,2.261,2.033,2.449,1.466,0.636,0.472,2.33,0.31
2.697,2.802,2.421,1.849,2.283,1.679,0.401,0.254,2.479,0.114
2.654,2.401,2.409,1.739,2.566,1.567,0.499,0.206,2.201,0.46
1.747,1.46,1.32,0.913,2.331,0.849,0.373,0.057,1.711,0.34
2.786,2.642,2.5,2.019,2.393,1.207,0.327,0.187,2.519,0.485
3.241,3.251,2.939,2.51,2.826,2.17,0.444,0.165,2.868,0.445
3.454,3.248,3.055,2.762,2.793,2.741,0.983,0.813,2.781,0.775
2.93,2.463,2.423,2.072,2.647,1.781,0.808,0.481,2.373,0.207
3.455,3.535,3.232,2.762,2.706,1.903,1.346,0.017,2.655,0.97
3.393,3.278,3.049,2.577,2.751,2.076,0.701,0.3,2.822,0.932
2.015,1.99,1.714,1.45,2.341,0.845,0.253,0.067,1.938,0.0
2.907,2.491,2.235,1.992,2.197,1.115,0.877,0.606,1.925,0.133
2.045,1.699,1.319,0.769,2.318,0.98,0.255,0.459,2.036,0.0
3.233,3.507,3.137,2.81,2.944,2.078,0.446,0.0,2.806,0.806
3.661,3.362,3.055,2.688,2.779,2.124,0.885,0.285,2.957,1.157
3.391,2.933,2.833,2.215,2.504,1.522,1.75,1.584,2.89,0.426
1.055,0.98,0.909,0.915,1.888,0.355,0.524,0.58,1.504,0.283
3.294,2.88,2.491,2.104,2.676,1.704,0.799,0.327,2.811,0.179
3.552,3.331,3.058,2.544,2.669,2.42,1.951,1.503,3.03,0.455
2.039,1.958,1.252,1.221,2.175,0.835,0.07,0.129,1.697,0.195
3.227,3.281,2.896,2.225,2.838,1.85,1.94,1.471,3.282,0.59
2.956,2.531,2.272,1.788,2.518,0.945,0.559,0.395,2.342,0.208
3.355,3.288,2.997,2.796,2.907,2.345,1.663,1.3,3.231,1.148
2.74,2.598,2.22,1.966,2.384,1.529,0.159,0.0,2.134,0.308
2.364,2.439,1.837,1.499,2.313,1.167,0.76,0.154,2.055,0.0
1.984,1.802,1.755,1.411,2.459,0.406,0.425,0.181,1.893,0.181
2.974,2.844,2.707,2.558,2.828,1.699,1.263,0.565,2.642,1.047
2.329,2.139,1.923,1.831,2.539,1.371,0.336,0.197,2.254,0.172
2.097,1.865,1.403,1.15,1.978,0.752,0.262,0.181,1.741,0.2
4.0,3.793,3.722,3.165,3.349,2.893,1.256,1.085,3.273,1.015
2.857,2.743,2.371,1.906,2.384,1.629,0.873,0.591,2.428,0.22
2.368,2.301,1.788,1.311,2.28,1.122,0.373,0.176,2.302,0.147
3.116,2.195,2.065,1.845,2.774,1.652,0.681,0.557,2.226,0.452
2.484,2.35,1.939,1.47,2.39,0.993,0.055,0.0,2.068,0.074
3.018,2.659,2.023,1.813,2.661,1.628,0.606,0.619,2.704,0.172
2.169,1.568,1.035,0.717,2.146,0.28,0.287,0.272,1.62,0.0
1.713,1.296,0.351,0.495,1.695,0.671,0.159,0.245,1.565,0.076
3.804,3.425,3.08,2.806,2.877,2.059,1.187,0.807,2.742,1.001
3.662,3.657,3.287,2.68,2.797,1.91,2.362,2.073,3.265,0.976
3.51,2.923,2.882,2.407,2.715,2.095,0.518,0.374,2.806,0.623
0.442,0.574,0.52,0.49,1.967,0.361,0.227,0.231,1.518,0.187
1.76,1.56,1.535,1.346,1.951,0.923,0.201,0.229,2.036,0.256
1.206,0.915,0.485,0.425,1.89,0.367,0.0,0.0,1.354,0.0
1.489,1.545,1.121,0.779,1.705,0.632,0.556,0.312,1.622,0.0
3.06,2.813,2.262,2.013,2.493,1.26,0.781,0.54,2.552,0.052
0.876,0.986,0.694,0.646,1.94,0.975,0.05,0.053,1.403,0.178
1.661,1.531,1.303,0.903,1.973,0.734,0.644,0.339,1.792,0.16
1.583,1.279,0.895,0.639,2.007,0.615,0.625,0.537,1.712,0.229
2.89,2.802,2.518,2.145,2.486,1.588,1.17,0.435,2.721,0.474
1.701,1.256,1.013,0.827,2.046,0.513,0.047,0.044,1.576,0.037
2.95,2.717,2.402,1.756,2.499,1.421,0.568,0.297,2.794,0.162
2.404,2.3,2.101,1.878,2.13,1.286,0.272,0.405,1.801,0.168
2.468,2.295,2.115,1.638,2.493,1.462,0.415,0.125,2.438,0.092
3.331,2.929,2.356,2.174,2.319,1.746,1.397,0.999,2.674,0.434
2.895,2.972,3.003,2.212,2.604,1.729,0.965,0.552,2.755,0.42
3.199,3.293,2.913,2.672,2.77,2.265,0.476,0.396,2.974,0.908
2.661,2.566,1.893,1.529,2.176,1.057,0.251,0.0,1.978,0.0
2.784,2.661,2.161,1.926,2.584,1.112,0.933,0.463,2.331,0.421
2.028,2.106,1.725,1.818,2.313,0.757,0.738,0.477,2.046,0.417
0.943,1.098,1.092,1.001,1.894,0.45,0.593,0.432,1.567,0.156
3.205,3.269,2.762,2.431,2.713,2.007,0.317,0.129,2.846,0.657
2.365,2.061,1.944,1.441,2.082,0.905,0.302,0.256,2.23,0.076
2.566,2.192,2.142,1.795,2.534,1.281,0.831,0.688,2.439,0.632
2.568,2.305,2.11,2.019,2.5,1.443,0.355,0.221,2.087,0.229
3.759,3.829,3.447,3.021,2.533,2.102,1.022,0.45,2.976,0.977
1.221,1.513,1.285,1.387,2.202,1.306,0.534,0.515,2.243,0.24
3.028,2.91,2.666,1.804,2.788,1.181,1.404,1.286,2.548,0.001
2.697,2.284,2.146,1.841,2.443,1.35,1.019,0.465,2.634,0.0
2.617,2.465,2.327,2.106,2.511,1.914,1.033,0.798,2.349,0.397
3.001,3.139,2.607,2.439,3.182,1.987,0.769,0.557,2.644,0.38
3.017,2.756,2.25,2.253,2.737,1.561,1.26,1.046,2.825,0.584
3.757,3.711,3.348,3.009,3.145,2.417,0.903,0.58,3.357,0.828
2.557,2.186,1.983,1.685,2.531,1.36,0.598,0.184,1.902,0.35
3.494,3.036,2.968,2.538,2.657,2.502,1.798,1.377,2.971,0.626
2.635,2.533,2.338,2.228,2.421,1.459,0.991,0.625,2.689,0.421
2.595,2.523,2.247,1.961,2.383,1.237,0.437,0.198,2.119,0.151
0.0,0.0,0.0,0.0,1.851,0.0,0.0,0.0,1.314,0.0
2.471,2.153,2.292,1.873,2.264,1.449,0.88,0.73,2.162,0.37
2.444,2.368,1.669,1.302,2.163,0.871,0.25,0.154,2.076,0.046
0.0,0.252,0.169,0.287,1.413,0.052,0.14,0.169,1.112,0.0
3.388,3.669,3.155,2.424,2.74,1.871,0.9,0.733,2.919,0.591
2.25,2.222,1.954,1.618,2.517,1.09,0.285,0.191,2.44,0.335
2.353,1.835,1.364,1.169,2.174,0.916,0.271,0.017,1.831,0.037
2.084,1.91,1.651,1.107,2.193,1.029,0.29,0.208,2.209,0.083
3.129,2.894,2.32,2.101,2.425,1.631,1.07,0.566,2.419,0.405
2.152,2.544,1.683,1.426,2.224,1.205,0.162,0.109,2.052,0.552
0.618,0.821,0.572,0.525,1.999,0.329,0.0,0.0,1.429,0.026
3.35,3.039,3.059,1.906,2.612,1.799,0.598,0.319,3.179,0.179
1.909,1.784,1.105,0.955,1.97,0.627,0.445,0.351,1.786,0.003
1.458,0.948,0.524,0.323,1.865,0.001,0.091,0.0,1.305,0.0
2.623,2.308,2.268,1.793,2.49,1.18,0.325,0.056,2.096,0.058
1.487,1.441,1.316,0.953,2.245,0.726,0.155,0.134,1.79,0.25
2.951,2.997,2.582,2.392,2.688,1.53,0.722,0.607,2.547,0.202
1.289,0.793,0.695,0.697,2.281,0.739,0.13,0.069,1.498,0.0
3.122,2.684,2.43,2.274,2.574,1.375,0.962,0.664,2.402,0.361
2.183,2.302,1.88,1.541,2.142,0.991,0.354,0.081,2.013,0.262
3.131,2.808,2.532,2.173,2.589,1.584,0.612,0.243,2.548,0.5
2.642,2.556,2.109,1.678,2.365,1.013,0.641,0.3,2.425,0.268
3.12,2.582,2.374,1.669,2.157,1.269,0.937,0.69,2.455,0.496
4.0,4.0,3.71,3.259,2.643,2.101,0.818,0.807,3.293,0.505
3.051,3.161,3.011,2.847,2.594,2.101,0.472,0.085,2.738,0.726
3.221,2.8,2.697,2.342,2.666,1.391,1.046,0.766,2.53,0.286
3.133,2.826,2.255,2.017,2.443,1.596,1.186,0.669,2.554,0.35
2.442,1.877,1.478,1.415,2.325,1.039,0.096,0.015,1.846,0.146
2.985,3.154,2.702,2.37,2.892,1.739,1.033,0.846,2.71,0.492
1.53,1.338,0.771,0.725,2.254,0.959,0.074,0.034,1.635,0.055
3.216,2.863,2.543,2.411,2.423,2.246,1.16,1.037,2.499,0.813
2.775,2.493,2.055,2.089,2.489,1.088,0.584,0.483,2.122,0.252
2.185,1.894,1.433,1.351,2.484,1.357,0.341,0.15,2.094,0.261
1.925,1.605,1.389,0.909,1.84,0.419,0.132,0.083,1.843,0.07
2.954,2.625,2.339,1.941,2.425,1.693,0.949,0.409,2.028,0.322
2.5,2.582,2.326,1.896,2.325,1.68,0.898,0.724,2.425,0.208
2.852,2.559,2.506,1.982,2.345,1.92,0.674,0.357,2.303,0.334
1.157,0.95,0.755,0.568,1.756,0.477,0.217,0.075,1.58,0.0
1.987,1.715,1.431,1.22,2.154,1.047,0.194,0.175,2.171,0.0
3.054,2.976,2.977,2.728,2.915,2.394,1.11,0.795,2.736,0.411
3.292,3.199,3.114,2.587,2.849,1.683,0.597,0.47,2.889,0.369
2.778,2.394,2.031,1.533,2.17,0.927,0.753,0.452,2.627,0.464
3.959,4.0,3.988,3.417,3.157,2.417,0.528,0.0,3.14,1.601
2.615,2.48,1.855,1.665,2.527,1.131,0.274,0.03,2.168,0.2
1.284,1.41,1.173,1.097,2.287,0.798,0.509,0.279,1.921,0.332
2.474,2.154,1.901,1.502,2.257,1.168,0.397,0.091,1.961,0.474
2.738,2.928,2.359,2.176,2.72,1.673,0.348,0.127,2.197,1.237
2.488,2.245,1.944,1.575,2.489,1.05,0.724,0.302,2.371,0.041
2.389,2.249,1.951,1.363,2.203,1.198,0.294,0.227,2.208,0.1
2.559,2.429,2.313,1.797,2.115,1.39,0.657,0.152,2.484,0.016
2.053,1.893,1.247,1.08,2.246,1.017,0.526,0.031,1.871,0.022
1.869,1.77,1.433,1.449,2.018,1.128,0.109,0.0,1.559,0.181
2.907,2.579,2.166,1.868,2.543,2.008,1.694,1.1,2.322,0.659
3.411,3.127,2.784,2.543,2.824,2.012,1.887,1.505,3.03,0.644
2.474,1.948,1.456,1.376,1.788,0.993,0.284,0.339,1.711,0.0
2.593,2.552,2.349,1.478,2.439,1.023,0.185,0.0,2.417,0.039
1.973,1.872,1.821,1.311,2.088,0.726,0.0,0.118,2.016,0.081
2.47,2.384,2.363,1.71,2.508,1.065,0.098,0.0,2.234,0.201
2.193,2.057,1.896,1.124,2.176,1.177,0.606,0.537,2.193,0.0
3.052,3.159,3.17,3.085,2.932,1.869,0.539,0.311,2.966,0.777
2.263,2.152,1.478,1.195,2.343,0.859,0.351,0.066,1.99,0.283
2.232,2.6,2.253,1.986,2.32,1.288,1.121,0.006,2.431,0.002
2.768,2.433,2.138,1.945,2.506,1.683,1.169,0.74,2.175,0.315
1.475,1.293,0.825,0.947,2.151,0.587,0.428,0.266,1.657,0.0
3.085,3.11,2.719,2.217,2.676,1.835,0.609,0.66,2.898,0.545
2.982,2.991,2.641,2.102,2.879,1.825,1.197,0.635,2.754,0.509
2.445,2.102,1.361,1.196,2.286,1.161,0.601,0.193,2.044,0.15
2.601,2.233,1.696,1.319,2.279,1.27,0.997,0.476,1.941,0.086
2.987,2.349,2.0,1.699,2.271,1.056,0.487,0.638,1.843,0.348
2.292,2.462,2.024,1.521,2.156,1.211,0.31,0.501,2.127,0.068
2.214,1.914,1.37,0.949,2.147,0.677,0.501,0.074,1.93,0.094
3.243,3.082,2.883,2.342,2.838,1.893,1.253,1.242,3.137,0.717
2.879,2.284,2.022,1.716,2.518,1.461,0.18,0.16,2.553,0.373
3.676,3.864,3.56,3.207,2.966,2.436,1.061,0.576,3.072,0.423
3.896,3.865,3.492,2.812,3.404,2.244,3.616,3.577,3.771,0.614
2.458,2.526,2.301,2.07,2.762,1.494,1.001,0.645,2.635,0.248
2.194,1.711,1.253,0.972,1.953,1.075,0.584,0.558,1.935,0.147
0.683,0.765,0.591,0.34,1.928,0.236,0.966,0.562,1.611,0.05
1.919,1.965,1.444,1.281,2.102,1.009,0.524,0.379,1.968,0.013
3.337,2.944,2.983,2.523,2.456,1.964,1.664,0.779,3.05,0.67
2.13,1.567,1.631,1.529,2.182,0.794,0.485,0.104,1.751,0.094
2.961,2.468,2.068,2.075,2.705,1.496,0.946,0.502,2.31,0.444
1.473,1.522,1.486,1.372,1.822,0.716,0.323,0.103,1.82,0.086
3.489,3.446,3.1,3.123,3.13,2.36,0.823,0.229,2.845,1.639
3.665,3.207,2.856,2.545,2.994,2.248,1.463,1.149,2.981,0.76
0.921,0.718,0.63,0.574,1.597,0.507,0.691,0.453,1.066,0.381
1.172,0.575,0.223,0.584,1.676,0.445,0.0,0.013,0.804,0.0
1.912,1.433,1.341,1.242,2.163,1.006,0.898,0.683,2.015,0.0
3.038,2.918,2.41,2.146,2.431,1.444,0.659,0.235,2.446,0.442
3.322,2.981,2.66,2.111,2.489,1.847,1.038,0.365,2.321,0.451
2.001,1.308,1.18,0.989,1.814,0.793,0.23,0.0,1.461,0.138
3.177,2.896,2.539,2.256,2.776,1.407,0.652,0.543,2.692,0.426
2.821,2.687,2.601,2.109,2.719,1.499,1.474,1.378,2.834,0.434
2.153,1.973,1.546,1.38,2.016,1.172,0.374,0.203,2.042,0.0
2.5,2.528,2.308,1.856,2.433,1.244,0.758,0.336,2.227,0.236
2.771,2.149,1.837,1.333,2.235,1.112,1.328,1.112,1.923,0.473
2.106,1.926,1.812,1.315,2.057,0.947,0.419,0.226,1.725,0.108
3.158,3.27,2.965,2.41,2.809,1.893,0.954,0.582,2.788,0.331
3.112,3.24,2.838,2.37,2.697,1.72,0.649,0.357,2.513,0.636
1.245,1.241,0.457,0.432,1.842,0.199,0.033,0.027,1.713,0.0
1.947,1.913,1.592,1.419,2.104,0.939,0.095,0.0,1.93,0.091
2.172,2.228,2.076,1.389,1.992,1.134,0.523,0.25,2.158,0.0
4.0,4.0,3.867,3.652,3.832,3.347,1.135,0.734,3.687,0.893
3.28,3.359,3.051,2.495,2.841,2.161,0.863,0.413,2.69,0.664
3.11,2.817,2.468,1.891,2.569,1.854,0.832,0.554,2.763,0.0
3.682,3.884,3.435,3.047,3.386,2.767,2.62,1.902,3.52,0.773
1.49,1.497,1.612,1.792,2.275,1.328,0.78,0.263,2.123,0.226
3.184,3.352,3.065,2.667,2.822,2.217,1.484,1.259,3.085,0.433
2.235,2.015,1.965,1.662,2.261,1.25,0.691,0.54,1.851,0.252
2.8,2.439,1.796,1.522,2.748,1.686,0.66,0.422,2.508,0.304
3.275,2.728,2.445,2.493,2.769,1.965,0.711,0.446,2.58,0.368
3.106,3.32,2.882,3.02,2.827,2.116,0.6,0.175,2.877,0.547
2.576,1.931,1.551,1.296,2.29,1.017,0.644,0.212,2.036,0.0
1.158,1.097,0.829,0.529,2.036,0.468,0.454,0.232,2.016,0.296
1.365,1.075,0.612,0.358,2.093,0.562,0.062,0.066,1.579,0.0
1.962,1.741,1.333,1.071,2.218,0.795,0.256,0.226,2.056,0.0
3.413,3.101,2.604,2.348,2.732,1.705,1.298,0.988,3.142,0.538
2.551,2.501,2.382,1.823,2.585,1.668,0.778,0.323,2.556,0.272
2.869,2.606,2.46,2.111,2.491,1.319,0.476,0.15,2.598,0.48
2.491,2.553,1.966,1.723,1.835,1.177,0.352,0.453,1.92,0.227
2.726,2.379,1.831,1.601,2.336,1.327,0.858,0.381,2.547,0.158
1.798,1.929,1.682,1.402,2.261,0.949,0.159,0.076,1.952,0.157
3.012,2.874,2.619,2.107,2.709,1.713,1.481,0.924,2.851,0.502
2.686,2.532,2.456,1.951,2.558,1.417,0.565,0.443,2.16,0.107
3.734,3.722,3.47,2.904,3.097,1.981,0.914,0.591,3.378,0.459
2.177,1.947,1.831,1.444,2.348,1.376,1.011,0.462,1.917,0.344
1.963,1.695,1.294,1.13,2.022,0.648,0.0,0.0,1.787,0.332
1.067,1.019,0.169,0.218,1.864,0.203,0.133,0.005,1.534,0.01
2.892,2.529,2.148,1.664,2.468,1.578,1.937,1.478,2.26,0.591
2.893,2.418,2.279,1.727,2.522,1.525,0.743,0.444,2.403,0.197
2.826,2.324,2.167,1.612,2.302,1.348,0.467,0.332,1.546,0.21
1.164,1.481,0.89,0.8,2.103,0.711,0.148,0.152,1.639,0.0
3.61,3.29,3.02,2.8,3.037,1.894,1.9,1.332,3.037,0.788
2.418,1.976,1.407,1.535,2.222,1.004,0.451,0.317,1.951,0.0
1.824,1.961,1.564,1.427,2.141,0.797,0.393,0.18,2.027,0.0
1.678,1.258,1.076,1.162,2.179,0.865,0.659,0.126,1.279,0.176
2.228,1.894,1.937,1.934,2.677,1.137,0.218,0.0,2.389,0.135
3.922,3.301,3.117,2.618,2.702,2.025,0.281,0.573,2.807,0.656
2.531,2.456,2.245,1.942,2.481,1.361,0.043,0.051,2.583,0.0
3.296,3.163,2.853,2.63,2.676,2.35,1.575,1.532,2.787,1.096
3.127,2.946,2.831,2.109,2.256,1.081,0.644,0.241,2.751,0.403
2.699,2.657,1.999,1.561,2.188,1.179,0.599,0.257,2.234,0.156
3.226,2.719,2.638,2.129,2.594,1.703,1.041,0.755,2.345,0.456
2.733,2.42,2.012,1.642,2.392,1.309,0.277,0.234,2.15,0.038
3.715,3.319,2.847,2.589,2.697,2.191,2.27,1.988,3.111,0.888
2.255,1.672,1.829,1.554,2.123,1.275,0.288,0.096,1.869,0.041
3.183,2.836,2.516,2.212,2.76,2.087,1.287,0.86,2.594,0.4
2.358,2.126,2.015,1.581,2.051,0.994,0.371,0.05,2.204,0.258
3.085,2.25,1.81,1.519,2.04,1.1,0.534,0.433,2.05,0.384
2.472,2.087,1.764,1.284,2.045,1.304,0.535,0.197,1.803,0.162
2.148,2.056,1.885,1.554,2.037,1.41,0.316,0.152,1.883,0.285
3.122,3.021,2.552,2.413,2.79,1.667,0.597,0.488,2.44,0.648
3.489,3.141,3.009,2.424,2.57,1.567,0.923,0.36,2.74,0.732
3.353,3.122,3.003,2.366,2.908,2.076,2.216,1.25,2.986,1.073
2.179,1.465,1.02,0.96,1.72,0.812,0.038,0.0,1.446,0.341
2.414,2.572,2.028,1.998,2.213,1.569,0.744,0.713,2.24,0.028
2.567,2.417,2.12,1.983,2.449,1.72,1.321,0.8,2.584,0.455
2.671,2.496,2.432,2.365,2.569,1.784,0.541,0.295,2.422,0.398
2.554,2.263,1.832,1.227,2.207,1.239,0.318,0.125,1.877,0.0
2.649,2.383,2.013,1.561,2.278,1.278,0.316,0.121,1.939,0.455
2.731,2.623,2.382,1.991,2.689,1.953,0.958,0.912,2.663,0.429
3.135,2.705,2.316,1.798,2.428,1.298,0.616,0.237,2.466,0.373
2.387,1.941,1.474,1.035,1.795,0.56,0.31,0.03,2.033,0.0
3.357,3.694,3.594,3.445,3.459,2.369,0.721,0.257,3.226,1.522
1.824,1.285,1.0,0.802,2.039,0.635,0.0,0.0,1.678,0.0
3.055,3.034,3.02,2.728,2.705,1.808,0.559,0.305,2.867,0.731
1.293,1.0,0.489,0.525,1.966,0.409,0.016,0.0,1.655,0.0
2.721,2.547,2.505,2.215,2.833,1.541,0.871,0.461,2.954,0.125
2.259,2.172,1.95,1.654,2.309,1.298,0.429,0.297,2.435,0.272
3.379,2.761,2.913,2.724,2.833,2.186,1.468,1.325,2.309,0.53
2.146,2.23,1.567,1.378,2.039,0.807,0.02,0.0,2.225,0.0
2.376,2.446,1.827,1.734,2.459,0.944,0.346,0.28,2.411,0.026
1.386,1.072,0.819,0.734,2.227,0.731,0.166,0.206,1.711,0.005
2.49,2.194,1.695,1.845,2.237,1.034,0.177,0.0,2.012,0.226
2.356,2.453,1.937,1.572,1.971,0.819,0.036,0.158,2.2,0.082
2.572,2.585,2.353,1.68,2.243,1.448,0.314,0.0,2.533,0.355
3.141,3.286,2.946,2.961,2.808,2.267,1.694,1.058,2.879,0.68
1.311,1.495,1.208,0.888,1.676,0.895,0.049,0.0,1.781,0.157
2.767,2.901,2.762,2.338,2.73,2.149,0.929,0.658,2.65,0.405
2.767,2.576,2.194,2.209,2.199,2.268,2.395,2.341,2.412,0.723
3.667,3.354,3.01,3.03,3.157,2.616,0.986,0.815,2.786,0.83
1.587,1.78,1.232,0.863,2.337,0.973,0.554,0.234,1.493,0.048
2.942,2.572,2.318,2.158,2.344,1.746,0.187,0.187,2.288,0.441
0.486,0.048,0.05,0.184,1.517,0.276,0.423,0.666,1.137,0.0
2.819,3.36,2.858,2.371,2.472,2.109,1.029,0.538,2.537,0.658
1.595,1.439,0.993,0.867,2.008,0.676,0.338,0.207,1.994,0.006
2.024,1.851,1.682,1.131,2.156,1.096,0.281,0.004,2.134,0.329
3.081,2.949,3.251,2.866,2.738,2.444,1.557,1.375,2.848,1.039
0.644,0.408,0.391,0.329,1.553,0.0,0.0,0.01,0.969,0.068
2.065,2.044,1.859,1.507,2.384,1.089,0.037,0.0,1.931,0.276
2.403,1.882,1.649,1.379,2.235,1.22,0.41,0.151,2.039,0.288
1.837,1.64,1.518,1.175,2.221,0.912,0.249,0.292,1.833,0.0
0.574,0.832,0.678,0.485,1.861,0.563,0.0,0.0,1.269,0.185
3.056,2.82,2.382,1.87,2.51,0.911,0.09,0.032,2.334,0.106
3.595,3.02,2.968,2.558,2.811,1.983,1.599,1.16,2.761,0.741
1.472,1.273,1.252,0.838,2.185,0.949,0.772,0.508,1.65,0.331
2.285,2.115,1.75,1.662,2.382,1.399,1.007,0.836,1.914,0.475
1.856,1.592,1.122,1.161,2.17,0.673,0.132,0.0,1.629,0.054
2.062,1.509,1.275,1.068,2.157,0.522,0.772,0.632,1.862,0.009
3.34,3.383,3.042,2.656,2.872,2.345,2.103,1.313,2.98,0.695
3.407,2.619,2.352,1.908,2.75,1.242,0.77,0.538,2.547,0.502
3.035,2.514,2.026,1.71,2.479,1.45,1.074,0.427,2.663,0.458
1.226,1.012,0.816,0.857,1.671,0.519,0.083,0.0,1.476,0.128
2.677,2.087,1.503,1.352,2.063,0.763,0.026,0.0,1.651,0.0
3.929,4.0,3.722,3.593,3.567,2.523,0.278,0.0,3.058,2.021
2.968,2.352,2.139,1.553,2.38,1.632,0.429,0.509,2.274,0.457
2.642,2.472,1.965,1.725,2.354,1.355,0.58,0.333,2.044,0.311
2.735,2.895,2.38,2.125,2.601,1.4,1.598,0.559,2.498,0.161
2.462,2.226,1.786,1.502,2.379,1.459,0.656,0.629,2.761,0.335
2.816,2.648,2.228,1.842,2.614,1.227,0.745,0.309,2.277,0.132
3.076,2.762,2.469,2.143,2.639,1.319,0.685,0.493,2.726,0.247
2.609,2.366,1.979,1.49,2.116,0.872,0.025,0.0,2.106,0.487
2.363,1.991,1.3,1.086,2.016,1.384,0.925,0.82,2.122,0.196
2.514,2.479,2.268,2.12,2.763,1.598,0.983,0.796,2.28,0.567
2.616,2.789,2.7,2.378,2.708,1.715,0.344,0.116,2.637,0.319
2.436,2.232,1.557,1.277,2.114,1.192,0.907,0.207,2.152,0.014
3.707,3.725,3.674,3.164,2.576,2.502,1.049,0.577,3.015,0.453
2.764,2.134,2.096,1.665,2.383,1.345,0.208,0.061,1.934,0.501
2.62,2.157,1.971,1.349,2.029,0.617,0.0,0.0,2.328,0.0
3.473,3.346,3.128,2.554,2.797,1.633,0.753,0.488,2.958,0.654
2.89,3.232,2.869,2.339,2.542,1.49,0.198,0.0,2.946,0.115
1.177,0.814,0.351,0.321,1.72,0.049,0.0,0.0,1.48,0.0
3.471,2.769,2.848,2.541,2.843,2.312,0.932,0.906,2.735,0.704
1.24,0.645,0.07,0.251,1.734,0.171,0.289,0.293,1.138,0.015
1.972,1.841,1.334,1.31,2.088,1.451,0.44,0.343,1.82,0.158
1.877,1.631,1.568,1.405,2.186,1.084,0.722,0.471,1.769,0.033
3.526,3.176,2.999,2.15,2.846,1.683,1.574,1.361,2.907,0.319
1.835,1.544,1.163,1.307,2.277,1.225,0.0,0.0,1.701,0.069
3.136,2.874,2.475,2.096,2.747,1.764,0.47,0.057,2.556,0.314
3.343,3.286,3.0,3.234,2.797,2.668,1.735,1.425,2.66,0.882
3.09,3.316,3.012,2.422,2.602,1.763,1.205,0.76,2.943,0.551
1.856,1.395,0.999,1.042,2.045,0.578,0.132,0.066,1.54,0.226
3.096,2.87,2.753,2.617,3.154,2.255,1.351,1.359,3.227,0.665
2.5,2.242,2.161,2.124,2.524,1.243,0.842,0.411,2.304,0.406
3.189,2.87,2.66,2.763,2.681,1.959,1.077,0.835,2.693,0.366
1.697,1.582,1.274,1.098,2.091,1.032,0.085,0.019,1.573,0.077
3.113,2.71,1.998,1.689,2.4,1.241,0.632,0.45,2.761,0.549
3.143,2.931,2.514,2.217,2.647,1.846,0.375,0.341,2.609,0.532
1.799,1.777,1.52,1.197,2.088,0.742,0.2,0.0,2.041,0.0
2.791,2.533,2.633,2.2,2.789,1.39,0.378,0.225,2.738,0.304
2.328,2.259,2.195,2.073,2.815,1.541,0.313,0.277,2.265,0.538
2.335,2.288,1.679,1.717,2.352,1.183,0.543,0.53,1.937,0.128
1.576,1.716,1.607,0.979,2.371,1.152,0.42,0.205,2.006,0.15
2.7,2.678,2.157,1.639,2.506,1.909,1.501,1.317,2.347,0.35
1.489,1.452,1.15,1.163,1.733,0.655,0.595,0.068,1.728,0.0
3.181,2.632,2.349,1.94,2.664,1.609,0.636,0.24,2.19,0.0
2.112,2.168,1.689,1.434,1.978,1.456,1.09,0.608,2.163,0.33
3.443,3.419,3.356,3.206,3.016,2.582,1.301,1.08,3.14,1.179
2.358,2.163,1.98,1.517,2.318,1.207,0.207,0.0,2.043,0.438
1.801,1.625,1.391,1.342,1.972,1.033,0.524,0.419,1.748,0.248
3.427,2.993,2.726,1.841,2.618,1.881,2.375,2.12,3.066,0.49
2.417,2.33,2.29,1.937,2.639,1.315,0.222,0.189,2.553,0.459
2.196,1.913,1.593,1.359,2.479,0.955,0.515,0.376,2.005,0.243
2.812,2.286,1.696,1.435,2.066,1.442,0.833,0.404,2.002,0.314
3.793,3.435,2.868,2.427,2.883,2.277,0.614,0.086,2.535,1.402
3.413,2.944,2.332,2.12,2.348,1.736,1.194,0.834,2.42,0.419
3.134,2.843,2.763,2.556,2.959,2.346,1.903,1.508,2.612,0.911
2.137,2.411,2.212,1.974,2.895,1.758,0.457,0.295,2.423,0.394
2.404,2.301,1.995,1.662,2.15,1.311,1.231,0.585,1.958,0.349
0.818,0.968,0.647,0.524,1.909,0.211,0.366,0.1,1.458,0.0
2.389,2.361,2.566,2.008,2.461,1.673,0.602,0.321,2.135,0.263
2.184,2.179,1.805,1.404,2.573,1.552,0.445,0.258,2.34,0.49
3.732,3.468,3.401,2.662,2.719,1.9,1.618,1.0,2.868,0.487
2.393,2.187,1.817,1.547,2.486,1.574,0.861,0.513,2.182,0.36
2.31,2.127,2.21,1.62,2.209,1.18,0.307,0.163,2.306,0.429
2.581,2.295,1.959,1.906,2.187,1.351,0.434,0.311,2.117,0.253
3.888,3.558,3.296,2.948,2.903,2.501,0.996,0.322,3.1,0.48
3.214,3.1,2.944,2.245,2.67,1.307,0.227,0.056,2.688,0.379
1.487,1.42,1.159,0.888,1.937,0.727,0.0,0.0,1.544,0.0
2.139,2.12,1.887,1.38,2.282,1.143,0.884,0.538,1.953,0.151
1.95,1.669,1.072,0.992,1.759,0.89,0.346,0.528,1.653,0.146
1.945,2.033,1.807,1.439,2.363,1.125,0.484,0.515,1.816,0.31
3.129,3.179,2.982,2.373,2.412,1.521,0.403,0.459,3.018,0.308
2.988,3.266,3.433,3.009,2.981,2.32,0.768,0.431,2.833,0.809
1.187,1.461,1.222,1.225,1.913,1.247,0.387,0.307,1.658,0.061
3.607,3.578,3.538,3.057,3.218,2.126,1.209,0.489,3.212,0.62
3.407,3.528,3.453,3.282,3.576,3.237,1.641,1.196,3.27,1.057
1.81,1.878,1.418,1.42,2.184,1.228,0.688,0.673,2.093,0.242
2.772,2.534,2.113,1.805,2.394,1.194,0.427,0.204,2.295,0.291
2.847,2.766,2.312,1.903,2.312,0.879,0.466,0.211,2.353,0.456
2.672,2.019,1.67,1.58,2.164,1.145,0.395,0.017,1.942,0.0
2.616,2.698,2.185,1.718,2.424,1.321,0.061,0.07,2.387,0.0
2.017,1.982,1.781,1.668,2.155,1.043,0.27,0.37,1.916,0.0
2.201,1.514,1.104,1.085,1.981,1.083,0.874,0.601,1.683,0.152
2.277,2.385,1.792,1.529,2.268,1.093,0.0,0.0,2.345,0.08
2.709,2.347,2.201,1.593,2.471,1.434,1.19,0.604,2.411,0.356
2.351,2.713,2.093,1.386,2.22,1.225,0.557,0.132,2.45,0.434
1.741,1.766,1.333,1.196,2.146,0.983,0.869,0.48,1.934,0.163
2.755,2.048,1.67,1.224,2.262,0.681,0.191,0.096,1.939,0.091
0.282,0.627,0.417,0.0,1.667,0.22,0.016,0.019,1.104,0.0
3.375,3.136,2.958,2.265,2.528,1.862,1.314,0.753,3.043,0.578
3.813,3.866,3.088,3.029,2.647,1.845,0.673,0.258,2.901,0.884
2.308,2.162,2.164,1.959,2.117,1.236,0.404,0.0,2.254,0.262
1.374,1.164,0.869,0.769,2.077,0.576,0.308,0.316,1.577,0.0
2.617,2.723,2.37,1.821,2.326,1.253,0.21,0.001,2.694,0.036
2.201,1.925,1.679,1.302,2.188,0.916,0.72,0.478,2.137,0.236
2.302,2.224,1.925,1.495,2.562,1.2,0.786,0.501,2.202,0.204
1.658,1.393,1.198,1.237,2.041,0.797,0.755,0.0,1.773,0.165
2.201,2.111,1.878,1.722,2.387,1.477,1.027,0.633,1.834,0.073
2.698,2.751,2.284,1.682,2.622,1.875,0.778,0.51,2.44,0.264
2.642,2.231,1.942,1.61,2.379,0.823,0.279,0.0,2.003,0.31
0.642,0.253,0.53,0.472,1.772,0.0,0.244,0.375,1.224,0.0
2.809,2.783,2.624,2.019,2.588,2.103,0.718,0.371,2.52,0.335
2.826,2.729,2.89,2.197,2.55,2.291,1.352,0.568,2.976,0.731
2.523,2.217,2.104,1.922,2.318,1.264,0.718,0.673,2.11,0.443
3.288,3.115,2.635,2.426,2.746,2.017,1.352,0.692,2.741,0.843
3.314,3.285,3.155,2.724,2.728,2.184,1.242,0.524,3.039,0.638
2.088,1.509,1.292,1.318,1.888,0.795,0.0,0.077,1.608,0.135
2.454,2.266,2.273,2.064,1.898,1.18,0.095,0.0,2.097,0.0
3.751,3.561,3.144,2.809,2.956,2.53,1.398,0.585,3.197,0.616
3.364,3.221,2.806,2.344,2.324,1.363,1.759,1.198,2.707,0.479
2.801,2.793,2.045,1.792,2.193,1.163,0.462,0.11,2.735,0.657
3.058,2.383,2.485,1.991,2.665,1.673,1.16,0.886,2.386,0.523
3.325,3.534,3.242,2.484,2.865,1.736,1.072,0.811,2.988,1.077
1.371,1.153,0.927,0.84,2.219,1.006,0.671,0.345,1.837,0.21
2.822,2.313,1.871,1.589,2.534,1.316,1.391,1.297,2.471,0.172
2.534,2.391,2.208,1.917,2.46,1.339,1.326,1.336,2.132,0.181
3.232,2.939,2.867,2.229,2.656,2.001,1.497,0.782,2.459,1.105
2.701,2.848,2.364,2.154,2.65,1.781,0.805,0.836,2.737,0.607
2.734,2.788,2.376,1.908,2.249,1.649,0.631,0.463,2.351,0.359
2.23,1.815,1.968,1.548,2.446,1.487,0.3,0.197,2.141,0.14
0.302,0.632,0.205,0.205,1.576,0.351,0.05,0.109,1.274,0.0
2.395,1.904,1.579,1.084,1.769,1.12,0.911,0.42,1.839,0.0
1.939,1.867,1.553,1.264,2.216,1.189,0.674,0.638,2.253,0.008
2.052,2.038,1.658,1.383,2.36,1.092,0.26,0.151,1.897,0.0
1.653,1.772,1.33,1.363,2.039,1.064,0.243,0.208,1.771,0.147
3.214,2.316,2.304,1.629,2.356,1.265,0.554,0.329,2.407,0.324
2.194,1.933,1.148,0.969,1.925,0.258,0.43,0.0,1.962,0.0
3.285,3.431,2.89,2.751,3.19,1.965,1.444,0.622,2.769,0.542
2.631,2.213,2.067,1.805,2.347,1.404,0.346,0.375,2.225,0.515
1.648,1.657,1.293,1.235,2.249,1.087,0.643,0.283,1.912,0.132
2.935,2.305,2.174,1.803,2.619,1.464,0.467,0.19,2.176,0.312
3.603,3.644,3.211,2.609,2.85,2.284,1.346,0.687,3.062,0.741
1.952,1.33,1.076,0.742,1.734,0.34,0.0,0.0,1.576,0.026
3.053,3.006,2.842,2.273,2.528,1.67,0.525,0.508,2.846,0.103
2.974,2.531,2.13,1.777,2.587,1.427,1.073,0.418,2.295,0.716
3.416,3.172,3.163,2.691,2.815,2.12,2.411,1.907,2.992,0.641
3.898,3.626,3.068,2.828,2.743,2.314,1.957,1.557,3.051,0.442
3.838,4.0,3.989,3.466,3.316,2.451,0.671,0.055,3.371,1.386
3.062,2.601,1.963,1.984,2.319,1.356,0.367,0.09,2.596,0.069
2.991,3.206,2.703,2.363,2.942,2.197,0.812,0.523,2.942,0.449
2.593,2.187,1.552,1.39,2.101,1.153,0.679,0.792,1.897,0.506
1.212,1.71,1.153,1.157,2.075,0.648,0.175,0.0,1.77,0.008
2.18,1.996,1.665,1.587,1.773,1.251,0.0,0.0,1.709,0.0
1.32,1.612,1.59,1.234,1.803,1.288,0.542,0.319,1.637,0.08
3.157,3.033,3.076,2.517,2.329,1.953,0.858,0.457,2.887,0.817
3.591,3.157,3.138,2.615,2.451,2.131,0.857,0.438,2.72,0.496
2.536,2.358,1.561,1.63,2.414,1.319,0.452,0.394,2.101,0.051
2.555,2.018,1.563,1.416,2.278,0.847,0.768,0.868,2.109,0.098
