sense,honor,curse,despise,situation,antihuman,roughness,slaughter,strike_support,depression_rate
3.182,2.869,2.872,2.454,2.591,2.068,0.778,0.35,2.58,0.884
2.762,2.597,2.345,1.828,2.331,1.389,0.916,0.824,2.522,0.51
1.892,1.801,1.911,1.617,2.137,1.317,0.413,0.142,2.215,0.192
3.317,3.076,2.927,2.431,2.582,1.696,0.952,1.008,2.959,0.399
2.415,1.83,1.567,1.351,2.166,0.86,0.861,0.653,1.778,0.242
3.307,3.402,3.119,2.575,2.95,2.178,2.045,1.83,3.421,0.351
2.463,2.366,1.913,1.59,2.208,1.095,0.356,0.204,1.855,0.144
1.716,1.703,1.02,0.654,2.041,0.778,0.263,0.061,1.639,0.098
2.888,2.708,2.148,2.35,2.498,1.791,0.699,0.788,2.475,0.366
2.417,2.189,1.939,1.498,2.318,1.039,0.4,0.506,1.993,0.172
3.039,2.618,1.979,1.658,2.401,1.062,0.262,0.167,2.11,0.387
1.303,1.218,0.593,0.495,2.109,0.54,0.367,0.016,1.39,0.138
3.254,3.312,2.871,2.698,3.087,2.202,0.739,0.333,2.775,0.417
2.601,2.674,2.419,1.953,2.54,1.489,0.382,0.368,2.341,0.118
0.602,0.885,0.241,0.287,1.56,0.554,0.192,0.317,1.331,0.124
2.983,3.01,2.565,2.087,2.702,1.764,0.543,0.533,2.653,0.277
3.3,2.797,2.761,2.4,2.699,2.433,0.62,0.257,2.582,0.358
3.156,2.99,3.196,2.305,2.747,1.844,0.551,0.351,2.72,0.569
2.56,2.249,1.693,1.946,2.308,1.175,0.255,0.181,2.436,0.126
2.646,2.578,2.309,1.881,2.289,1.301,0.321,0.077,2.428,0.327
1.376,1.688,1.609,1.642,2.122,0.819,0.688,0.563,2.284,0.21
2.968,2.654,2.402,1.894,2.524,1.612,0.917,0.384,2.371,0.342
1.317,1.12,0.924,0.924,2.113,0.795,0.0,0.124,1.01,0.073
3.379,2.914,2.673,1.97,2.703,1.91,2.428,1.528,2.548,0.328
1.976,1.705,1.514,1.132,2.037,1.157,0.564,0.357,2.145,0.034
2.061,1.736,1.435,1.282,2.131,1.352,0.562,0.365,1.868,0.093
3.405,3.082,2.564,2.128,2.906,1.732,0.503,0.201,2.649,0.288
2.813,2.534,2.511,1.824,2.475,1.684,0.613,0.265,2.128,0.377
2.471,2.524,2.502,1.717,2.403,1.392,0.493,0.08,2.348,0.272
3.419,3.027,2.779,2.791,2.644,1.887,1.115,0.552,2.556,0.637
3.151,2.897,2.963,2.32,2.686,1.836,0.516,0.538,2.882,0.821
1.151,1.491,0.916,0.661,2.017,0.319,0.31,0.257,1.836,0.111
3.486,3.094,3.023,2.585,2.772,1.784,1.151,0.553,2.855,0.673
2.644,2.381,2.346,1.525,2.433,1.525,0.583,0.255,2.481,0.191
1.083,1.469,1.24,0.82,1.908,0.523,0.177,0.169,1.574,0.067
3.199,2.548,2.482,2.174,2.47,1.447,0.719,0.306,2.668,0.135
2.761,2.188,1.625,1.522,2.099,1.186,0.414,0.196,2.087,0.186
2.604,2.206,1.231,1.857,2.201,1.132,0.78,0.48,1.937,0.278
3.335,3.278,2.651,2.365,2.884,1.923,1.325,0.629,2.686,0.422
2.455,2.099,1.784,1.738,2.432,1.002,0.289,0.253,1.974,0.048
2.446,2.24,1.898,1.567,2.535,0.921,0.176,0.165,2.175,0.126
3.097,2.531,2.198,2.291,2.699,1.764,0.692,0.358,2.334,0.379
3.408,2.861,2.593,2.21,2.299,1.59,0.294,0.18,2.735,0.176
2.917,2.538,2.478,2.209,2.576,1.219,0.666,0.347,2.542,0.288
2.033,2.028,1.355,1.235,2.031,0.874,0.464,0.228,2.067,0.082
2.316,2.337,1.934,1.861,2.463,1.119,0.678,0.574,2.407,0.206
1.391,1.267,1.271,0.663,2.141,1.104,0.385,0.138,1.574,0.0
1.295,0.927,0.579,0.924,1.863,0.626,0.224,0.14,1.697,0.0
3.073,3.311,2.818,2.551,2.863,2.079,0.966,0.623,2.987,0.412
2.809,2.745,2.606,1.886,2.538,1.598,0.527,0.222,2.59,0.375
2.896,2.921,2.256,2.605,2.537,1.823,0.554,0.467,2.667,0.483
1.417,1.639,0.85,0.897,1.954,0.578,0.336,0.306,1.568,0.03
1.78,1.439,1.277,1.04,1.952,0.689,0.231,0.047,1.765,0.0
2.581,2.555,2.264,2.055,2.242,1.234,0.361,0.111,2.429,0.25
2.909,2.948,2.807,2.188,2.544,1.383,0.785,0.709,2.609,0.301
2.762,2.524,2.586,1.977,2.428,1.533,0.308,0.318,2.379,0.17
1.841,1.941,1.413,1.712,2.278,1.086,0.383,0.441,1.714,0.132
1.468,1.267,0.95,1.127,2.2,0.588,0.313,0.227,1.817,0.178
0.677,0.998,0.558,0.642,1.924,0.589,0.264,0.279,1.406,0.006
1.619,0.989,1.032,0.967,2.016,0.736,0.486,0.375,1.643,0.139
3.174,3.34,2.897,2.512,2.522,2.352,0.624,0.375,2.862,0.515
3.245,2.945,2.59,2.012,2.619,1.664,0.943,0.405,2.855,0.36
2.193,2.199,1.766,1.962,2.345,1.189,0.323,0.177,2.198,0.054
2.493,2.292,2.121,1.637,2.696,1.537,0.401,0.627,2.07,0.525
0.923,0.72,0.608,0.275,1.702,0.17,0.023,0.068,1.584,0.0
1.797,1.854,1.196,1.217,2.038,0.921,0.164,0.139,1.982,0.295
2.71,2.56,2.477,2.151,2.45,1.789,0.473,0.276,2.258,0.648
1.75,1.964,1.483,1.288,2.07,0.746,0.223,0.112,1.923,0.175
3.176,2.695,2.303,1.834,2.313,1.252,0.832,0.698,2.563,0.235
1.692,1.019,0.463,0.555,2.116,0.464,0.398,0.343,1.234,0.0
2.937,2.833,2.422,2.136,2.609,1.584,0.487,0.316,2.305,0.323
1.927,1.114,0.911,0.501,2.295,0.497,0.46,0.25,1.835,0.004
2.11,2.012,1.812,1.307,2.244,1.191,0.352,0.104,1.931,0.106
1.696,1.009,0.758,0.929,2.005,0.821,0.182,0.142,1.741,0.045
3.096,3.077,2.604,2.336,2.427,1.62,0.879,0.645,2.662,0.543
2.7,2.394,1.984,1.688,2.358,1.161,0.301,0.341,2.164,0.126
2.065,1.676,1.697,1.068,2.132,1.115,0.38,0.217,2.13,0.502
2.942,2.764,2.294,2.038,2.778,1.435,0.729,0.338,2.474,0.145
2.877,2.876,2.162,2.131,2.541,1.772,2.059,1.257,2.841,0.352
1.882,1.707,1.439,1.018,2.362,1.023,0.188,0.058,2.014,0.0
1.378,1.11,0.968,0.974,2.082,0.485,0.143,0.11,1.252,0.13
3.464,3.09,2.767,2.288,2.651,1.699,0.874,0.529,2.596,0.343
2.66,2.292,1.898,1.727,2.37,0.956,0.679,0.275,2.171,0.331
1.328,1.79,1.223,1.15,2.11,0.586,0.223,0.23,1.489,0.012
2.193,2.065,1.854,1.548,2.374,0.765,0.307,0.331,2.001,0.153
2.847,2.661,2.427,2.065,2.631,2.178,0.594,0.453,2.549,0.552
3.223,2.823,2.663,2.129,2.489,1.661,0.725,0.568,2.454,0.629
0.676,0.792,0.621,0.472,1.906,0.74,0.124,0.074,1.041,0.021
3.657,3.34,3.27,3.068,2.98,2.18,0.811,0.267,2.893,0.868
3.243,2.717,2.828,2.169,2.717,1.676,0.524,0.32,2.517,0.432
1.738,1.711,0.842,0.902,1.936,0.704,0.125,0.111,1.875,0.0
3.312,3.205,2.759,2.391,2.884,2.014,1.131,0.378,2.893,0.3
2.869,2.468,2.408,2.256,2.593,1.458,0.532,0.276,2.255,0.368
3.285,2.67,2.403,1.983,2.483,1.688,0.917,0.906,2.462,0.421
3.205,2.935,2.645,2.419,2.461,1.957,0.986,0.193,2.475,0.266
2.834,3.161,2.771,2.924,2.943,2.001,0.493,0.035,2.64,0.507
2.538,1.993,1.982,1.834,2.433,1.171,0.709,0.15,2.348,0.207
3.474,3.1,2.737,2.518,2.8,1.484,0.125,0.084,2.658,0.149
2.048,1.974,2.124,1.57,2.235,1.408,0.435,0.411,1.858,0.304
2.689,2.409,2.111,2.072,2.346,1.757,0.981,0.316,2.399,0.39
3.019,3.047,2.4,2.5,2.674,1.723,0.609,0.35,2.294,0.72
2.677,2.124,1.625,1.246,2.35,1.144,0.349,0.437,2.148,0.175
2.724,2.781,2.252,2.354,2.512,1.825,0.54,0.28,2.303,0.424
2.337,2.334,2.058,1.663,2.636,1.147,0.478,0.193,2.131,0.394
2.336,2.081,1.864,1.85,2.179,1.204,0.085,0.042,1.944,0.184
3.307,3.116,2.64,2.691,2.675,1.708,0.641,0.326,2.713,0.328
2.771,2.67,2.36,2.128,2.565,1.861,0.73,0.589,2.688,0.142
1.883,2.116,1.58,1.28,2.209,0.754,0.365,0.071,2.469,0.136
2.18,1.82,0.962,0.995,1.938,0.661,0.008,0.078,1.923,0.015
2.185,2.53,2.052,1.556,2.431,1.257,0.62,0.499,2.158,0.194
0.655,0.869,0.466,0.418,2.088,0.167,0.228,0.067,1.157,0.131
2.032,1.93,1.439,1.236,2.11,0.854,0.549,0.055,1.954,0.033
3.115,2.997,2.715,2.148,2.868,1.927,1.013,0.828,2.7,0.383
3.096,2.177,1.925,2.18,2.4,1.642,0.727,0.338,2.579,0.29
1.966,1.997,1.383,0.975,2.099,0.93,0.376,0.336,1.99,0.043
3.152,3.066,2.747,2.378,2.91,1.602,0.626,0.209,2.487,0.337
2.653,2.468,2.031,1.581,2.174,1.186,0.44,0.176,2.449,0.144
1.593,1.158,0.828,0.824,2.182,0.701,0.352,0.149,1.507,0.0
1.34,0.826,0.537,0.424,2.076,0.518,0.353,0.187,1.408,0.065
0.951,0.846,0.512,0.436,1.763,0.411,0.235,0.383,1.501,0.152
1.518,0.962,0.735,1.065,1.824,0.929,0.268,0.207,1.33,0.219
2.796,2.547,2.374,2.171,2.4,1.602,0.483,0.337,2.155,0.355
2.728,2.849,2.526,2.176,2.484,1.101,0.146,0.035,2.58,0.117
2.458,2.005,1.942,1.77,2.259,1.138,0.681,0.457,1.988,0.153
3.31,2.904,3.056,2.312,2.847,2.156,1.058,0.413,3.079,0.456
3.462,3.392,2.801,2.849,2.954,2.058,1.134,0.821,3.172,0.623
2.961,3.043,2.998,2.98,2.804,1.194,0.926,0.888,2.851,0.106
1.392,0.643,0.849,0.936,1.587,0.585,0.209,0.104,1.335,0.027
2.991,2.501,2.557,1.881,2.331,1.652,0.743,0.199,2.412,0.154
2.887,3.157,2.863,2.788,3.035,2.92,0.691,0.281,2.538,1.048
3.187,2.93,2.558,2.002,2.639,1.59,0.633,0.37,2.71,0.422
2.714,2.765,2.345,2.032,2.515,1.457,0.802,0.855,2.778,0.526
2.511,2.566,2.129,1.951,2.358,1.594,0.193,0.117,1.838,0.197
2.211,1.94,1.808,1.594,2.206,1.059,0.198,0.139,1.865,0.085
2.928,2.816,2.433,2.055,2.369,1.722,1.079,0.297,2.539,0.452
3.024,2.841,2.707,2.662,2.552,1.413,0.385,0.239,2.451,0.237
3.103,2.92,2.624,2.045,2.696,1.991,0.802,0.769,2.844,0.879
1.936,2.33,1.496,1.606,2.075,1.486,0.358,0.213,2.098,0.144
2.702,2.794,2.015,1.812,2.212,0.976,0.473,0.362,2.234,0.374
2.788,2.523,2.344,2.189,2.444,1.365,0.745,0.847,2.441,0.398
2.555,2.66,2.324,2.247,2.482,1.085,0.482,0.229,2.571,0.636
2.432,2.976,2.447,2.419,2.398,1.314,0.498,0.007,2.233,0.394
1.794,1.781,1.326,0.89,2.028,0.797,0.515,0.077,1.77,0.07
2.534,1.95,1.521,1.684,2.332,1.232,0.405,0.185,1.861,0.177
2.826,2.767,2.442,1.84,2.675,1.553,0.797,0.503,2.523,0.109
2.514,2.065,1.783,1.656,2.126,1.049,0.381,0.172,1.979,0.073
3.041,2.388,2.425,1.987,2.769,1.646,0.911,0.682,2.577,0.472
3.198,3.224,2.417,2.421,3.08,2.227,1.644,0.906,2.853,0.659
2.41,2.314,1.659,1.463,2.253,1.067,0.439,0.381,2.229,0.061
2.331,1.822,1.632,1.28,2.022,1.268,0.018,0.159,2.057,0.128
1.674,1.24,0.846,0.849,1.76,0.923,0.333,0.117,1.377,0.015
2.443,2.515,2.393,2.166,2.476,1.376,0.735,0.188,2.404,0.341
2.935,3.034,2.793,2.464,2.503,1.882,0.858,0.603,2.479,0.711
2.78,2.331,1.845,1.521,2.178,1.135,0.272,0.157,2.239,0.2
1.507,1.423,1.178,1.131,2.147,0.951,0.15,0.023,1.835,0.153
3.23,3.078,2.489,2.015,2.658,1.444,1.071,0.594,2.623,0.429
1.619,1.569,0.711,0.926,2.041,0.629,0.0,0.122,1.433,0.16
1.033,1.041,0.677,0.452,2.09,0.446,0.137,0.084,1.537,0.184
3.239,2.83,2.53,2.232,2.746,1.798,0.762,0.584,2.869,0.289
2.626,2.439,2.134,1.743,2.649,1.474,0.817,0.412,2.394,0.098
2.448,2.482,1.9,1.857,2.191,1.509,0.371,0.204,2.042,0.219
1.904,1.514,1.423,0.995,2.3,0.784,0.367,0.476,1.852,0.34
3.416,3.333,2.784,2.494,2.767,1.822,1.356,1.268,2.904,0.427
2.694,2.197,1.84,1.979,2.617,1.611,0.713,0.316,1.985,0.362
1.141,1.161,0.782,0.799,2.021,0.723,0.128,0.119,1.582,0.044
2.366,1.635,1.488,1.188,2.179,0.948,0.118,0.124,1.59,0.304
2.705,2.262,2.392,1.691,2.219,1.316,0.779,0.376,2.371,0.168
2.632,2.406,2.171,1.996,2.462,1.655,0.449,0.496,1.988,0.315
1.891,1.367,1.434,1.248,1.893,1.074,0.754,0.275,1.699,0.169
1.987,1.8,1.396,1.625,2.269,1.316,0.689,0.142,2.025,0.182
1.524,1.594,1.093,0.895,2.482,1.176,0.556,0.354,2.034,0.0
2.932,2.644,2.653,2.128,2.626,1.334,0.706,0.294,2.681,0.274
3.111,2.803,2.581,2.17,2.531,1.868,0.45,0.44,2.351,0.51
2.889,2.622,2.465,2.109,2.329,1.479,0.564,0.303,2.453,0.172
2.274,2.286,1.595,1.25,2.162,0.873,0.4,0.653,2.138,0.144
2.084,2.008,1.643,1.794,2.267,1.209,0.095,0.176,2.113,0.103
1.886,1.387,1.199,0.779,1.72,0.725,0.417,0.235,1.58,0.087
2.855,2.627,2.151,2.156,2.424,1.461,0.458,0.212,2.488,0.613
3.027,3.014,2.513,1.854,2.504,1.545,0.388,0.264,2.346,0.239
3.499,3.346,3.19,2.576,2.723,1.923,1.242,0.53,3.189,0.672
2.336,2.6,2.409,1.975,2.215,1.354,0.352,0.354,2.247,0.228
2.257,1.462,1.071,1.148,2.094,0.72,0.14,0.232,1.823,0.0
3.049,2.87,2.569,2.119,2.355,1.321,0.215,0.133,2.532,0.281
2.966,2.944,2.309,1.984,2.4,1.316,1.094,0.762,2.285,0.656
3.161,3.024,2.414,1.952,2.546,1.266,0.819,0.584,2.822,0.332
3.52,3.125,3.154,2.629,2.819,2.08,0.683,0.428,2.822,0.339
2.902,2.518,2.217,2.028,2.239,1.528,0.57,0.14,2.351,0.28
2.891,3.015,2.864,2.735,2.923,2.129,0.444,0.362,2.699,0.578
3.268,2.764,2.457,2.302,2.409,1.91,0.602,0.241,2.651,0.677
0.375,0.528,0.627,0.609,2.01,0.356,0.137,0.243,1.439,0.02
2.924,3.052,2.973,2.434,2.369,1.464,0.93,0.441,2.501,0.494
2.797,2.461,2.486,2.124,2.419,1.533,0.432,0.164,2.451,0.162
3.625,3.633,3.255,3.156,3.133,2.73,1.055,0.399,3.4,1.049
1.863,1.429,1.163,0.935,2.035,0.741,0.267,0.12,1.638,0.0
2.297,1.682,1.327,1.461,2.247,0.914,0.401,0.161,2.154,0.174
2.166,1.8,1.991,1.103,2.113,1.142,0.29,0.057,2.027,0.3
3.162,2.969,2.846,2.209,2.664,1.97,0.829,0.622,2.815,0.267
2.161,1.995,2.175,1.215,2.406,0.905,0.59,0.441,2.142,0.151
2.748,2.86,2.1,1.86,2.636,1.687,1.235,0.552,2.39,0.595
3.436,3.186,3.068,2.541,2.664,2.079,0.999,0.656,2.832,0.403
1.442,1.814,0.989,1.061,1.727,0.816,0.252,0.331,1.771,0.102
2.877,2.518,2.211,1.664,2.136,1.468,0.237,0.192,2.355,0.193
2.939,2.381,2.121,2.167,2.371,1.388,0.515,0.242,1.91,0.336
3.052,2.876,2.506,2.315,2.661,1.482,0.461,0.172,2.348,0.306
2.798,2.288,2.236,1.745,2.55,1.28,0.668,0.553,2.614,0.367
2.17,1.96,2.061,1.351,2.214,1.299,0.322,0.147,2.19,0.29
2.404,1.786,1.336,1.512,2.075,1.061,0.2,0.423,1.859,0.001
2.855,2.31,2.355,1.934,2.509,1.44,0.826,0.771,2.34,0.39
2.994,2.519,2.405,2.067,2.682,1.694,0.435,0.358,2.666,0.168
3.235,3.272,2.662,2.72,2.646,2.064,0.786,0.489,2.721,0.392
3.755,3.375,3.016,2.592,2.983,2.04,0.932,0.562,2.958,0.574
1.147,1.122,0.629,0.928,1.899,0.612,0.265,0.016,1.598,0.125
3.387,3.339,3.005,2.488,2.722,1.93,1.854,1.224,3.141,0.763
2.693,2.583,2.561,1.852,2.396,1.554,0.205,0.246,2.291,0.124
3.144,3.453,2.992,2.656,2.637,2.009,0.452,0.378,2.54,0.703
2.882,2.383,2.141,1.582,2.458,1.673,0.807,0.67,2.152,0.347
2.786,2.71,2.557,2.097,2.705,1.943,0.615,0.373,2.372,0.695
3.444,3.013,2.995,2.599,2.891,2.779,2.832,2.238,3.174,0.891
2.128,2.497,1.845,1.278,2.25,1.26,0.586,0.404,2.442,0.18
2.652,2.449,2.434,1.904,2.424,1.476,0.579,0.404,2.591,0.318
1.442,1.814,0.989,1.061,1.727,0.816,0.252,0.331,1.771,0.102
2.459,2.032,1.69,1.445,2.231,1.039,0.288,0.203,1.964,0.196
1.376,1.466,1.002,0.913,2.067,0.838,0.421,0.284,1.983,0.152
3.348,3.134,3.179,2.678,2.628,1.729,0.562,0.373,2.844,0.553
2.898,2.825,2.549,1.977,2.46,1.337,0.554,0.228,2.668,0.246
2.105,1.943,1.721,1.252,2.216,0.893,0.357,0.378,1.588,0.363
3.109,3.035,2.827,2.688,2.688,1.984,0.728,0.572,2.208,0.788
1.601,1.358,0.819,0.93,1.915,0.461,0.101,0.076,1.74,0.087
1.742,1.367,1.038,1.089,2.181,0.855,0.412,0.303,1.766,0.0
1.703,1.538,1.261,1.185,2.004,0.777,1.283,0.799,1.987,0.176
2.977,2.58,2.443,1.963,2.476,1.422,0.298,0.307,2.433,0.509
1.031,0.857,0.574,0.537,1.891,0.249,0.06,0.045,1.194,0.0
2.299,2.132,2.2,1.73,2.182,1.023,0.34,0.227,2.069,0.374
1.963,1.853,1.481,1.226,2.35,0.75,0.216,0.258,1.494,0.054
1.412,1.035,0.84,1.08,2.053,0.599,0.052,0.013,1.777,0.052
1.866,1.82,1.435,1.436,1.794,1.045,0.29,0.379,1.888,0.115
1.959,1.66,1.155,1.243,2.298,0.928,0.518,0.422,1.874,0.257
1.481,0.897,0.708,0.721,1.994,0.566,0.191,0.506,1.662,0.056
1.485,1.403,1.114,0.784,2.064,0.631,0.254,0.098,1.261,0.047
1.723,1.347,1.126,1.14,2.065,0.66,0.384,0.256,1.651,0.147
3.153,3.57,3.413,2.967,3.028,2.363,0.741,0.323,3.248,0.661
1.88,1.877,1.779,1.447,2.203,1.102,0.272,0.185,1.555,0.128
2.366,2.364,1.907,1.805,2.609,1.501,0.596,0.423,2.487,0.276
3.255,3.049,2.925,2.641,2.759,1.472,1.133,0.652,2.713,0.471
2.603,2.323,2.027,1.726,2.273,1.266,0.354,0.172,2.009,0.1
3.096,3.005,2.694,2.399,2.649,1.708,1.763,0.755,3.029,0.393
2.959,2.42,1.754,2.009,2.355,1.398,1.765,1.013,2.367,0.403
3.059,2.901,2.48,2.432,2.326,1.385,1.201,0.768,2.612,0.392
3.385,3.401,3.304,3.348,2.907,2.164,0.977,0.355,3.029,0.927
2.008,1.575,1.397,0.85,2.095,0.627,0.36,0.143,1.751,0.022
1.937,1.949,1.902,1.716,2.354,1.093,0.746,0.327,2.274,0.216
2.515,2.687,2.077,1.905,2.256,1.06,0.698,0.292,2.379,0.297
2.409,2.605,2.125,1.545,2.435,1.153,1.248,0.59,2.571,0.186
2.991,3.103,2.736,2.373,2.651,1.841,1.329,0.408,2.876,0.534
2.977,2.362,2.041,1.751,2.167,1.328,0.262,0.318,2.209,0.127
2.741,2.755,2.615,2.137,2.485,1.887,0.958,0.328,2.714,0.434
2.389,2.447,2.426,2.223,2.38,1.453,0.432,0.115,2.297,0.24
1.17,0.98,0.701,0.732,1.747,0.771,0.166,0.205,1.749,0.0
1.68,1.66,1.899,1.375,2.201,1.056,1.009,0.456,1.906,0.18
2.806,2.52,1.922,1.869,2.378,1.626,0.786,0.622,2.224,0.188
2.837,2.517,2.545,2.11,2.46,1.403,0.542,0.39,2.484,0.457
2.176,2.516,1.643,1.457,2.104,1.097,0.395,0.246,1.999,0.273
3.328,3.082,2.981,2.347,2.436,1.701,0.711,0.245,2.821,0.793
3.78,3.555,3.617,2.957,2.769,2.735,0.785,0.622,3.27,0.987
3.549,3.429,3.215,2.481,3.016,2.105,1.058,0.609,3.045,0.766
3.289,3.44,3.035,2.972,3.282,2.423,0.781,0.401,2.705,0.692
2.545,2.443,2.034,1.937,2.358,1.326,0.561,0.453,2.151,0.287
1.831,1.611,1.445,1.16,2.14,0.831,0.34,0.375,1.897,0.153
1.736,1.985,1.486,1.396,1.866,0.701,0.133,0.159,1.766,0.081
3.03,2.97,2.907,2.554,2.686,2.119,0.748,0.339,2.725,0.554
2.778,2.724,2.569,2.166,2.634,1.902,0.891,0.349,2.861,0.535
3.659,3.431,3.261,2.647,2.908,2.122,1.818,1.217,2.965,0.737
1.12,0.949,0.516,0.8,2.015,0.662,0.267,0.147,1.407,0.043
3.307,3.583,3.351,2.747,2.907,2.172,1.32,0.697,3.057,0.672
2.879,2.414,1.885,1.692,2.421,1.346,0.447,0.252,2.138,0.014
2.83,2.588,2.14,2.236,2.475,1.739,0.928,0.278,2.533,0.461
0.51,0.908,0.679,0.561,1.768,0.515,0.173,0.081,1.58,0.07
1.7,1.277,0.997,0.874,2.315,0.854,0.395,0.177,1.84,0.085
2.985,2.677,2.494,1.789,2.587,1.688,0.997,0.673,2.523,0.373
2.336,2.182,1.461,1.382,2.163,0.813,0.293,0.164,2.491,0.142
3.277,3.332,2.924,2.042,2.676,1.921,0.881,0.416,2.746,0.148
3.381,3.152,2.865,2.463,2.764,1.596,1.054,0.466,2.892,0.367
2.438,1.986,1.857,1.444,2.236,1.184,0.323,0.257,2.147,0.216
2.648,2.249,2.157,1.805,2.271,1.003,1.275,0.525,2.212,0.215
3.027,2.774,2.495,2.033,2.525,2.118,1.392,1.322,2.791,0.334
2.67,2.631,2.224,1.733,2.358,1.259,0.312,0.154,2.027,0.244
2.877,2.853,1.93,2.152,2.398,1.59,1.385,1.37,2.727,0.307
2.551,2.488,1.976,1.828,2.372,1.759,0.706,0.511,2.347,0.19
2.914,3.038,2.452,2.381,2.464,1.391,0.676,0.455,2.513,0.415
0.0,0.0,0.0,0.0,1.54,0.15,0.019,0.106,0.801,0.0
3.305,3.395,3.246,2.634,2.551,1.649,0.565,0.25,2.968,0.759
3.601,3.657,3.192,3.048,3.062,2.141,1.089,0.85,2.989,0.886
3.279,2.958,2.757,2.518,2.586,2.228,1.406,0.743,2.699,0.618
2.284,1.765,1.659,1.32,2.422,1.376,0.539,0.297,1.777,0.048
2.847,2.797,2.427,2.135,2.541,1.468,0.709,0.273,2.265,0.397
0.293,0.126,0.063,0.19,1.735,0.168,0.023,0.184,1.119,0.014
3.375,3.232,2.686,2.389,2.828,1.701,2.112,1.303,2.642,0.505
2.83,2.701,2.577,2.046,2.458,1.67,1.223,0.729,2.716,0.337
3.062,2.275,2.087,2.115,2.052,1.37,1.575,0.59,2.6,0.325
3.044,3.154,2.962,2.231,2.594,1.784,0.821,0.693,2.586,0.574
2.977,2.999,2.63,2.17,2.746,1.743,1.348,0.959,2.885,0.485
2.677,2.027,1.882,1.599,2.326,1.312,0.409,0.373,2.396,0.318
3.182,3.172,2.956,2.353,2.666,1.857,1.051,0.757,2.679,0.562
2.569,2.604,2.409,1.832,2.321,1.299,0.584,0.389,2.299,0.196
2.773,2.765,2.396,2.307,2.433,1.052,0.424,0.157,2.09,0.29
1.595,2.097,1.177,0.96,2.017,0.731,0.378,0.27,2.013,0.019
3.192,3.205,2.781,2.577,3.027,2.617,1.196,0.476,2.777,0.574
1.883,1.568,1.113,1.097,1.973,0.582,0.443,0.149,1.923,0.108
0.659,0.505,0.632,0.274,1.915,0.369,0.15,0.008,1.426,0.0
0.798,0.471,0.339,0.242,1.71,0.162,0.049,0.177,1.214,0.0
2.9,2.462,2.113,1.511,2.378,1.173,1.163,0.732,2.463,0.415
1.693,1.725,1.045,0.599,2.466,1.156,0.452,0.17,1.828,0.133
3.52,3.175,3.155,2.383,2.792,2.089,1.121,0.437,2.79,0.719
0.145,0.447,0.241,0.244,1.941,0.176,0.165,0.116,1.265,0.034
2.57,2.213,2.027,1.411,2.096,1.041,0.259,0.263,1.877,0.184
2.128,2.433,2.224,1.914,2.462,1.377,0.474,0.272,2.184,0.075
1.823,1.55,1.285,0.969,2.142,0.467,0.385,0.25,1.754,0.125
1.059,1.513,1.243,1.001,2.1,0.84,0.395,0.477,1.818,0.069
1.709,1.806,1.247,1.321,2.068,1.261,0.363,0.377,1.891,0.125
2.934,2.7,2.263,1.846,2.328,1.416,0.978,0.585,2.505,0.224
2.607,1.9,1.846,1.635,2.248,1.282,0.232,0.292,2.154,0.19
2.12,1.642,1.452,1.022,2.054,0.624,0.248,0.018,1.954,0.037
2.644,2.521,2.209,1.721,2.399,1.31,0.371,0.274,2.346,0.106
0.909,0.771,0.588,0.462,1.52,0.425,0.0,0.073,1.534,0.0
1.898,1.673,1.309,1.018,1.981,0.359,0.158,0.133,1.335,0.0
2.214,2.037,1.597,1.353,2.181,1.334,0.923,0.435,1.936,0.233
1.832,1.597,0.831,0.687,1.889,0.487,0.316,0.166,1.92,0.076
2.741,2.602,2.11,2.06,2.334,1.308,0.814,0.454,2.501,0.319
2.136,1.745,1.375,1.0,2.041,0.672,0.241,0.153,1.694,0.166
1.333,1.095,0.883,0.425,2.137,0.465,0.161,0.055,1.849,0.026
2.507,2.794,2.264,2.091,2.276,1.574,0.757,0.495,2.436,0.367
3.306,3.122,2.89,2.294,2.234,2.22,0.788,0.164,2.803,0.417
3.08,3.092,2.938,2.601,3.029,1.843,0.42,0.234,2.626,0.211
3.456,3.286,3.093,2.629,2.582,2.037,1.03,0.451,2.827,0.534
3.109,2.513,2.494,2.068,2.623,1.507,0.6,0.274,2.593,0.067
2.692,2.635,2.11,2.122,2.678,1.823,0.671,0.24,2.473,0.675
3.215,3.242,2.712,2.312,2.707,2.21,1.964,1.034,2.85,0.362
2.243,1.967,1.585,1.386,2.198,0.799,0.303,0.283,2.273,0.162
2.895,2.512,2.322,1.553,2.343,1.221,0.758,0.371,2.248,0.459
2.069,1.543,1.271,0.923,1.962,0.757,0.357,0.19,1.911,0.111
3.082,2.807,2.254,2.316,2.515,1.719,1.022,0.468,2.336,0.505
3.156,2.788,2.86,2.152,2.531,1.871,1.272,0.914,2.793,0.482
3.298,3.144,2.95,2.325,3.085,2.092,2.412,1.842,3.255,0.457
3.347,3.127,2.6,1.947,2.802,1.715,0.743,0.416,2.923,0.212
3.179,3.115,2.698,2.297,2.503,1.615,0.877,0.917,2.749,0.498
3.04,3.147,2.768,2.453,2.735,1.564,0.489,0.414,2.775,0.643
2.355,1.883,1.542,1.494,2.279,1.02,0.761,0.64,1.979,0.16
0.239,0.472,0.485,0.559,1.579,0.299,0.248,0.0,1.087,0.038
3.331,3.345,3.004,2.682,2.671,1.931,1.209,0.782,3.207,0.449
2.358,2.459,2.502,1.843,2.323,1.552,0.536,0.128,2.207,0.306
2.763,3.191,2.917,2.494,2.742,1.615,1.461,0.463,2.516,0.927
2.961,2.824,2.32,1.808,2.518,1.215,0.687,0.389,2.493,0.261
0.77,0.74,0.671,0.496,1.864,0.389,0.21,0.147,1.637,0.0
0.954,1.0,0.865,0.83,1.914,0.845,0.311,0.13,1.889,0.021
3.218,3.07,3.087,2.653,2.73,2.061,0.568,0.227,2.825,0.683
2.395,2.568,2.463,1.997,2.369,1.497,0.548,0.161,2.496,0.198
2.518,2.384,1.855,1.445,2.272,1.466,1.083,0.747,2.429,0.411
1.034,0.696,0.625,0.458,1.914,0.37,0.143,0.143,1.187,0.018
2.58,2.574,2.426,1.981,2.339,1.085,0.439,0.102,2.329,0.253
2.613,2.143,1.821,1.17,2.268,1.01,0.259,0.132,1.672,0.0
1.009,0.787,0.621,0.809,1.884,0.697,0.248,0.081,1.691,0.173
2.96,2.925,2.618,2.259,2.69,1.673,1.083,0.833,2.662,0.357
2.681,2.309,2.378,2.05,2.333,1.326,0.336,0.098,2.156,0.216
2.198,1.774,1.834,1.56,2.134,0.83,0.182,0.072,1.898,0.076
2.394,2.228,1.609,1.393,2.283,1.554,0.274,0.144,2.202,0.135
3.236,3.288,2.737,2.355,2.671,1.701,1.547,1.284,2.885,0.231
3.71,3.482,3.223,2.722,3.02,2.072,2.235,2.166,3.242,0.432
3.106,2.653,2.462,1.909,2.62,1.934,0.952,0.72,2.359,0.437
2.346,2.152,1.563,1.061,2.123,1.08,0.135,0.103,1.902,0.108
2.005,1.47,1.289,1.226,2.066,0.813,0.223,0.212,1.338,0.0
3.776,3.45,3.141,2.807,3.002,2.245,3.205,3.045,3.177,0.704
2.97,2.539,2.22,2.149,2.525,1.557,0.538,0.305,2.493,0.271
2.665,2.405,1.542,1.52,2.371,1.316,0.349,0.191,2.255,0.202
2.16,1.631,0.959,0.976,2.112,0.79,0.559,0.619,1.849,0.024
3.09,2.676,2.73,1.875,2.517,1.773,0.324,0.26,2.557,0.4
2.1,1.696,1.364,1.258,2.03,0.937,0.492,0.061,1.926,0.117
3.541,3.168,3.196,2.703,2.883,1.787,0.929,0.466,2.955,0.474
2.326,2.003,1.648,1.567,1.978,0.848,0.316,0.261,2.0,0.111
2.887,3.059,2.766,2.2,2.597,1.555,0.495,0.101,2.55,0.372
2.788,2.609,2.448,2.012,2.419,1.496,0.632,0.523,2.618,0.286
0.889,1.132,0.645,0.45,1.859,0.351,0.331,0.214,1.465,0.052
2.003,1.767,1.48,1.278,2.003,0.892,0.569,0.458,1.753,0.256
3.224,2.789,2.517,2.33,2.601,1.663,0.603,0.428,2.751,0.628
2.891,2.948,2.562,1.874,2.807,1.643,1.997,1.461,2.66,0.417
2.729,2.524,2.172,2.083,2.617,1.75,0.754,0.147,2.606,0.281
1.974,2.152,1.828,1.603,2.201,0.874,0.074,0.028,1.926,0.0
1.881,1.802,1.624,1.438,2.138,1.073,0.669,0.463,1.952,0.154
2.802,2.434,2.379,2.031,2.456,2.053,0.897,0.176,2.498,0.387
2.996,2.75,2.336,1.901,2.639,1.576,0.665,0.377,2.393,0.431
3.542,3.163,2.594,2.91,2.811,2.34,1.541,0.811,2.95,0.268
2.732,2.495,2.239,1.645,2.318,1.148,0.792,0.651,2.421,0.202
2.887,2.913,2.928,2.703,2.572,1.753,0.756,0.277,2.645,0.188
1.94,1.719,1.057,1.54,2.11,0.649,0.279,0.145,1.75,0.12
3.206,2.787,2.597,2.002,2.601,1.31,0.778,0.454,2.588,0.364
3.069,3.026,2.839,2.289,2.63,1.689,0.196,0.112,2.494,0.445
0.73,0.988,0.832,0.856,1.915,0.663,0.405,0.293,1.603,0.071
2.543,2.095,1.574,1.409,2.253,1.446,0.7,0.256,2.071,0.318
2.881,2.491,2.53,1.913,2.426,1.595,0.533,0.328,2.529,0.362
3.846,3.739,3.382,2.988,2.74,2.569,0.777,0.585,2.808,0.966
1.449,1.667,1.383,1.218,1.832,0.972,0.202,0.212,1.665,0.05
2.892,2.634,2.455,1.986,2.564,1.468,0.38,0.231,2.288,0.231
3.804,3.831,3.589,3.338,2.764,2.496,1.884,1.149,3.202,0.711
2.68,2.536,2.152,1.617,2.511,1.117,0.527,0.368,1.908,0.298
2.672,2.033,2.163,1.974,2.473,1.233,0.845,0.495,2.384,0.158
3.098,2.99,2.748,2.176,2.591,1.682,0.403,0.253,2.724,0.68
1.031,1.204,0.745,0.938,1.786,0.713,0.285,0.108,1.895,0.0
0.608,0.528,0.4,0.459,1.666,0.334,0.164,0.092,1.195,0.016
3.049,2.815,2.677,2.237,2.472,1.498,0.536,0.27,2.562,0.639
2.801,2.625,3.015,2.374,2.532,1.588,0.593,0.392,2.322,0.388
2.942,2.706,2.795,2.215,2.493,2.213,0.365,0.437,2.571,0.68
2.742,2.946,2.392,2.106,2.483,2.062,1.08,0.582,2.478,0.306
1.526,1.441,1.225,1.037,2.189,0.985,0.274,0.512,1.964,0.172
1.135,1.536,0.819,0.775,1.948,0.808,0.404,0.223,1.288,0.076
2.034,1.619,1.218,1.363,2.064,1.114,0.215,0.067,2.003,0.254
3.598,3.658,3.13,3.349,2.984,2.887,1.109,0.532,3.041,1.254
2.805,2.288,2.091,1.634,2.515,1.372,0.607,0.277,2.072,0.281
3.29,2.737,2.743,2.392,2.624,1.403,0.817,0.592,2.296,0.277
2.165,1.617,1.532,1.321,2.13,1.153,0.598,0.407,2.124,0.076
2.375,2.572,1.996,1.66,2.537,1.475,0.388,0.278,2.059,0.366
3.463,3.381,3.11,3.134,3.002,2.157,0.373,0.259,2.871,0.992
2.411,1.853,1.694,1.696,2.152,1.248,0.65,0.29,1.958,0.07
3.35,3.157,3.107,2.962,2.898,2.179,0.82,0.192,2.81,1.115
2.051,1.764,1.246,1.535,1.999,1.038,0.4,0.242,2.191,0.205
0.348,0.513,0.563,0.476,1.868,0.433,0.294,0.414,1.763,0.232
2.499,2.324,1.637,1.612,2.561,1.156,0.523,0.325,1.857,0.165
2.3,1.607,1.72,1.5,2.222,1.207,0.692,0.249,1.953,0.084
3.452,3.179,2.724,2.447,2.535,1.89,1.279,0.69,2.622,0.976
3.542,3.806,3.308,2.969,3.249,2.889,3.746,3.175,3.412,0.844
3.172,3.072,2.688,2.127,2.396,1.763,0.864,0.294,2.734,0.544
2.898,2.366,2.321,2.051,2.548,2.105,0.604,0.426,2.366,0.411
1.784,1.598,1.249,1.045,1.97,1.013,0.167,0.205,1.985,0.0
3.728,3.522,3.216,2.84,3.111,2.276,2.466,1.888,3.269,0.595
3.103,2.873,2.574,2.217,2.472,1.371,0.786,0.142,2.434,0.278
2.859,2.373,2.633,1.887,2.515,1.301,0.776,0.425,2.671,0.216
2.95,2.733,2.34,1.855,2.635,1.766,0.854,0.395,2.567,0.325
3.484,2.854,2.67,2.499,2.67,1.686,1.121,0.634,2.823,0.651
1.916,1.409,1.213,1.146,2.107,0.558,0.461,0.234,1.644,0.24
1.744,1.396,0.98,1.059,1.993,0.811,0.171,0.135,1.144,0.08
3.188,2.638,2.393,2.337,2.558,1.74,0.577,0.132,2.57,0.275
1.048,0.733,0.578,0.411,1.934,0.466,0.161,0.082,1.582,0.003
3.637,3.381,3.105,2.602,2.792,2.336,1.409,0.672,2.949,1.104
3.038,2.936,2.82,2.379,2.989,1.943,0.671,0.481,2.705,0.397
2.83,2.487,2.306,2.027,2.261,1.353,1.161,1.503,2.438,0.329
0.604,0.732,0.635,0.295,1.759,0.473,0.389,0.171,1.177,0.027
2.265,2.143,2.049,1.711,2.111,1.071,0.336,0.168,2.006,0.274
1.382,1.507,1.526,0.722,1.923,0.393,0.262,0.074,1.746,0.0
3.649,3.572,3.203,2.8,2.949,2.687,0.985,0.607,3.302,0.537
3.337,2.918,2.807,2.359,2.811,1.974,0.801,0.344,2.987,0.588
1.209,1.51,0.981,0.565,1.914,0.941,0.123,0.168,1.857,0.062
3.467,2.818,2.419,2.262,2.63,1.938,0.935,1.01,2.706,0.293
2.513,2.288,2.184,2.122,2.479,1.38,0.531,0.401,2.281,0.552
3.149,2.929,2.846,2.321,2.478,1.786,1.12,0.805,2.67,0.343
2.632,2.363,1.916,1.757,2.193,1.252,0.56,0.327,1.745,0.241
1.471,1.416,1.448,1.129,2.082,0.938,0.601,0.452,1.803,0.171
1.814,1.643,2.008,1.275,2.311,1.208,0.43,0.194,1.761,0.368
3.302,3.5,3.039,2.877,2.704,2.427,2.013,1.989,2.764,0.687
2.949,2.95,2.302,1.987,2.734,1.373,0.616,0.399,2.35,0.528
3.452,3.231,3.095,2.626,3.109,2.183,1.246,0.626,2.662,0.926
2.252,2.147,1.642,1.56,2.423,1.231,0.168,0.211,2.091,0.052
3.077,2.497,2.306,1.786,2.452,1.247,1.225,0.826,2.34,0.243
3.013,2.867,2.559,1.826,1.946,1.239,0.828,0.292,2.472,0.346
2.436,1.682,2.05,1.49,2.248,1.245,0.517,0.371,2.126,0.127
1.637,0.998,1.0,0.949,2.141,0.529,0.255,0.172,1.763,0.0
3.25,3.049,2.612,2.57,2.87,1.921,0.623,0.447,2.584,0.52
2.721,2.7,2.423,2.307,2.357,1.77,0.726,0.414,2.51,0.328
1.926,1.873,1.516,1.403,2.376,0.943,0.681,0.362,1.92,0.392
2.034,1.805,1.032,1.029,1.945,0.591,0.464,0.149,1.842,0.029
2.306,2.106,1.563,1.426,2.205,1.309,0.45,0.159,2.163,0.138
1.662,1.593,0.864,1.125,1.929,0.664,0.319,0.218,1.487,0.104
3.232,2.886,2.569,2.294,2.577,1.66,0.26,0.223,2.464,0.192
3.41,3.676,3.041,2.583,3.063,2.65,2.975,1.671,3.187,0.769
3.089,2.586,2.327,1.939,2.365,1.306,0.565,0.188,2.409,0.152
1.395,1.137,0.333,0.523,1.937,0.134,0.295,0.221,1.675,0.0
2.761,1.862,1.08,1.708,2.183,1.274,0.625,0.502,1.833,0.141
2.447,2.062,1.696,1.381,2.221,1.076,0.397,0.257,2.28,0.114
1.838,1.758,1.455,1.008,1.98,0.793,0.2,0.094,1.699,0.147
1.708,1.198,1.329,1.045,2.076,0.872,0.275,0.268,1.743,0.159
0.705,0.618,0.403,0.443,1.819,0.2,0.165,0.087,1.286,0.0
0.114,0.315,0.201,0.061,1.862,0.133,0.101,0.0,0.929,0.0
1.348,1.046,1.011,0.859,1.75,0.941,0.412,0.004,1.662,0.033
2.372,1.956,1.426,1.608,2.267,1.059,0.427,0.151,2.313,0.314
2.691,2.671,2.458,1.838,2.386,1.449,0.875,0.453,2.268,0.152
1.241,0.941,0.695,0.261,1.466,0.696,0.171,0.346,1.441,0.0
2.949,2.487,1.993,1.954,2.415,1.328,1.179,1.244,2.479,0.403
1.857,1.977,1.849,1.45,2.087,0.877,0.111,0.1,2.348,0.147
3.554,3.47,3.26,2.941,2.982,2.844,1.641,1.329,3.023,1.085
3.406,3.093,2.756,2.421,2.761,1.627,0.87,0.665,2.815,0.351
3.658,3.109,2.749,2.489,2.715,1.864,1.018,0.512,2.56,0.466
2.891,2.446,2.482,2.207,2.392,1.433,0.779,0.41,2.432,0.134
2.77,2.515,2.352,1.899,2.505,1.857,0.408,0.249,2.545,0.133
3.131,2.962,2.37,2.4,2.414,1.819,1.608,0.353,2.544,0.404
3.214,2.606,2.917,2.032,2.667,2.048,1.212,0.908,2.867,0.3
2.743,2.03,1.77,1.456,2.49,1.109,0.19,0.146,1.873,0.222
3.561,3.251,3.158,2.783,3.144,2.825,2.194,1.211,3.219,0.587
1.303,1.075,1.201,0.991,2.026,0.853,0.248,0.19,1.358,0.018
2.805,1.963,1.894,1.437,2.44,1.249,0.388,0.393,2.234,0.205
3.374,2.515,2.696,2.289,2.994,1.715,0.548,0.407,2.966,0.269
3.139,3.064,2.803,2.472,2.842,2.212,1.577,1.078,2.693,0.603
1.437,1.494,1.678,0.88,1.799,0.78,0.41,0.168,1.715,0.111
1.998,1.755,1.621,1.244,2.044,1.069,0.329,0.157,1.927,0.026
3.071,3.177,2.83,2.395,2.763,2.251,1.056,0.341,2.785,0.271
2.608,2.1,1.657,1.59,2.374,0.839,0.588,0.194,2.407,0.243
1.073,0.95,0.414,0.654,1.899,0.521,0.126,0.06,1.481,0.055
2.521,2.489,2.073,1.897,2.556,1.473,0.574,0.309,2.102,0.376
2.242,2.079,1.802,1.424,2.135,1.352,0.926,0.552,2.339,0.429
2.808,2.224,2.152,1.654,2.331,1.118,0.704,0.594,2.109,0.266
1.887,1.992,1.317,1.226,2.345,1.083,0.212,0.103,2.191,0.101
2.211,1.668,1.398,1.427,2.012,0.882,0.415,0.102,1.799,0.347
2.918,2.905,2.485,1.983,2.724,1.515,0.813,0.569,2.812,0.598
3.411,3.261,2.97,2.285,3.001,1.617,0.532,0.359,2.831,0.349
2.394,2.655,2.238,2.132,2.362,1.246,0.827,0.246,2.169,0.289
3.311,3.015,2.96,2.62,2.915,2.151,1.447,0.83,3.243,0.215
1.848,1.481,1.163,0.935,2.288,0.936,0.446,0.254,1.908,0.015
3.072,2.885,2.23,1.954,2.548,1.989,1.354,0.461,2.651,0.268
1.073,0.793,0.574,0.739,1.974,0.658,0.583,0.205,1.138,0.097
2.446,2.4,1.984,1.355,2.21,1.403,0.288,0.183,2.151,0.056
2.858,2.673,2.124,1.95,2.469,1.511,0.726,0.409,2.219,0.31
2.547,2.706,2.196,2.033,2.439,1.697,0.828,0.385,2.483,0.19
2.686,2.445,2.496,1.559,2.125,1.229,0.532,0.21,2.071,0.136
2.104,1.987,1.767,1.191,2.225,0.919,0.953,1.054,2.358,0.344
3.093,2.823,2.737,2.423,2.663,1.771,0.415,0.092,2.648,0.19
3.565,3.522,3.447,2.94,3.316,2.453,0.841,0.529,3.171,0.618
2.286,2.346,1.887,1.818,2.157,1.109,0.263,0.209,2.371,0.086
3.071,2.777,2.54,2.173,2.506,1.592,0.628,0.391,2.454,0.537
3.809,3.171,3.061,2.611,3.046,1.898,1.35,1.332,3.166,0.703
2.853,2.901,2.513,2.26,2.396,2.037,0.985,0.233,2.343,0.315
3.268,3.207,2.908,2.625,2.929,1.852,0.451,0.026,2.644,0.714
2.533,2.589,2.079,1.943,2.227,1.196,0.696,0.4,2.567,0.214
3.125,3.326,2.774,2.152,2.832,1.718,1.881,1.304,2.919,0.438
3.203,3.082,2.933,2.144,2.366,1.678,0.638,0.479,2.751,0.475
2.578,3.104,2.467,2.188,2.682,1.762,0.706,0.125,2.405,0.664
3.491,2.955,3.192,2.853,2.665,2.11,0.841,0.538,2.527,0.749
1.962,1.915,1.495,1.817,2.085,1.158,0.638,0.385,2.161,0.266
3.652,3.421,3.271,2.753,2.948,1.765,1.399,0.853,2.98,1.084
2.823,3.03,2.224,1.992,2.662,1.592,1.293,1.306,2.627,0.349
2.506,2.635,2.466,1.926,2.282,1.327,0.491,0.221,2.549,0.398
3.031,3.15,2.821,2.399,2.782,1.883,0.939,0.79,2.653,0.167
2.029,1.991,1.48,1.122,2.052,0.798,0.266,0.056,1.85,0.171
3.328,2.992,2.364,2.307,2.796,2.258,1.155,0.67,2.88,0.381
3.235,3.001,2.567,2.067,2.535,2.173,1.52,1.245,2.784,0.329
3.851,3.467,3.174,2.989,3.62,3.157,2.107,1.803,3.143,0.982
2.405,2.144,2.1,1.573,2.505,1.377,0.552,0.28,2.337,0.051
1.244,1.196,0.639,0.376,2.068,0.64,0.137,0.279,1.542,0.044
3.161,2.736,2.332,2.322,2.403,1.866,0.582,0.261,2.855,0.336
2.058,1.882,2.118,1.641,2.079,0.909,0.317,0.142,2.175,0.27
2.877,2.797,2.63,2.221,2.447,1.547,0.533,0.291,2.574,0.291
3.517,2.917,2.653,2.187,2.952,1.957,0.668,0.239,2.504,0.564
2.94,3.064,2.706,2.559,2.95,1.752,0.343,0.278,2.617,0.532
2.709,2.333,1.85,2.062,2.583,1.443,0.546,0.211,2.245,0.357
2.607,2.656,2.194,1.397,2.287,1.176,0.809,0.639,2.095,0.171
3.249,3.46,2.915,3.112,3.207,2.612,0.611,0.478,2.884,0.887
3.383,2.658,2.188,2.395,2.697,1.748,1.508,1.176,2.341,0.622
0.747,1.121,0.68,0.502,1.931,0.6,0.097,0.145,1.666,0.026
3.015,2.917,2.512,2.187,2.566,1.853,0.504,0.271,2.512,0.506
2.789,2.799,2.42,1.907,2.426,1.395,0.597,0.203,2.425,0.449
3.028,2.659,2.026,2.304,2.875,1.568,0.917,0.477,2.215,0.108
3.165,2.893,2.62,2.268,2.499,1.519,0.655,0.403,2.563,0.536
3.122,3.22,3.079,2.296,2.676,1.539,1.274,1.017,3.013,0.34
0.764,0.854,0.216,0.371,1.844,0.326,0.15,0.218,1.665,0.036
3.001,2.841,2.375,1.958,2.595,1.416,0.436,0.125,2.631,0.416
3.536,3.094,2.677,2.354,2.962,2.145,1.146,0.724,2.812,0.632
3.208,3.161,2.402,1.979,2.465,1.727,0.559,0.34,2.856,0.271
3.117,2.785,2.671,2.032,2.708,1.821,1.045,0.548,2.645,0.556
1.854,1.463,1.326,0.944,2.093,0.671,0.342,0.279,1.732,0.145
2.682,2.469,2.105,1.981,2.357,1.548,0.888,0.454,2.537,0.451
3.138,2.919,2.627,2.478,2.748,2.192,0.827,0.142,2.602,0.679
2.831,2.56,2.429,2.302,2.49,1.495,0.346,0.292,2.391,0.393
3.345,2.934,2.732,2.343,2.499,1.749,1.167,0.824,2.733,0.445
3.278,2.727,2.753,2.58,2.611,1.855,0.958,0.435,2.613,0.203
2.612,2.608,2.185,1.611,2.42,1.031,0.246,0.127,2.372,0.087
2.202,1.567,1.64,1.607,2.024,1.113,0.364,0.135,1.671,0.0
1.708,2.126,1.398,1.155,1.996,1.21,0.283,0.283,1.982,0.025
1.739,1.385,0.664,1.125,2.077,0.869,0.262,0.25,1.578,0.091
0.909,0.941,0.654,0.649,2.012,0.36,0.192,0.11,1.013,0.0
1.136,0.944,0.813,1.102,1.934,0.418,0.198,0.143,1.406,0.091
2.957,3.064,2.849,2.531,2.636,2.173,0.779,1.041,2.844,0.63
2.88,2.231,2.248,2.088,2.613,1.5,1.158,0.657,2.176,0.275
3.046,2.88,2.671,2.207,2.297,1.352,0.391,0.078,2.205,0.21
3.333,3.182,3.122,2.225,2.71,1.82,0.482,0.404,2.856,0.357
2.581,2.467,2.109,1.71,2.257,1.275,0.911,0.274,2.565,0.276
3.212,3.208,3.01,2.701,2.736,2.133,0.618,0.376,2.876,0.44
3.163,3.144,2.82,2.176,2.644,1.834,1.722,1.616,2.718,0.624
2.196,2.169,1.874,1.325,2.117,0.977,0.124,0.321,1.757,0.162
2.8,2.564,2.217,2.337,2.542,1.641,0.66,0.677,2.429,0.659
2.584,2.849,2.265,2.206,2.308,1.654,0.413,0.082,2.272,0.242
2.199,1.364,1.108,1.149,2.003,1.016,0.363,0.257,1.794,0.163
3.375,3.003,2.793,2.661,2.959,1.95,1.105,0.443,2.928,0.345
2.945,2.801,2.459,2.099,2.988,1.5,0.734,0.307,2.778,0.253
0.752,1.417,0.936,0.878,2.02,0.656,0.265,0.161,1.766,0.2
3.007,2.827,1.96,1.729,2.161,1.292,1.415,1.075,2.496,0.275
3.517,3.454,3.424,2.81,3.038,2.483,1.213,0.826,3.112,0.811
2.456,2.708,2.405,2.106,2.584,1.789,0.288,0.253,2.215,0.292
2.285,1.478,1.319,0.726,2.189,0.667,0.18,0.137,1.524,0.112
1.728,2.043,1.679,1.069,2.096,1.086,0.676,0.338,1.867,0.511
3.46,3.186,2.891,2.547,2.713,1.789,0.805,0.234,2.794,0.213
2.495,2.139,1.679,1.883,2.641,1.326,0.33,0.223,2.019,0.123
4.0,4.0,3.761,3.343,3.402,3.307,3.542,3.46,3.664,1.451
1.308,1.393,0.39,0.634,1.877,0.712,0.184,0.134,1.348,0.034
3.453,3.34,2.903,2.95,3.072,2.015,1.109,0.381,3.255,0.664
3.255,3.359,2.826,2.779,2.88,1.245,0.401,0.193,2.674,0.255
1.393,1.315,1.319,1.368,1.846,0.964,0.244,0.013,1.724,0.178
3.318,2.957,2.808,2.304,2.527,1.68,0.344,0.381,2.559,0.295
2.456,2.075,2.207,1.665,2.434,1.325,0.464,0.298,2.324,0.265
3.416,3.23,2.832,2.416,2.805,2.213,2.809,2.281,2.694,0.494
2.753,2.365,2.242,2.022,2.14,1.139,0.503,0.354,2.34,0.042
2.44,2.532,2.124,1.562,2.291,1.189,0.623,0.479,2.339,0.316
2.824,2.82,2.584,2.049,2.651,1.785,1.809,1.192,2.576,0.524
0.829,0.695,0.631,0.596,2.124,0.268,0.078,0.161,1.318,0.0
2.962,2.898,2.263,2.008,2.424,1.648,0.72,0.778,2.314,0.169
2.569,2.972,2.697,2.345,2.499,1.461,0.785,0.224,2.639,0.557
2.117,1.806,1.709,1.247,2.071,1.029,0.433,0.416,2.218,0.262
1.243,0.953,0.822,0.676,1.956,0.32,0.0,0.041,1.566,0.0
3.163,2.741,2.693,2.409,2.673,1.947,1.278,0.41,2.709,0.199
3.686,3.429,2.439,2.556,3.286,2.498,1.024,0.679,3.119,0.613
3.012,2.972,2.908,2.399,2.438,1.855,0.525,0.319,2.589,0.428
2.901,2.727,2.394,2.126,2.514,1.909,0.328,0.394,2.362,0.47
1.252,0.904,0.857,0.957,1.879,0.608,0.232,0.207,1.619,0.073
3.166,3.097,2.557,2.434,2.661,1.959,1.688,0.657,2.835,0.643
3.804,3.494,3.241,2.792,3.124,2.492,2.452,1.899,3.468,0.459
1.511,1.27,1.051,0.642,2.029,0.212,0.158,0.059,1.304,0.0
3.107,2.837,2.56,1.88,2.677,1.855,0.459,0.323,2.325,0.593
2.286,2.466,1.925,1.609,2.335,1.063,0.274,0.162,2.175,0.222
3.491,3.306,3.017,2.615,2.78,1.807,0.418,0.072,3.033,0.339
2.717,2.42,2.012,1.747,2.393,1.581,0.363,0.296,2.136,0.221
2.966,2.214,2.119,1.97,2.302,1.162,0.739,0.632,2.448,0.666
2.505,1.938,1.327,1.325,2.223,1.119,0.689,0.236,1.862,0.111
2.265,1.92,1.737,1.176,2.144,0.724,0.624,0.22,2.142,0.156
2.875,2.732,1.909,1.651,2.565,1.947,1.176,0.379,2.63,0.489
1.639,1.282,1.094,0.823,2.193,0.684,0.404,0.225,1.757,0.134
1.749,1.497,1.001,0.676,1.955,0.707,0.257,0.198,1.643,0.0
1.299,0.563,0.847,0.388,2.013,0.731,0.275,0.424,1.051,0.039
2.88,2.351,1.816,1.723,2.565,1.49,0.929,0.558,2.271,0.171
2.372,2.154,1.817,1.89,2.315,0.92,0.287,0.183,2.303,0.388
2.342,2.482,2.643,1.956,2.297,1.557,0.807,0.44,2.353,0.222
1.671,1.176,1.018,0.466,1.929,0.503,0.256,0.153,1.814,0.0
3.017,2.938,2.759,2.267,2.525,1.48,0.869,0.357,2.842,0.669
3.204,2.698,2.803,1.86,2.422,1.612,0.873,0.504,2.386,0.308
2.844,2.599,2.469,1.765,2.462,2.065,1.138,1.289,2.264,0.29
2.674,2.494,2.327,1.48,2.493,1.463,0.491,0.553,2.452,0.246
0.753,0.589,0.399,0.454,1.732,0.209,0.0,0.0,1.369,0.077
0.938,0.477,0.796,0.443,1.885,0.537,0.274,0.045,1.472,0.077
1.391,1.465,1.092,0.869,1.74,0.492,0.38,0.146,1.64,0.083
3.302,3.198,2.585,1.985,2.727,1.253,0.784,0.533,2.724,0.656
3.241,3.3,2.835,2.601,2.682,1.568,0.605,0.292,2.659,0.403
0.763,1.39,0.684,0.601,1.944,0.847,0.206,0.148,1.401,0.106
3.258,2.773,2.469,2.227,2.753,1.905,1.363,0.81,2.691,0.35
3.16,2.637,2.326,2.058,2.58,1.569,1.58,0.863,2.919,0.435
2.594,2.536,2.498,2.121,2.075,1.135,0.48,0.206,2.323,0.291
1.015,1.428,1.001,1.01,1.839,0.71,0.366,0.155,1.687,0.12
2.951,3.062,2.509,2.042,2.573,1.666,0.414,0.368,2.324,0.271
3.074,2.698,3.039,2.032,2.808,1.486,2.103,1.542,2.866,0.457
2.787,2.689,2.267,1.736,2.414,1.628,1.398,0.792,2.249,0.307
1.036,1.301,0.687,0.682,2.043,0.677,0.131,0.094,1.683,0.0
3.165,2.997,2.365,2.31,2.599,1.747,1.729,0.636,2.912,0.424
2.894,2.602,2.85,2.091,2.566,1.386,0.613,0.375,2.352,0.443
2.093,1.837,1.776,1.499,2.19,0.77,0.305,0.134,1.698,0.263
3.044,3.096,2.556,2.358,2.944,2.09,1.154,0.572,2.917,0.596
3.185,2.647,2.578,2.261,2.31,1.406,0.767,0.285,2.348,0.382
1.95,1.79,1.824,1.38,2.13,0.693,0.292,0.061,1.902,0.0
2.934,2.709,2.458,2.24,2.534,1.392,0.569,0.244,2.524,0.507
3.428,3.489,2.809,2.52,2.892,1.794,0.717,0.36,2.573,0.518
3.044,2.97,2.735,2.34,2.736,1.359,1.036,0.99,2.773,0.522
3.343,3.267,2.93,2.61,2.675,2.183,0.611,0.63,3.005,0.571
2.386,1.933,1.791,1.418,2.421,1.318,0.961,0.557,2.212,0.146
3.004,3.044,2.672,2.546,2.594,1.812,0.606,0.524,2.461,0.292
3.123,2.755,2.025,1.986,2.524,1.241,1.47,1.087,2.256,0.11
3.358,3.121,2.707,2.673,2.685,1.895,0.992,0.419,2.635,0.572
3.788,3.273,3.104,2.896,2.753,2.116,1.007,0.712,3.125,0.789
1.167,1.377,0.726,0.575,2.036,0.553,0.097,0.039,1.497,0.083
1.923,1.376,1.405,1.229,1.994,0.737,0.455,0.27,2.193,0.09
3.235,2.673,2.92,2.343,2.603,1.625,1.798,0.85,2.774,0.418
1.844,1.75,1.231,1.699,2.127,1.101,0.397,0.389,1.844,0.475
2.911,2.566,2.571,2.053,2.663,1.925,1.187,0.707,2.732,0.319
3.581,3.304,3.125,2.587,2.706,2.099,1.074,0.866,2.889,0.726
3.321,2.957,2.57,2.115,2.523,1.943,0.689,0.541,2.489,0.735
3.303,3.098,2.899,2.294,2.637,1.839,0.933,0.698,2.564,0.689
2.182,2.161,1.607,1.387,1.914,1.234,0.42,0.181,1.957,0.288
3.448,2.687,2.834,2.657,2.574,2.11,1.021,0.554,2.34,0.341
2.89,2.564,2.211,2.273,2.608,1.545,0.289,0.393,2.321,0.523
2.79,2.571,2.517,2.416,2.422,1.385,0.786,0.381,2.168,0.216
2.408,2.794,2.393,1.929,2.32,1.26,0.193,0.206,2.435,0.242
3.437,3.405,3.338,2.745,2.853,2.132,1.064,0.41,3.005,0.548
2.969,2.593,2.653,2.217,2.611,1.568,0.39,0.177,2.481,0.528
2.873,2.52,2.656,2.097,2.715,1.483,1.506,1.183,2.841,0.589
2.103,1.551,1.5,1.379,1.708,1.294,0.193,0.302,1.808,0.078
2.591,2.371,1.938,1.876,2.496,1.458,0.621,0.605,2.106,0.433
1.111,1.419,1.002,0.623,2.245,0.889,0.444,0.235,1.922,0.134
1.872,1.39,1.14,1.228,1.944,0.808,0.502,0.237,1.624,0.057
0.772,0.816,0.203,0.504,1.91,0.518,0.241,0.204,1.582,0.042
3.271,3.128,2.898,2.54,2.971,1.92,1.296,1.152,3.06,0.42
2.909,2.865,2.441,2.27,2.882,2.017,1.737,1.285,2.796,0.521
2.84,2.762,2.031,1.674,2.562,1.532,1.79,1.472,2.639,0.381
1.727,1.774,1.232,1.4,2.123,0.767,0.09,0.029,1.702,0.092
2.199,1.93,1.413,1.634,2.04,0.853,0.353,0.242,1.957,0.22
1.732,1.041,0.963,0.707,1.917,0.568,0.172,0.188,1.647,0.032
1.5,1.841,1.357,1.069,2.125,0.854,0.278,0.115,1.949,0.046
1.876,1.455,0.953,1.286,1.926,0.679,0.276,0.197,1.326,0.13
2.973,2.713,2.572,2.179,2.82,1.728,0.441,0.315,2.452,0.346
1.592,1.39,1.218,0.94,1.995,0.701,0.232,0.069,1.848,0.059
2.319,2.169,1.983,1.399,2.176,1.005,0.326,0.103,2.135,0.166
1.61,1.456,0.999,0.836,1.987,0.688,0.242,0.193,1.67,0.0
3.051,2.645,2.03,1.686,2.316,1.428,0.991,0.703,2.64,0.313
3.138,2.927,2.416,1.999,2.396,1.814,1.676,1.101,2.357,0.438
2.849,2.68,2.57,2.294,2.915,1.639,0.494,0.103,2.304,0.315
2.84,2.569,2.373,2.092,2.582,1.609,1.178,1.238,2.673,0.488
3.204,3.137,2.78,2.236,2.528,1.736,0.359,0.275,2.533,0.365
2.881,2.941,2.949,1.981,2.582,1.527,1.051,0.421,2.776,0.238
3.084,2.823,2.739,2.252,2.676,1.585,1.581,1.243,2.816,0.419
2.796,2.937,2.713,2.497,3.035,2.094,0.276,0.31,2.649,0.539
0.725,0.987,1.196,0.732,1.947,0.246,0.363,0.211,1.618,0.096
2.439,1.994,2.062,2.037,2.118,1.339,0.361,0.245,2.099,0.089
2.753,2.926,2.736,2.232,2.499,1.702,0.231,0.348,2.565,0.392
2.852,3.001,2.345,2.148,2.722,1.826,1.113,0.6,2.582,0.224
1.507,1.648,1.169,1.12,1.969,0.741,0.084,0.029,1.382,0.0
1.574,2.036,1.893,1.3,2.309,1.089,0.326,0.179,1.937,0.199
1.897,1.963,1.866,1.602,2.001,0.903,0.471,0.304,2.142,0.189
3.048,2.697,2.516,2.217,2.649,1.889,1.065,0.834,2.961,0.218
2.827,2.739,2.295,1.953,2.402,1.453,0.234,0.277,2.576,0.175
2.286,2.532,2.196,1.519,2.379,1.678,1.03,0.709,2.56,0.178
2.543,2.595,2.449,2.075,2.541,1.4,0.35,0.339,2.261,0.24
1.904,1.858,1.92,1.505,2.09,1.03,0.495,0.275,1.989,0.125
3.187,2.624,2.266,2.047,2.26,1.273,0.61,0.323,2.691,0.158
1.5,1.247,1.313,0.799,2.151,0.386,0.251,0.14,1.621,0.013
3.37,3.663,3.117,2.782,2.774,1.907,1.272,0.3,2.837,1.066
2.413,2.524,1.962,1.568,2.447,1.565,0.231,0.143,2.02,0.37
2.393,2.092,1.799,1.502,2.184,0.943,0.571,0.273,2.148,0.115
3.138,2.87,2.363,2.277,2.684,1.793,0.609,0.413,2.553,0.538
2.793,2.818,2.468,2.138,2.469,1.42,0.521,0.3,2.17,0.215
1.699,1.456,0.88,0.749,1.924,0.833,0.159,0.085,1.451,0.0
1.86,1.63,1.073,0.901,1.954,0.902,0.238,0.109,1.91,0.046
3.131,2.988,2.773,2.165,2.583,1.642,0.376,0.113,2.7,0.556
3.007,3.307,2.885,2.255,2.974,1.962,0.73,0.669,3.098,0.414
3.247,3.042,2.925,2.345,2.866,1.913,0.971,1.082,2.984,0.882
2.779,2.717,2.26,2.215,2.28,1.811,0.421,0.144,2.431,0.434
3.11,2.773,2.408,2.014,2.273,1.692,1.475,0.815,2.814,0.294
3.36,3.402,3.26,2.967,3.165,2.119,0.732,0.16,2.904,0.968
2.781,3.238,3.051,2.554,2.586,2.27,0.511,0.558,2.599,0.353
2.865,2.79,2.551,2.144,2.376,1.591,0.891,0.259,2.308,0.466
3.076,3.139,2.567,2.72,2.701,1.668,0.506,0.291,2.582,0.297
1.553,1.228,0.984,0.81,2.154,0.945,0.467,0.293,1.476,0.131
3.376,2.918,3.168,2.463,2.519,2.301,0.678,0.256,2.708,0.53
2.243,2.178,2.042,1.297,2.119,0.889,0.519,0.183,2.153,0.245
2.066,2.539,1.66,1.469,2.176,1.038,0.358,0.4,2.373,0.104
1.057,0.929,0.436,0.553,1.86,0.364,0.457,0.261,1.764,0.097
3.263,2.655,2.407,2.163,2.551,1.984,1.95,1.26,2.428,0.309
2.764,2.614,2.216,1.883,2.328,1.659,0.464,0.312,2.132,0.21
2.838,2.282,2.681,2.167,2.703,1.508,0.642,0.482,2.206,0.18
2.472,2.431,1.959,1.876,2.443,1.173,0.573,0.329,2.504,0.127
0.887,1.167,0.872,0.917,1.938,0.798,0.232,0.084,1.568,0.006
3.232,3.104,2.888,2.731,2.946,1.842,0.334,0.197,2.61,0.565
2.979,3.028,2.688,2.485,2.57,1.744,0.74,0.605,2.672,0.482
2.818,2.665,2.467,1.963,2.521,1.542,0.406,0.183,2.585,0.125
2.635,2.657,2.134,2.362,2.539,1.697,0.628,0.394,2.449,0.457
1.336,1.151,0.802,0.748,1.678,0.565,0.092,0.115,1.487,0.073
2.033,1.67,1.547,1.508,2.143,1.078,0.541,0.179,1.397,0.359
3.038,2.843,2.548,2.333,2.532,1.714,0.764,0.427,2.349,0.331
2.226,1.543,1.323,1.284,2.026,0.718,0.225,0.228,1.8,0.03
3.103,3.189,2.649,2.152,2.448,1.758,0.605,0.344,2.548,0.3
3.388,2.967,2.674,2.037,2.698,1.976,1.347,0.822,2.837,0.175
3.236,3.171,2.669,2.223,2.777,1.751,1.869,1.213,2.733,0.487
2.743,2.688,1.929,1.701,2.21,1.664,1.23,0.539,2.144,0.25
1.601,1.074,1.017,0.847,2.2,0.574,0.183,0.158,1.186,0.0
3.066,2.703,2.364,1.922,2.576,1.429,0.674,0.31,2.495,0.477
2.99,2.934,2.585,2.042,2.453,1.447,1.162,1.342,2.611,0.411
1.749,2.294,1.378,0.949,2.166,0.975,0.35,0.614,1.85,0.045
3.641,3.29,3.12,2.737,3.072,2.432,1.449,1.029,3.1,0.718
2.631,2.38,2.111,1.362,2.409,1.131,0.395,0.327,2.563,0.162
3.146,2.478,2.05,1.941,2.439,1.565,0.262,0.305,2.448,0.338
3.443,2.786,2.664,2.417,2.748,1.762,0.562,0.255,2.859,0.182
0.996,1.325,1.162,1.07,1.974,0.716,0.185,0.05,1.822,0.092
1.683,1.722,1.039,0.986,1.998,1.01,0.194,0.199,1.587,0.148
3.711,3.421,2.961,2.548,2.898,1.826,1.204,0.606,2.656,0.555
3.136,3.02,2.543,2.15,2.742,1.47,0.749,0.594,2.719,0.271
2.107,1.59,1.166,0.903,1.982,0.644,0.16,0.327,1.702,0.094
2.734,2.687,2.191,2.024,2.573,1.65,0.478,0.276,2.405,0.631
2.284,1.951,1.888,1.851,2.281,0.961,0.614,0.589,2.202,0.084
3.042,2.711,2.252,2.094,2.488,1.87,1.088,0.454,2.616,0.325
2.107,1.75,1.6,1.565,2.219,0.805,0.527,0.603,1.964,0.058
2.493,1.949,1.563,1.534,2.433,1.242,0.108,0.065,1.74,0.276
2.153,1.919,1.689,1.701,2.052,0.846,0.665,0.616,2.494,0.142
3.481,3.348,2.876,2.417,2.433,1.999,0.838,0.338,3.091,0.491
2.748,2.538,2.396,2.163,2.549,1.426,1.067,0.382,2.438,0.467
1.633,1.121,0.123,0.35,1.853,0.763,0.342,0.27,1.33,0.038
2.346,1.903,1.503,1.655,1.968,0.82,0.302,0.146,1.668,0.114
2.587,2.366,2.16,1.468,2.322,0.889,0.272,0.039,2.154,0.097
0.604,0.673,0.569,0.725,1.991,0.614,0.223,0.188,1.727,0.245
1.738,1.693,1.24,1.14,1.951,0.811,0.306,0.273,1.726,0.03
2.974,3.091,2.96,2.518,2.787,1.752,0.524,0.285,2.722,0.738
2.86,2.721,2.379,1.858,2.726,1.202,0.494,0.501,2.365,0.172
2.57,2.164,2.172,1.952,2.32,1.213,0.915,1.145,2.388,0.133
2.876,2.48,2.378,2.027,2.548,1.752,0.246,0.159,2.189,0.418
0.894,0.58,0.912,0.467,1.88,0.553,0.111,0.134,1.547,0.042
1.443,1.373,1.008,0.894,1.994,0.475,0.367,0.265,1.775,0.091
1.271,1.607,1.09,1.113,1.952,1.024,0.291,0.177,1.532,0.157
1.962,1.738,1.548,1.366,2.205,0.396,0.234,0.241,2.208,0.167
3.256,3.099,2.709,2.398,2.693,1.796,1.261,0.812,3.034,0.621
3.239,2.87,2.646,2.35,2.95,1.658,1.817,1.016,2.602,0.197
3.101,2.637,2.141,1.855,2.551,1.253,0.36,0.0,2.498,0.316
1.091,1.325,0.627,0.58,1.809,0.861,0.009,0.026,1.446,0.0
3.749,3.383,2.989,2.698,3.276,2.547,1.829,0.808,3.25,0.536
1.724,1.234,1.248,0.933,1.97,0.908,0.106,0.066,1.424,0.0
1.879,1.449,1.467,1.147,1.955,0.854,0.383,0.279,2.144,0.179
1.989,1.343,1.143,0.794,1.937,0.457,0.195,0.164,1.772,0.079
2.174,2.126,1.517,1.569,2.075,1.284,0.245,0.161,2.212,0.228
3.13,2.412,2.518,1.934,2.758,2.138,0.83,0.894,2.684,0.302
2.456,1.994,1.903,1.579,2.244,0.996,0.331,0.375,1.869,0.054
2.892,2.467,2.359,1.516,2.597,1.447,0.776,0.509,2.471,0.421
2.626,2.708,2.404,1.875,2.637,1.432,0.319,0.211,2.54,0.464
2.773,2.662,2.811,2.127,2.383,1.58,0.622,0.327,2.884,0.363
3.125,2.649,2.422,1.994,2.376,1.327,0.933,0.237,2.377,0.282
3.2,3.177,2.325,2.23,2.847,2.167,1.572,1.254,2.79,0.155
3.102,2.892,3.167,2.735,2.747,1.95,0.691,0.355,2.749,0.274
2.405,2.109,1.641,1.323,2.373,1.034,1.066,0.829,2.063,0.121
3.11,2.8,2.257,2.138,2.204,1.656,0.73,0.574,2.642,0.734
2.592,2.283,2.012,1.325,2.186,1.153,0.546,0.149,2.055,0.167
2.251,1.72,1.266,1.192,2.295,0.872,0.384,0.105,1.946,0.318
2.911,2.528,2.222,1.912,2.443,1.505,1.073,1.09,2.517,0.102
3.406,2.988,2.885,2.361,2.85,2.281,1.601,1.514,3.101,0.364
2.536,2.52,2.126,1.437,2.118,1.245,1.044,0.663,2.155,0.295
3.365,3.212,2.789,2.238,2.696,1.817,0.238,0.039,2.645,0.359
3.189,3.194,2.534,2.321,3.146,2.423,1.301,0.961,2.748,0.388
1.531,1.567,1.139,1.137,1.817,0.679,0.467,0.537,1.509,0.225
1.92,1.836,0.953,1.252,2.137,0.876,0.2,0.207,1.795,0.12
2.146,2.356,1.721,1.941,2.203,1.636,0.256,0.086,2.018,0.284
3.177,3.282,2.833,2.438,2.509,1.716,1.623,1.281,2.84,0.601
2.896,2.569,2.205,2.309,2.618,1.841,1.044,0.724,2.901,0.238
3.492,3.301,3.248,2.711,2.863,2.47,0.932,0.536,2.771,1.123
2.82,3.027,2.726,2.0,2.713,1.615,0.822,0.353,2.725,0.393
2.092,2.257,1.669,1.062,2.102,0.957,0.351,0.477,2.072,0.089
3.289,3.019,2.979,2.669,2.698,2.1,1.25,0.904,2.811,0.959
2.955,2.528,2.035,1.887,2.101,1.252,0.322,0.298,2.289,0.415
2.59,2.726,2.205,2.181,2.183,1.831,0.775,0.173,2.252,0.45
2.971,2.479,2.265,2.168,2.783,1.509,0.997,0.906,2.601,0.398
0.795,0.762,0.63,0.555,1.699,0.336,0.207,0.133,1.166,0.059
2.224,2.28,1.735,1.496,2.236,0.999,0.315,0.151,1.891,0.114
3.424,2.852,2.277,2.362,2.667,1.702,1.069,0.442,2.193,0.245
3.59,3.523,3.065,2.542,2.85,2.103,1.015,0.797,3.087,0.581
0.705,0.47,0.152,0.317,1.922,0.205,0.272,0.119,1.092,0.0
2.918,2.526,2.383,1.835,2.346,1.596,0.569,0.815,2.576,0.236
2.89,2.246,2.555,1.987,2.354,1.432,0.72,0.284,2.41,0.268
3.258,3.181,3.034,2.882,2.8,2.183,0.807,0.325,2.63,0.67
2.968,2.428,2.411,2.189,2.554,1.655,0.877,0.702,2.741,0.204
3.391,3.263,2.867,2.732,3.159,1.894,1.405,0.771,2.721,0.716
2.624,2.422,1.77,1.853,2.272,1.214,0.406,0.212,2.248,0.17
3.292,2.856,2.601,2.452,2.768,1.48,0.567,0.375,2.779,0.533
3.679,3.616,3.251,2.513,2.986,2.232,1.191,0.593,3.16,0.789
3.324,3.339,2.5,1.803,2.568,1.445,0.732,0.175,2.453,0.199
3.045,2.629,2.478,2.063,2.595,1.757,0.537,0.243,2.23,0.895
1.861,1.906,1.384,1.018,2.036,0.748,0.277,0.104,1.844,0.0
2.29,2.029,2.023,1.79,2.236,1.035,0.696,0.3,1.955,0.242
2.962,3.106,2.613,2.435,2.498,1.8,0.627,0.385,2.23,0.282
2.781,2.178,1.726,1.71,2.192,1.37,0.995,0.517,2.112,0.16
3.325,3.247,3.013,2.454,3.055,2.157,0.878,0.541,2.807,0.852
2.78,2.775,2.38,2.209,2.28,1.523,0.598,0.443,2.253,0.69
2.588,2.618,2.618,2.302,2.718,1.747,0.342,0.207,2.457,0.088
3.415,3.374,2.964,2.67,3.0,2.284,1.553,1.077,2.971,0.719
2.603,1.994,1.801,1.64,2.278,0.953,0.529,0.401,2.291,0.19
3.346,3.341,2.979,2.328,3.148,2.171,1.227,0.546,2.939,0.475
3.122,2.338,1.822,2.044,2.463,1.79,0.802,0.326,2.193,0.403
2.82,2.784,2.241,1.863,2.362,1.53,0.412,0.333,2.37,0.262
3.203,2.732,2.543,2.3,2.49,1.671,0.551,0.267,2.407,0.298
2.799,2.592,2.334,2.136,2.672,1.315,0.501,0.066,2.285,0.617
2.634,1.985,1.764,1.35,1.835,0.897,0.693,0.354,1.772,0.156
2.768,2.605,2.254,2.06,2.362,1.387,0.338,0.286,2.334,0.121
2.566,2.52,2.485,1.803,2.373,1.367,0.353,0.11,2.378,0.043
2.302,2.168,1.553,1.345,2.182,1.055,0.394,0.308,1.619,0.189
2.137,1.784,0.98,1.337,1.959,0.805,0.588,0.579,1.913,0.211
2.419,2.403,1.912,1.705,2.579,1.22,0.946,0.686,2.741,0.125
0.7,1.122,0.858,0.671,1.992,0.494,0.279,0.162,1.343,0.086
3.373,3.313,3.233,2.948,3.13,2.549,0.466,0.322,2.877,0.699
2.932,2.811,2.338,2.122,2.569,1.451,1.1,1.18,2.301,0.522
0.933,0.661,0.63,0.178,1.721,0.609,0.142,0.112,1.179,0.0
2.274,2.161,2.147,1.538,2.384,1.432,0.345,0.173,2.368,0.264
3.648,3.227,3.023,2.622,2.822,2.337,2.587,1.118,3.117,1.008
2.954,2.54,2.605,2.111,2.407,1.821,0.645,0.547,2.613,0.321
2.734,2.576,2.175,1.618,2.272,1.427,0.562,0.282,2.463,0.363
2.78,2.482,2.428,1.809,2.525,1.36,0.419,0.091,2.554,0.134
2.767,3.004,2.725,2.235,2.652,1.776,0.972,0.371,2.727,0.357
2.603,2.609,1.904,2.004,2.511,1.036,0.783,0.416,2.217,0.33
2.346,1.817,1.444,1.259,1.956,1.013,0.473,0.395,2.055,0.094
1.808,1.656,1.34,1.299,2.05,0.968,0.424,0.21,1.975,0.065
2.999,2.465,2.511,2.009,2.21,1.345,1.456,0.862,2.654,0.272
2.693,2.468,2.112,1.7,2.261,1.084,0.448,0.271,2.163,0.219
2.805,2.964,3.008,2.41,2.651,1.57,0.436,0.098,2.635,0.385
3.317,3.036,2.586,2.287,2.664,2.108,1.412,0.652,2.487,0.466
2.953,2.618,2.435,2.02,2.408,1.182,0.691,0.604,2.527,0.204
3.474,3.187,3.063,2.512,2.697,1.816,1.35,0.595,2.821,0.879
2.867,2.547,2.116,1.881,2.442,1.484,0.653,0.271,2.552,0.359
3.094,2.821,2.304,2.197,2.767,1.505,0.474,0.384,2.729,0.368
2.221,2.022,1.518,1.288,2.299,0.807,0.646,0.257,1.996,0.195
2.843,2.277,2.148,2.096,2.493,2.092,0.647,0.288,2.405,0.39
0.555,0.632,0.577,0.283,1.909,0.433,0.086,0.132,1.237,0.087
3.712,3.571,2.914,2.664,2.993,1.699,0.715,0.376,3.175,0.668
2.637,1.753,2.001,1.769,2.326,0.95,0.62,0.387,2.041,0.076
2.118,2.186,1.876,1.647,2.179,0.912,0.671,0.346,2.258,0.202
1.523,1.139,1.014,0.777,2.158,0.793,0.417,0.448,1.423,0.028
1.288,1.237,0.553,0.706,1.808,0.387,0.208,0.17,1.18,0.077
2.848,2.354,1.82,1.877,2.303,1.182,1.104,0.666,2.777,0.149
2.366,2.435,2.12,1.955,2.468,1.647,0.402,0.295,2.268,0.251
2.073,1.943,1.247,1.027,1.967,0.978,0.346,0.264,1.516,0.0
3.49,3.248,3.384,2.766,3.093,2.472,0.821,0.421,2.951,0.788
3.176,2.764,2.454,1.894,2.539,1.631,0.772,0.406,2.396,0.308
2.081,1.831,1.53,0.956,1.96,1.053,0.234,0.185,1.506,0.14
1.275,1.159,0.99,0.68,1.941,0.791,0.231,0.057,1.311,0.065
1.317,1.504,1.109,0.955,1.955,0.708,0.257,0.189,1.814,0.054
3.765,3.458,3.016,2.451,3.198,2.01,1.667,1.095,3.269,0.764
1.509,1.467,0.961,0.906,1.84,0.571,0.092,0.122,1.427,0.053
3.532,3.372,3.335,3.219,2.792,2.76,1.727,1.126,3.041,0.963
1.963,1.972,1.012,0.931,2.135,0.99,0.383,0.072,1.814,0.1
3.529,3.171,2.931,2.525,3.148,1.837,1.152,0.86,2.97,0.381
1.247,1.116,0.937,0.941,1.972,0.701,0.262,0.193,1.725,0.0
2.441,2.662,2.6,2.565,2.427,1.432,0.41,0.235,2.326,0.331
3.424,2.885,2.782,2.138,2.602,2.49,1.162,1.253,3.25,0.556
1.816,1.429,1.203,0.784,1.939,0.638,0.583,0.444,2.021,0.123
2.742,2.522,2.078,1.866,2.435,1.637,0.689,0.342,2.496,0.279
3.498,3.378,3.009,2.476,2.775,1.672,0.604,0.309,3.087,0.479
2.266,1.942,1.547,1.36,2.148,1.049,0.162,0.246,1.577,0.037
2.686,2.277,1.953,1.604,2.298,1.367,0.445,0.26,2.032,0.151
2.493,2.682,2.543,2.124,2.45,1.684,0.677,0.427,2.351,0.577
1.98,2.159,1.18,1.162,2.158,0.963,0.368,0.239,1.886,0.184
2.991,3.264,2.687,2.204,2.547,2.071,0.523,0.237,2.681,0.245
2.226,1.697,1.832,1.27,2.283,0.797,0.453,0.249,2.001,0.0
2.895,2.682,2.563,2.045,2.478,1.268,0.552,0.404,2.098,0.389
2.776,2.542,2.515,2.083,2.545,1.585,0.233,0.253,2.326,0.341
2.449,1.499,1.582,1.724,2.3,0.897,0.281,0.06,1.769,0.154
1.901,1.897,1.844,1.058,2.147,0.771,0.251,0.062,1.849,0.165
1.417,1.379,1.098,0.699,2.019,0.45,0.236,0.096,1.603,0.035
1.771,1.294,1.166,0.96,2.088,0.981,0.083,0.134,1.882,0.132
3.067,2.973,2.855,2.053,2.874,2.252,1.041,0.677,2.278,0.504
2.344,2.127,1.653,1.505,2.327,1.45,1.094,0.555,2.162,0.502
3.204,2.805,2.378,2.312,2.62,1.924,0.911,0.655,2.244,0.398
1.119,0.86,0.797,0.556,1.851,0.606,0.246,0.19,1.459,0.0
1.73,1.533,0.935,0.779,1.812,0.564,0.12,0.188,1.331,0.0
3.204,3.349,2.868,2.539,2.783,2.463,1.092,0.633,2.911,0.605
2.402,2.444,2.182,1.594,2.31,1.056,0.188,0.356,2.118,0.264
1.454,1.693,1.561,1.244,2.153,0.805,0.329,0.145,1.694,0.102
3.326,2.777,2.993,2.5,3.005,1.836,0.922,0.399,2.903,0.215
2.707,2.44,2.357,1.759,2.457,1.518,0.848,0.943,2.378,0.234
3.05,2.706,2.704,2.079,2.543,1.785,0.722,0.313,2.564,0.664
3.058,2.85,2.368,2.317,2.728,1.629,0.821,0.4,2.873,0.603
2.606,2.892,2.617,2.491,2.514,1.33,0.315,0.221,2.32,0.129
2.679,2.131,2.047,2.179,2.323,1.49,0.301,0.181,2.088,0.234
2.427,2.16,2.247,1.746,2.404,1.164,0.505,0.19,2.031,0.148
2.385,1.936,1.52,1.687,2.223,1.219,0.337,0.135,2.372,0.115
2.107,2.045,1.443,1.531,2.201,1.291,0.465,0.361,2.01,0.242
1.85,1.348,1.186,1.067,2.054,0.739,0.392,0.455,1.634,0.225
3.258,2.936,2.923,2.385,2.645,2.272,1.862,1.574,2.631,0.507
3.438,3.114,2.812,3.062,3.198,2.275,1.252,0.644,2.943,0.549
1.479,1.465,0.881,0.308,1.76,0.459,0.343,0.059,1.604,0.0
2.473,2.599,2.243,1.729,2.414,1.16,0.33,0.208,1.999,0.181
2.302,1.912,1.519,1.157,2.076,1.02,0.075,0.051,1.562,0.075
2.568,2.606,2.212,1.921,2.298,1.505,0.659,0.376,2.319,0.337
2.901,2.679,2.135,1.673,2.404,1.486,0.697,0.523,2.295,0.087
2.794,2.459,2.526,1.73,2.708,1.788,0.498,0.324,2.319,0.343
1.78,1.834,1.211,0.843,1.927,0.643,0.163,0.158,1.725,0.106
2.964,2.598,2.387,2.198,2.379,1.343,0.473,0.126,2.004,0.265
1.072,0.263,0.0,0.0,1.713,0.038,0.031,0.15,1.426,0.0
2.65,2.793,2.3,1.943,2.408,1.538,1.329,0.738,2.628,0.525
2.791,2.624,2.523,2.099,2.818,1.734,0.454,0.132,2.63,0.196
2.747,2.053,1.897,1.58,2.512,0.929,0.976,1.23,2.248,0.328
3.085,2.542,2.486,2.145,2.551,1.549,0.464,0.246,2.428,0.255
2.706,2.378,1.792,1.587,2.371,1.222,0.559,0.227,2.127,0.358
1.234,1.054,1.001,0.983,2.177,0.704,0.522,0.309,1.145,0.188
0.869,1.014,0.838,0.766,1.889,0.591,0.218,0.133,1.894,0.089
1.369,1.297,1.21,0.889,2.156,0.797,0.563,0.34,1.694,0.124
0.315,0.083,0.377,0.366,1.747,0.553,0.0,0.072,1.117,0.0
3.234,3.132,2.923,2.526,2.862,2.074,0.418,0.154,2.692,0.543
0.955,1.712,1.158,0.897,1.868,0.954,0.216,0.154,1.678,0.039
1.377,1.661,0.899,0.857,1.885,0.847,0.337,0.047,1.929,0.102
2.591,2.139,2.076,1.555,2.269,1.539,0.829,0.482,1.995,0.138
2.223,2.044,1.836,1.482,2.094,1.065,0.353,0.189,1.87,0.184
1.782,1.595,1.205,1.129,2.138,0.972,0.232,0.015,1.297,0.101
0.712,0.31,0.5,0.348,1.822,0.365,0.108,0.091,1.446,0.121
2.941,2.602,2.173,1.917,2.423,1.4,0.784,0.512,2.347,0.441
2.641,2.123,1.926,1.832,2.389,1.647,0.629,0.297,2.19,0.419
2.917,2.654,2.234,1.638,2.218,1.358,0.633,0.415,2.394,0.204
3.282,3.06,2.725,2.265,2.41,1.449,0.579,0.277,2.816,0.528
3.069,2.848,2.38,2.221,2.545,1.608,0.281,0.149,2.681,0.334
1.723,1.333,1.106,1.301,2.191,0.874,0.269,0.251,2.193,0.139
3.383,3.254,2.878,2.403,2.665,1.839,0.57,0.221,3.02,0.456
1.536,1.68,1.018,0.926,2.049,0.519,0.35,0.343,1.469,0.105
3.07,3.015,2.692,2.325,2.828,1.879,1.046,0.417,2.86,0.437
0.778,0.56,0.354,0.442,2.007,0.391,0.106,0.234,1.074,0.076
3.39,2.585,2.566,2.071,2.532,1.7,0.916,0.636,2.481,0.393
0.729,1.221,0.722,0.499,1.882,0.249,0.175,0.171,1.499,0.0
3.239,3.295,3.154,2.507,2.721,1.448,0.483,0.078,2.631,0.416
2.874,2.832,2.481,2.151,2.497,1.937,0.608,0.235,2.348,0.484
1.811,1.419,1.539,0.927,2.25,0.527,0.22,0.208,1.579,0.153
1.828,1.792,1.063,1.275,2.056,0.921,0.433,0.228,1.398,0.219
2.606,2.654,2.167,2.292,2.6,1.659,0.827,0.453,2.526,0.207
2.698,2.214,1.907,1.851,2.494,1.914,1.003,0.319,2.124,0.125
3.615,3.478,3.454,3.014,3.045,1.915,0.709,0.377,3.215,0.94
1.979,1.339,1.064,1.047,2.062,0.708,0.303,0.164,1.605,0.0
2.958,2.85,2.416,1.675,2.679,1.765,0.537,0.491,2.576,0.335
2.501,2.327,1.668,1.247,2.296,0.938,0.161,0.142,1.985,0.345
2.909,2.635,2.553,2.21,2.471,1.555,0.841,0.487,2.434,0.411
3.067,2.916,2.68,2.772,2.503,2.012,0.485,0.192,2.652,0.563
2.996,2.543,2.559,1.981,2.267,1.236,0.384,0.258,2.384,0.278
2.686,2.406,1.864,1.643,2.228,0.9,0.245,0.276,2.026,0.041
2.302,2.002,1.646,1.335,2.174,0.811,0.141,0.204,1.883,0.077
2.888,2.563,2.24,1.929,2.336,1.625,0.743,0.729,2.156,0.361
0.84,0.994,0.919,0.497,1.667,0.208,0.13,0.026,1.692,0.0
3.202,2.881,2.41,2.424,2.315,1.143,0.797,0.531,2.585,0.449
3.231,2.828,2.886,2.075,2.739,1.826,0.714,0.25,2.744,0.498
3.283,3.479,2.987,2.697,2.844,2.033,0.892,0.315,2.802,0.605
2.941,2.659,2.251,1.913,2.25,1.221,0.414,0.205,2.593,0.346
2.197,2.562,2.023,1.611,2.199,1.455,0.691,0.199,2.278,0.298
3.059,3.005,3.027,2.084,2.522,1.511,1.561,1.867,2.916,0.728
2.565,1.969,2.25,1.552,2.256,1.008,0.445,0.269,2.186,0.262
2.48,2.464,2.19,1.988,2.614,1.532,0.737,0.296,2.406,0.493
2.141,2.187,1.631,1.418,2.333,0.879,0.261,0.077,2.174,0.092
3.353,2.909,2.779,2.575,2.764,1.658,0.804,0.384,2.882,0.19
2.685,2.789,2.441,1.994,2.545,1.482,0.869,0.531,2.525,0.368
3.022,3.138,2.901,2.555,2.345,1.806,0.732,0.568,2.681,0.593
2.331,1.956,1.735,1.263,2.048,1.122,0.4,0.287,2.236,0.206
1.191,0.969,1.204,1.302,1.924,0.436,0.293,0.067,1.497,0.067
3.119,2.568,2.252,2.082,2.358,1.658,0.472,0.327,2.472,0.41
1.753,1.602,0.966,0.963,2.077,0.58,0.164,0.224,2.051,0.086
2.404,1.997,2.095,1.288,2.023,0.824,0.354,0.107,2.35,0.073
2.986,2.379,1.834,1.443,2.706,1.465,1.152,0.99,2.686,0.407
0.835,0.869,0.748,0.242,1.79,0.163,0.181,0.333,1.405,0.0
2.537,2.289,1.773,2.033,2.343,1.343,0.63,0.314,2.334,0.245
0.581,0.213,0.0,0.471,1.927,0.127,0.25,0.199,0.912,0.0
2.465,2.862,2.47,2.208,2.661,1.716,1.683,0.441,2.271,0.54
1.852,1.352,0.592,0.542,2.245,0.83,0.57,0.52,1.307,0.019
3.039,2.83,2.087,1.906,2.873,2.056,1.983,1.239,2.719,0.375
1.396,1.407,1.417,0.872,2.055,0.828,0.213,0.068,1.622,0.0
2.539,2.189,2.005,1.585,2.328,1.265,0.452,0.254,1.887,0.056
1.337,1.141,1.497,0.967,2.13,0.502,0.178,0.256,1.594,0.155
3.139,2.747,2.891,2.74,2.514,1.473,0.801,0.318,2.629,0.496
3.541,3.236,3.265,2.823,3.153,2.385,1.151,0.272,3.12,0.91
3.179,3.349,3.398,3.138,2.896,2.712,0.604,0.274,2.694,0.822
2.916,2.639,2.362,2.238,2.366,1.5,0.461,0.127,2.411,0.439
3.402,3.248,2.654,2.552,2.765,1.733,1.675,0.911,2.794,0.383
2.087,1.596,1.506,1.137,2.167,0.7,0.515,0.275,2.117,0.079
3.269,3.374,2.917,2.706,2.875,2.354,1.566,0.723,3.053,0.33
2.104,1.837,1.445,1.428,2.249,1.043,0.522,0.17,1.798,0.125
3.318,2.869,2.395,2.122,2.415,1.543,0.582,0.395,2.411,0.207
2.277,2.555,2.19,1.844,2.241,1.421,0.748,0.358,2.295,0.374
2.555,2.432,2.446,1.689,2.374,1.408,0.678,0.354,2.361,0.079
1.686,1.541,1.378,1.133,2.159,0.654,0.376,0.27,1.802,0.012
2.918,2.933,2.333,2.011,2.618,2.056,1.624,2.06,2.595,0.391
1.856,1.479,1.13,1.321,2.205,0.945,0.309,0.158,1.906,0.0
2.331,2.114,1.677,2.02,2.121,1.493,0.392,0.184,1.889,0.16
2.084,1.737,1.545,1.092,2.348,1.268,0.416,0.204,1.898,0.089
2.53,2.197,1.365,1.371,2.251,1.378,0.558,0.368,2.182,0.045
3.521,3.375,3.063,2.838,2.925,2.224,1.091,1.044,2.955,0.549
2.533,2.594,2.418,2.014,2.362,1.524,0.295,0.337,2.62,0.378
3.222,2.937,2.553,2.435,2.744,2.023,0.935,0.452,2.766,0.644
2.319,2.17,1.706,1.552,2.3,1.014,0.657,0.453,2.317,0.221
3.041,2.884,2.768,2.419,2.644,1.779,0.4,0.315,2.477,0.513
2.542,2.433,2.189,1.529,2.315,1.439,0.2,0.077,2.031,0.036
2.83,2.73,2.409,2.4,2.689,1.811,1.461,1.061,2.749,0.303
3.156,2.809,2.641,2.048,2.506,1.376,0.523,0.221,2.533,0.334
3.025,2.943,2.793,2.469,2.679,2.027,1.246,0.466,2.772,0.502
3.1,2.866,2.542,1.977,2.505,1.56,0.941,0.638,2.62,0.444
2.631,2.362,2.293,2.22,2.45,1.78,0.326,0.208,2.294,0.336
1.679,2.136,1.503,1.38,2.094,1.441,0.212,0.095,2.092,0.196
1.509,1.139,0.847,0.991,1.982,0.824,0.233,0.15,1.746,0.103
2.333,2.036,2.226,2.093,2.264,1.329,0.394,0.066,2.152,0.376
3.166,3.021,2.778,2.475,2.654,2.021,0.69,0.274,2.678,0.54
2.56,2.157,1.8,1.122,2.223,1.239,0.528,0.308,1.841,0.153
3.046,2.977,2.356,2.094,2.429,1.307,0.704,0.307,2.622,0.433
2.685,2.719,1.942,1.712,2.351,1.186,0.52,0.446,2.448,0.227
3.243,3.318,3.144,2.687,2.765,1.929,0.802,0.636,2.844,1.249
2.722,2.367,2.162,1.941,2.181,1.147,0.357,0.012,2.517,0.146
2.065,1.684,1.159,1.308,2.189,0.912,0.414,0.11,1.337,0.054
2.514,2.322,1.888,1.296,2.252,1.105,0.191,0.166,2.181,0.144
2.542,2.506,2.049,1.79,2.421,1.672,0.616,0.281,2.091,0.633
3.307,3.303,2.81,2.338,2.675,1.958,0.932,0.51,2.812,0.446
1.331,1.329,1.446,0.89,2.164,0.635,0.249,0.08,1.83,0.046
3.459,2.966,2.432,1.967,2.661,1.767,0.722,0.602,2.883,0.449
1.855,1.418,1.073,1.375,1.904,1.046,0.151,0.125,2.002,0.088
2.159,2.106,1.614,0.969,2.322,0.982,0.688,0.456,2.231,0.156
0.845,0.415,0.441,0.123,1.987,0.546,0.304,0.222,1.283,0.008
2.923,2.445,1.945,1.978,2.349,1.491,1.895,1.41,2.733,0.37
1.253,1.113,0.939,1.065,1.763,0.404,0.0,0.01,1.583,0.164
3.1,2.825,2.217,1.905,2.437,1.06,0.819,0.298,2.414,0.55
2.792,2.554,2.331,2.136,2.327,1.111,0.473,0.341,2.563,0.122
3.542,3.382,3.243,2.321,3.011,2.067,0.875,0.477,3.188,0.38
3.208,2.824,2.676,2.338,2.711,1.784,1.124,0.932,2.857,0.373
2.789,2.198,1.969,1.646,2.355,1.231,0.465,0.261,1.961,0.131
2.855,2.531,2.582,2.194,2.232,1.206,0.583,0.345,2.413,0.239
2.137,1.887,1.241,1.058,2.265,1.024,0.067,0.063,1.549,0.005
2.589,2.631,2.016,1.823,2.584,1.565,0.863,0.814,2.376,0.183
2.869,2.67,1.868,1.626,2.511,1.394,0.68,0.285,2.111,0.354
2.099,2.317,1.977,1.658,2.311,1.078,0.174,0.295,2.156,0.178
2.794,2.412,2.562,1.687,2.676,1.24,0.348,0.239,2.565,0.555
2.667,2.057,1.421,1.442,2.365,1.089,0.592,0.253,2.028,0.217
0.611,0.331,0.172,0.138,1.732,0.29,0.361,0.0,1.657,0.0
1.606,1.379,1.136,1.174,1.833,0.854,0.703,0.203,1.893,0.041
3.191,2.922,2.921,2.547,2.754,2.136,1.257,0.329,2.73,0.518
0.572,1.124,0.777,0.596,1.512,0.302,0.31,0.094,1.317,0.051
1.362,1.687,0.861,0.617,1.964,0.617,0.362,0.169,1.974,0.127
1.752,1.914,1.352,1.315,2.148,0.571,0.203,0.08,1.513,0.076
3.799,3.495,3.109,2.587,3.083,2.346,1.847,1.097,3.205,0.82
2.915,2.45,2.338,1.994,2.198,1.311,0.383,0.198,2.409,0.191
1.505,1.846,1.59,1.389,1.985,0.859,0.121,0.0,2.174,0.12
3.211,2.718,2.777,2.196,2.492,1.8,0.549,0.336,2.704,0.153
3.244,3.095,2.358,2.555,2.729,1.84,0.782,0.449,2.658,0.405
2.996,2.746,2.455,2.377,2.611,1.736,0.982,0.478,2.603,0.313
1.755,1.549,1.405,1.057,2.13,0.534,0.112,0.019,1.536,0.004
3.616,3.113,2.647,2.535,2.885,2.016,2.164,1.831,3.154,0.443
2.871,2.759,2.497,2.359,2.452,1.745,0.657,0.359,2.471,0.384
2.801,2.359,2.047,1.697,2.44,1.402,1.031,0.724,2.453,0.404
2.846,2.798,1.869,1.952,2.278,1.525,0.395,0.302,2.311,0.304
1.641,1.399,0.698,0.828,2.295,1.059,0.327,0.41,1.305,0.038
2.579,2.489,2.075,1.857,2.259,0.988,0.2,0.131,2.089,0.101
2.834,2.651,2.049,1.781,2.484,1.728,0.558,0.409,2.114,0.171
1.905,1.358,0.899,0.925,2.119,0.551,0.28,0.192,1.547,0.05
1.852,1.995,1.421,1.116,2.036,1.117,0.549,0.289,1.987,0.0
2.035,1.561,1.366,1.191,2.212,0.913,0.186,0.132,1.983,0.0
2.863,2.414,2.092,1.868,2.261,1.666,0.427,0.328,1.842,0.523
3.774,3.59,3.463,2.685,3.095,2.588,1.395,0.94,3.135,1.521
3.868,3.508,3.435,2.96,3.04,2.643,1.119,0.954,3.131,0.419
3.129,2.926,3.065,2.728,2.558,2.336,1.141,0.696,2.808,0.963
2.653,2.688,2.279,2.077,2.42,1.939,0.604,0.14,2.237,0.49
3.599,3.463,2.994,2.504,2.835,2.006,1.167,0.789,3.184,0.322
2.661,2.529,2.262,1.876,2.514,1.701,0.735,0.407,2.534,0.229
1.599,1.832,1.445,1.357,2.057,0.868,0.185,0.125,1.649,0.055
2.354,1.876,2.095,1.775,2.085,1.546,0.367,0.084,2.086,0.047
3.114,2.186,1.932,1.751,2.409,1.41,0.492,0.391,1.878,0.13
1.743,2.32,2.028,1.783,2.114,0.939,0.26,0.211,2.228,0.052
2.398,2.051,1.717,1.254,2.083,0.833,0.031,0.029,1.971,0.0
1.582,1.8,1.63,0.911,2.192,0.467,0.444,0.177,1.69,0.256
2.852,2.822,2.322,1.818,2.348,1.583,0.876,0.383,2.33,0.423
2.662,2.717,2.47,2.251,2.231,1.343,0.572,0.163,2.155,0.31
3.376,3.411,3.068,2.753,2.97,2.029,1.028,0.68,3.193,0.602
2.803,2.612,2.61,1.482,2.232,1.299,0.95,0.436,2.18,0.525
2.843,2.626,2.284,2.051,2.53,1.514,1.114,0.784,2.479,0.305
3.267,3.452,3.015,2.252,2.827,2.135,1.13,0.563,3.087,0.417
3.608,2.802,2.767,2.31,2.437,1.62,0.976,0.566,2.637,0.841
3.168,3.261,2.684,2.484,2.767,1.924,1.592,0.607,2.928,0.374
2.535,2.814,2.576,2.215,2.467,1.431,0.359,0.071,2.372,0.113
2.585,2.484,1.995,1.794,2.207,1.543,0.507,0.258,1.878,0.376
1.756,1.475,1.102,1.135,2.176,0.734,0.351,0.03,1.881,0.232
2.096,2.24,1.786,1.501,2.114,1.208,0.647,0.251,1.915,0.112
1.534,1.437,0.893,0.775,1.808,0.562,0.194,0.111,1.749,0.0
2.546,2.281,2.082,1.662,2.345,1.126,1.329,0.851,2.149,0.166
3.126,3.1,2.585,2.175,2.723,1.84,0.826,0.581,2.696,0.43
2.319,2.42,1.875,1.73,2.297,1.031,0.231,0.145,2.018,0.0
2.878,2.376,2.412,1.93,2.578,1.497,1.26,0.53,2.377,0.379
2.353,2.064,1.857,1.617,2.305,1.008,1.04,0.696,2.462,0.295
2.759,2.955,2.544,2.036,2.229,1.847,0.645,0.359,2.521,0.418
1.291,1.247,0.691,0.503,1.833,0.443,0.215,0.112,1.72,0.0
2.875,2.648,2.729,1.718,2.428,1.311,0.268,0.298,2.439,0.218
1.833,1.748,1.535,1.333,2.043,0.779,0.204,0.165,1.985,0.129
2.599,2.104,2.31,1.856,2.484,1.669,0.965,0.602,2.281,0.212
2.941,3.078,2.912,2.289,2.65,1.829,0.876,0.515,2.616,0.557
3.054,2.688,2.43,2.46,2.525,1.876,1.187,1.118,2.594,0.389
2.612,2.6,2.264,2.223,2.312,1.521,0.967,0.555,2.684,0.444
1.09,0.634,0.852,0.751,1.858,0.232,0.118,0.038,1.543,0.01
2.793,2.512,2.152,1.797,2.349,1.174,0.463,0.297,2.416,0.104
2.425,2.612,2.09,1.825,2.383,1.117,0.54,0.341,2.187,0.059
2.301,2.523,2.301,2.353,2.53,1.67,0.478,0.245,2.342,0.269
2.092,1.815,1.419,1.126,2.389,0.537,0.229,0.072,2.094,0.0
2.771,2.803,2.281,2.138,2.642,1.591,0.237,0.113,2.517,0.18
2.696,2.595,2.335,2.048,2.617,1.595,0.23,0.274,2.499,0.464
3.11,3.001,3.027,2.174,2.924,2.347,0.414,0.074,3.068,0.274
2.918,2.666,2.197,1.851,2.378,1.311,0.296,0.129,2.421,0.199
2.276,1.633,1.514,1.43,2.182,0.814,0.286,0.051,2.02,0.238
2.802,2.284,2.285,1.586,2.149,1.436,0.608,0.479,2.414,0.283
2.727,2.643,2.296,1.891,2.165,1.495,0.711,0.249,2.411,0.242
2.93,2.794,2.067,1.5,2.502,1.595,0.733,0.345,2.54,0.22
2.603,2.245,2.229,2.054,2.273,1.111,0.306,0.339,2.342,0.122
3.211,2.809,2.417,1.973,2.305,1.409,0.559,0.416,2.872,0.322
3.135,3.157,2.796,2.395,2.699,1.729,0.562,0.16,2.505,0.437
3.096,2.782,2.229,2.347,2.869,1.689,1.363,1.111,2.655,0.285
0.725,0.768,0.902,0.51,1.824,0.44,0.174,0.217,1.507,0.062
2.844,2.855,2.251,2.068,2.259,1.198,0.414,0.28,2.386,0.264
1.833,1.617,1.379,0.983,1.931,0.599,0.478,0.457,1.939,0.071
2.809,2.554,2.381,1.717,2.541,1.798,1.095,0.435,2.196,0.082
2.875,2.772,2.332,1.869,2.245,1.509,0.579,0.419,2.172,0.345
3.385,2.885,2.771,2.318,2.492,1.905,1.537,0.651,2.604,0.447
3.309,3.057,2.529,2.444,2.498,1.536,1.086,0.613,2.729,0.552
1.711,1.383,1.351,0.589,2.038,0.677,0.21,0.18,1.932,0.143
1.906,1.248,1.384,1.293,2.12,0.931,0.407,0.188,1.576,0.166
1.745,1.368,1.132,1.003,2.264,0.756,0.435,0.071,1.289,0.01
2.016,2.136,1.568,1.708,2.051,1.43,0.272,0.175,2.096,0.073
3.427,3.153,2.855,2.435,2.898,1.668,1.537,1.246,2.912,0.711
3.206,3.014,3.159,2.43,2.703,2.08,1.724,1.985,2.85,0.462
2.416,2.314,1.835,1.684,2.546,1.011,0.349,0.18,2.147,0.16
2.278,2.134,1.799,1.268,2.177,1.12,0.38,0.237,1.819,0.096
3.147,3.203,2.959,2.7,2.802,1.834,0.579,0.279,2.889,0.329
3.238,3.299,2.761,2.523,2.924,2.025,0.82,0.28,2.598,0.805
2.613,2.076,2.196,1.843,2.26,1.145,0.348,0.298,2.238,0.278
2.168,2.011,1.523,1.325,2.16,0.992,0.395,0.158,2.106,0.051
2.695,2.921,2.519,2.184,2.363,1.756,0.504,0.267,2.721,0.314
2.835,2.685,2.245,1.993,2.589,1.98,1.639,1.8,2.511,0.251
3.019,3.071,2.649,2.283,2.683,1.795,1.449,0.931,2.639,0.887
1.042,0.963,0.293,0.179,2.105,0.428,0.083,0.067,1.593,0.015
3.429,2.888,2.837,2.585,2.689,1.786,0.637,0.585,2.834,0.413
1.118,1.211,0.961,1.002,1.881,0.816,0.163,0.084,1.411,0.111
2.336,2.3,1.738,1.44,2.315,1.216,0.401,0.207,2.033,0.114
2.762,2.849,2.506,2.009,2.516,1.422,1.112,0.726,2.681,0.414
2.61,2.4,1.862,1.763,2.183,1.05,0.502,0.294,2.071,0.213
1.783,1.955,1.721,1.659,2.341,1.266,0.767,0.475,1.891,0.442
1.538,1.228,1.534,0.792,2.036,0.917,0.42,0.2,1.993,0.215
2.295,2.083,1.675,1.383,2.078,0.853,0.374,0.275,2.261,0.193
3.269,3.0,2.896,2.219,2.692,1.935,1.184,0.539,2.75,0.329
3.745,3.254,3.431,2.908,3.008,2.665,0.802,0.508,3.078,1.028
2.046,1.916,1.558,1.147,2.126,1.413,0.379,0.284,1.975,0.234
3.31,3.211,2.865,2.65,2.912,2.435,1.896,1.823,2.814,1.017
0.864,0.696,0.504,0.225,1.893,0.294,0.129,0.186,1.469,0.139
2.746,2.505,1.897,1.707,2.29,1.654,0.717,0.559,2.057,0.179
3.293,3.122,2.902,2.418,2.884,2.294,1.843,1.123,2.795,0.87
2.921,3.053,2.506,2.167,2.43,1.773,1.586,0.471,2.82,0.358
2.876,2.979,2.289,2.275,2.4,1.242,0.343,0.238,2.391,0.209
2.18,1.742,1.693,1.28,2.008,0.651,0.142,0.281,1.838,0.142
2.763,2.849,2.453,2.188,2.3,1.536,0.368,0.317,2.418,0.377
0.689,1.256,0.347,0.289,1.901,0.425,0.071,0.038,1.9,0.0
3.661,2.999,2.745,2.502,2.625,1.636,1.844,1.486,2.964,0.716
2.992,2.758,2.524,2.076,2.464,1.577,0.318,0.159,2.609,0.404
2.852,2.706,2.298,2.12,2.671,1.47,0.501,0.103,2.542,0.231
2.919,3.044,2.663,2.19,2.634,1.505,0.975,0.986,2.726,0.558
2.538,2.451,2.032,1.721,1.959,1.192,0.25,0.238,2.089,0.265
3.535,3.118,2.806,2.533,3.091,2.387,1.345,0.727,2.966,0.247
2.578,2.355,2.278,1.563,2.355,1.028,0.248,0.109,2.347,0.19
3.369,3.437,3.139,2.906,3.062,2.318,1.112,0.373,3.078,0.453
3.708,3.571,3.412,2.999,3.307,2.695,1.174,0.661,3.123,0.404
3.35,3.47,2.785,2.571,2.835,2.189,2.924,2.191,2.898,0.697
3.21,2.983,2.968,2.44,2.595,1.462,0.824,0.433,3.043,0.368
2.051,1.727,1.684,1.504,1.991,1.044,0.131,0.08,1.986,0.151
1.13,1.715,0.9,0.958,1.893,0.452,0.419,0.13,1.818,0.09
1.815,1.655,1.426,0.766,1.929,0.745,0.413,0.333,1.45,0.076
3.481,3.215,2.765,2.782,2.932,2.012,1.044,0.338,3.226,0.401
3.26,2.672,2.491,2.225,2.761,1.331,0.976,0.763,2.668,0.407
3.609,3.322,2.976,2.753,2.84,2.301,0.873,0.425,3.196,0.927
3.1,2.648,2.357,1.798,2.527,2.019,1.634,1.342,2.525,0.525
3.016,2.805,2.613,2.084,2.44,1.609,1.012,0.604,2.74,0.413
0.353,0.096,0.115,0.286,1.704,0.309,0.084,0.146,1.378,0.0
3.284,2.852,2.487,2.388,2.537,1.896,1.408,1.418,2.674,0.366
2.761,2.565,2.103,1.915,2.444,1.034,0.393,0.161,2.376,0.092
2.846,2.9,2.574,2.661,2.52,2.192,0.553,0.348,2.741,0.303
3.275,3.056,2.99,2.824,3.013,2.396,1.554,1.54,3.134,0.581
2.783,2.762,2.568,2.364,2.76,1.771,1.36,0.536,2.598,0.244
1.584,1.357,1.353,1.128,1.818,0.692,0.321,0.276,1.647,0.202
1.927,1.99,1.807,1.392,2.108,0.981,0.257,0.248,2.002,0.233
2.829,2.336,2.837,2.048,2.576,1.499,0.687,0.251,2.208,0.417
3.106,2.431,2.247,1.806,2.287,1.207,0.832,0.416,2.298,0.363
2.056,1.505,1.173,0.862,2.183,0.982,0.298,0.088,1.534,0.01
2.417,2.504,2.056,1.467,2.144,1.302,0.854,0.516,2.478,0.189
2.659,2.667,2.148,1.979,2.345,1.604,1.193,0.545,2.754,0.357
2.444,2.573,2.714,2.212,2.33,1.494,0.6,0.536,2.234,0.163
3.148,2.72,2.391,1.979,2.533,1.657,0.402,0.146,2.617,0.321
2.983,2.676,2.618,2.12,2.148,1.478,0.611,0.344,2.671,0.329
3.061,2.572,2.929,1.913,2.523,1.777,0.902,0.468,2.631,0.306
2.777,2.554,2.053,1.689,2.218,1.133,0.43,0.321,2.162,0.216
1.086,1.2,0.658,0.786,1.938,0.644,0.187,0.097,1.743,0.0
2.657,2.785,2.63,2.101,2.466,1.173,0.202,0.081,2.318,0.294
2.837,2.545,2.462,1.998,2.365,1.493,0.322,0.384,2.203,0.409
3.119,3.061,2.705,2.4,2.459,1.832,0.703,0.324,2.461,0.588
2.882,2.992,2.838,2.301,2.431,1.557,1.02,0.6,2.686,0.238
3.245,2.759,2.666,1.933,2.589,1.706,0.592,0.172,2.611,0.346
0.413,0.567,0.427,0.29,1.793,0.0,0.153,0.0,1.133,0.0
2.998,2.847,2.677,2.127,2.541,1.798,0.565,0.208,2.718,0.495
3.848,3.842,3.505,3.141,3.018,2.806,1.887,1.091,3.351,0.925
2.851,2.798,2.646,2.047,2.466,1.998,0.97,1.008,2.667,0.424
2.87,2.877,2.692,2.24,2.31,1.377,0.64,0.241,2.28,0.484
2.771,2.692,2.442,2.04,2.689,1.685,0.53,0.268,2.48,0.131
3.046,2.937,2.677,2.497,2.382,1.488,0.436,0.263,2.575,0.27
3.325,3.353,3.125,2.612,2.912,2.351,0.951,1.038,3.076,0.616
1.354,1.098,1.049,0.754,1.972,0.795,0.435,0.456,1.273,0.161
1.11,0.911,0.834,0.519,1.746,0.455,0.418,0.151,1.474,0.141
3.226,3.094,2.827,2.174,2.715,1.929,0.875,0.119,2.595,0.467
3.01,2.772,2.413,1.874,2.578,1.555,0.848,0.596,2.757,0.196
3.019,2.856,2.485,2.313,2.629,1.87,0.524,0.203,2.545,0.459
3.046,3.085,2.816,2.39,2.565,1.549,0.534,0.375,2.48,0.477
2.759,2.779,2.347,2.136,2.488,1.22,0.379,0.116,2.204,0.191
1.735,1.405,1.488,1.458,2.149,0.956,0.687,0.343,1.906,0.04
2.66,2.38,1.953,1.771,2.362,1.332,0.399,0.087,2.286,0.429
3.087,3.197,3.298,2.593,2.757,2.073,1.063,0.598,2.754,0.564
2.87,2.576,2.247,2.144,2.422,1.388,0.528,0.379,2.578,0.301
2.328,1.799,1.675,1.451,2.204,1.146,0.563,0.285,1.97,0.291
3.247,3.196,2.812,2.607,2.335,1.715,0.978,0.935,2.669,0.499
2.379,2.42,2.118,2.173,2.466,1.641,0.319,0.332,2.345,0.229
3.504,3.235,2.758,2.315,2.839,1.59,1.443,0.674,2.975,0.707
2.705,2.139,1.719,1.255,2.339,0.979,1.19,1.004,2.078,0.276
1.981,2.032,1.532,1.01,2.09,1.043,0.4,0.129,2.019,0.028
1.104,0.689,0.833,0.538,1.725,0.697,0.199,0.205,1.442,0.164
2.898,2.653,2.586,2.351,2.336,1.866,0.475,0.284,2.214,0.283
2.951,2.736,2.381,1.914,2.607,1.797,0.826,0.379,2.23,0.318
3.716,3.407,3.203,3.071,3.141,2.203,1.619,0.517,3.073,1.039
2.303,1.72,1.696,1.235,2.141,1.093,0.365,0.432,2.374,0.161
2.863,2.835,2.561,2.207,2.457,1.592,0.464,0.378,2.257,0.337
3.579,3.39,3.222,2.503,2.888,2.009,1.385,0.545,3.039,0.742
2.358,2.258,2.388,2.175,2.52,1.509,0.566,0.278,2.415,0.137
3.179,2.979,2.529,2.043,2.334,1.293,0.333,0.121,2.618,0.192
1.666,1.692,1.474,1.058,1.925,0.64,0.573,0.427,1.865,0.114
2.948,2.997,2.657,2.392,2.776,1.429,0.662,0.537,2.583,0.637
2.642,2.262,1.929,1.548,2.575,1.124,0.428,0.166,1.841,0.438
2.371,2.562,2.484,2.127,2.298,1.517,0.237,0.191,2.313,0.591
2.391,2.032,1.958,1.839,2.394,1.272,1.206,0.678,2.441,0.321
2.604,2.637,2.028,2.402,2.374,1.711,0.982,0.485,2.22,0.415
2.697,2.958,2.13,2.228,2.314,1.771,0.704,0.487,2.551,0.328
0.554,0.602,0.086,0.463,1.704,0.416,0.0,0.026,1.183,0.0
2.495,2.07,2.3,2.17,2.282,1.183,0.481,0.335,2.07,0.182
2.247,1.949,1.76,1.56,2.139,0.805,0.185,0.122,2.307,0.142
3.077,3.003,2.749,2.338,2.648,1.995,1.375,0.81,3.105,0.825
1.684,1.613,1.184,1.144,1.989,0.531,0.219,0.157,1.786,0.025
2.817,2.912,2.724,2.491,2.499,1.727,1.002,0.8,2.814,0.449
2.874,1.945,1.898,1.91,2.477,1.634,1.032,0.676,2.556,0.26
2.865,2.624,2.117,1.495,2.179,1.018,0.379,0.081,2.112,0.069
2.27,1.817,1.292,1.15,2.234,0.879,0.511,0.597,1.834,0.025
3.242,3.307,2.856,2.412,2.662,1.924,0.396,0.289,2.913,0.539
2.905,2.205,1.936,1.617,2.286,0.931,0.226,0.053,1.917,0.18
2.7,2.234,1.986,1.151,2.116,1.249,0.432,0.13,2.06,0.046
1.922,2.211,2.179,1.53,2.031,0.893,0.334,0.154,2.13,0.148
2.534,2.484,2.339,1.711,2.429,1.365,0.317,0.095,2.554,0.236
2.746,2.381,2.206,1.741,2.389,1.437,0.533,0.383,2.177,0.277
3.108,2.925,2.534,2.207,2.509,1.709,0.604,0.164,2.613,0.236
3.196,3.029,2.617,2.235,3.054,1.772,1.936,1.026,3.138,0.371
3.053,2.938,2.662,2.232,2.667,1.498,0.728,0.457,2.652,0.466
2.167,2.006,1.649,1.344,2.148,1.626,0.636,0.152,2.163,0.267
3.123,3.022,2.825,2.337,2.64,1.458,0.832,0.592,2.568,0.347
2.039,2.265,1.856,2.23,2.144,1.395,0.384,0.098,2.109,0.326
2.752,2.845,2.535,2.073,2.569,1.625,0.493,0.327,2.336,0.2
3.06,3.312,2.647,2.608,2.648,1.816,0.892,0.455,2.812,0.426
2.1,1.569,1.29,1.174,1.97,0.592,0.236,0.282,1.674,0.011
2.808,2.573,2.459,1.938,2.458,1.657,1.779,0.718,2.442,0.081
2.863,2.781,2.483,2.235,2.476,1.265,0.744,0.26,2.159,0.389
1.675,1.12,0.944,0.769,2.061,0.915,0.33,0.084,1.664,0.146
3.353,3.223,3.204,2.269,2.928,1.886,0.295,0.265,2.57,0.366
2.645,2.515,2.003,1.942,2.279,1.311,0.994,1.014,2.443,0.416
2.349,2.102,1.846,1.668,2.302,1.475,1.051,0.893,2.136,0.508
3.04,2.567,2.362,2.036,2.217,1.623,0.74,0.243,2.503,0.135
2.193,1.421,1.511,1.298,2.125,0.773,0.247,0.131,1.877,0.057
2.113,1.85,1.784,1.207,2.26,1.176,0.394,0.233,2.24,0.206
0.861,0.756,0.882,0.73,1.845,0.364,0.097,0.09,1.403,0.039
3.425,3.068,2.805,2.495,2.68,1.614,0.535,0.256,2.862,0.541
2.08,2.198,1.955,1.773,2.387,1.167,0.453,0.176,2.325,0.097
3.833,3.754,3.342,3.372,3.369,2.927,1.027,0.717,3.214,1.206
1.114,0.656,0.94,0.492,1.993,0.606,0.305,0.168,1.537,0.18
2.693,2.489,2.042,1.82,2.175,0.889,0.313,0.226,2.192,0.113
2.163,2.855,2.319,2.073,2.367,1.626,0.528,0.255,2.723,0.47
3.523,3.545,3.493,3.081,2.772,2.314,2.063,1.482,3.178,0.937
3.384,3.387,2.979,2.288,2.816,1.8,0.961,0.57,2.988,0.49
2.809,2.659,2.1,2.545,2.526,1.527,0.875,0.328,2.249,0.698
2.399,2.045,1.78,1.744,2.53,1.268,0.315,0.47,2.141,0.432
2.899,2.689,2.658,1.999,2.497,1.129,0.737,0.638,2.053,0.282
3.052,2.666,2.243,1.826,2.184,1.264,0.577,0.202,2.128,0.217
1.636,1.342,1.028,0.93,2.034,0.596,0.258,0.242,1.906,0.039
2.585,2.416,2.282,1.941,2.507,1.244,0.278,0.121,1.912,0.247
3.512,2.873,2.938,2.463,2.527,1.846,0.902,0.441,2.93,0.823
3.323,2.776,2.321,2.063,2.353,1.55,1.127,0.759,2.655,0.401
1.515,1.102,0.899,0.927,2.104,0.682,0.349,0.062,1.981,0.057
2.775,2.62,1.951,2.148,2.613,1.733,0.516,0.177,2.29,0.108
2.632,2.715,2.286,1.944,2.664,1.599,0.789,0.866,2.381,0.35
1.906,1.798,1.458,1.463,1.992,0.67,0.194,0.045,2.065,0.0
3.622,3.478,2.965,2.583,3.093,1.755,1.543,1.155,3.325,0.368
3.488,3.074,2.68,2.251,2.839,1.515,0.81,0.244,2.743,0.203
2.595,2.649,2.314,2.168,2.863,1.632,0.855,0.506,2.688,0.618
2.339,2.078,1.715,1.592,2.07,1.059,0.481,0.209,2.023,0.157
2.622,2.418,2.007,1.637,2.112,0.953,0.233,0.185,1.971,0.043
2.588,2.43,2.352,2.046,2.446,1.599,0.502,0.531,2.344,0.437
3.678,3.681,3.234,3.126,3.493,3.273,1.79,0.777,3.102,1.074
2.113,1.798,1.145,1.248,1.961,0.876,0.489,0.234,2.23,0.033
2.019,2.025,1.363,1.389,1.934,0.986,0.405,0.157,1.822,0.086
3.466,3.291,3.382,2.872,2.981,2.755,1.381,1.339,2.796,0.884
2.605,2.508,2.438,1.992,2.404,1.447,0.923,0.598,2.608,0.246
2.58,2.593,2.001,2.029,2.374,1.387,0.572,0.233,2.38,0.116
3.136,2.779,2.816,2.1,2.723,1.812,0.453,0.228,2.319,0.541
2.672,2.56,2.251,1.737,2.496,1.31,0.301,0.256,2.344,0.446
2.643,2.423,2.119,2.118,2.619,1.516,0.376,0.433,2.461,0.154
1.627,1.517,1.229,0.995,2.128,0.79,0.387,0.257,1.504,0.143
1.602,1.255,0.858,0.504,1.826,0.591,0.109,0.108,1.49,0.0
3.351,3.265,3.066,2.625,2.888,2.49,1.818,0.761,3.015,0.636
3.152,3.084,3.018,2.644,2.637,2.011,1.521,1.132,2.958,0.346
3.401,2.658,2.61,2.427,2.675,1.711,1.378,0.562,2.744,0.341
0.442,0.66,0.2,0.398,2.04,0.413,0.163,0.166,1.313,0.09
2.011,2.077,1.192,0.988,1.998,0.796,0.491,0.354,1.823,0.001
1.575,1.455,1.342,0.879,2.086,0.491,0.085,0.081,1.273,0.0
1.924,2.041,1.409,1.383,2.297,1.264,0.556,0.464,1.798,0.212
3.035,2.995,2.551,2.316,2.483,1.432,0.733,0.414,2.171,0.355
0.114,0.308,0.215,0.216,1.703,0.292,0.14,0.143,1.285,0.077
2.083,2.462,1.899,1.664,2.282,1.332,0.284,0.091,2.229,0.37
1.755,1.238,1.35,1.22,2.08,0.834,0.346,0.391,2.033,0.041
2.704,2.807,2.596,2.003,2.576,1.465,0.851,0.508,2.577,0.213
2.227,1.748,1.657,1.389,2.049,0.592,0.236,0.07,2.06,0.106
2.999,2.684,2.344,2.339,2.659,1.71,1.731,1.708,3.014,0.444
2.91,2.515,2.388,2.048,2.479,1.404,0.21,0.376,2.403,0.192
3.013,2.65,2.098,1.84,2.555,1.425,0.919,0.532,2.386,0.281
3.44,2.728,2.332,2.097,2.578,1.763,1.76,1.454,2.788,0.257
2.865,2.686,2.568,1.683,2.342,1.188,0.425,0.425,2.467,0.198
3.438,3.451,3.312,3.188,3.191,2.273,0.808,0.633,2.736,1.242
2.495,2.054,1.88,1.731,2.022,1.213,0.435,0.171,2.167,0.196
3.25,2.874,2.827,2.548,2.743,1.89,0.439,0.336,2.582,0.556
1.946,1.906,1.698,1.271,1.984,1.216,0.319,0.262,1.913,0.21
1.911,1.134,1.159,0.839,2.163,0.853,0.376,0.201,1.713,0.0
3.41,3.25,2.93,2.595,2.912,1.902,0.873,0.578,2.879,0.614
2.509,2.298,2.137,1.533,2.275,1.033,0.323,0.129,2.055,0.088
3.409,3.062,2.476,2.245,2.696,1.701,1.246,1.012,2.716,0.778
3.174,3.004,3.24,2.561,2.652,2.235,1.649,0.79,3.056,0.569
3.393,2.912,2.844,2.436,2.474,1.835,0.764,0.622,2.602,0.913
2.471,2.433,2.076,1.746,2.282,1.214,0.566,0.634,1.949,0.335
2.877,2.807,2.351,2.032,2.58,1.628,1.118,0.585,2.585,0.523
2.557,2.065,1.91,1.617,2.314,1.254,0.323,0.19,2.076,0.386
2.51,2.543,2.137,1.791,2.536,1.285,0.417,0.288,2.167,0.28
2.533,3.014,2.323,2.004,2.522,1.586,1.177,0.655,2.687,0.378
3.399,2.941,2.669,2.275,2.608,2.005,1.145,0.899,2.997,0.683
3.241,2.879,2.93,2.516,2.669,1.952,0.538,0.356,2.985,0.609
3.183,2.672,2.875,2.269,2.798,1.972,0.86,0.354,2.558,0.348
2.849,2.651,2.028,1.889,2.383,1.71,0.848,0.613,1.977,0.273
3.315,2.896,2.765,2.403,2.754,1.972,0.594,0.288,2.74,0.271
2.94,2.871,2.593,2.18,2.536,1.435,0.415,0.22,2.141,0.279
0.81,0.725,0.609,0.754,2.032,0.545,0.177,0.067,1.755,0.0
2.334,1.339,1.534,1.346,2.116,0.795,0.535,0.194,1.911,0.261
2.217,2.232,1.739,1.541,2.274,1.431,0.511,0.241,2.284,0.045
0.636,0.653,0.375,0.57,1.893,0.605,0.346,0.148,1.239,0.049
2.881,2.862,2.564,2.28,2.425,1.46,0.675,0.261,2.577,0.402
1.304,1.522,1.518,0.919,1.929,0.757,0.222,0.157,1.761,0.074
2.548,2.388,1.855,1.774,2.207,1.149,0.292,0.363,2.036,0.08
1.614,1.136,0.956,0.653,1.853,0.756,0.248,0.257,1.539,0.131
2.549,2.638,2.183,1.627,2.251,1.304,0.496,0.11,2.247,0.134
2.95,2.818,2.745,2.318,2.572,1.524,0.488,0.138,2.667,0.206
1.173,1.368,1.338,1.064,2.205,1.199,0.135,0.157,1.752,0.258
3.475,3.288,3.037,2.537,2.819,1.875,1.132,0.984,2.833,0.562
2.01,1.759,1.401,0.758,2.035,0.736,0.235,0.175,2.119,0.05
0.598,0.463,0.359,0.312,1.971,0.392,0.0,0.095,1.3,0.005
2.645,2.483,2.141,1.452,2.347,0.995,0.253,0.142,2.338,0.11
0.751,0.988,0.44,0.493,1.938,0.409,0.188,0.105,1.639,0.022
3.016,2.784,2.746,2.133,2.729,1.804,1.56,1.505,2.633,0.373
1.277,1.211,0.876,0.798,1.974,0.608,0.17,0.116,1.552,0.041
3.046,2.903,2.736,1.868,2.576,1.84,1.355,1.497,2.56,0.343
3.008,2.601,2.001,1.982,2.276,1.77,0.907,1.215,2.402,0.303
3.362,2.986,2.962,2.541,2.616,1.794,0.518,0.137,2.56,0.5
2.475,2.141,1.841,1.708,2.559,1.304,0.328,0.093,2.242,0.305
3.21,2.953,2.623,2.144,2.388,1.739,1.728,1.564,2.932,0.573
3.217,3.311,2.885,2.55,2.461,1.639,0.643,0.417,2.968,0.467
2.908,2.776,2.648,2.447,2.338,1.559,0.589,0.333,2.611,0.272
3.322,2.817,2.168,1.943,2.613,1.491,0.745,0.512,2.615,0.348
3.045,2.799,2.519,2.238,2.723,1.809,1.088,0.256,2.508,0.378
2.954,2.81,2.705,2.052,2.424,1.114,0.491,0.083,2.313,0.532
3.34,3.27,3.093,2.857,2.898,1.817,1.909,0.844,2.721,0.417
2.391,2.185,1.775,1.15,2.184,1.013,0.189,0.142,1.673,0.154
2.944,2.557,2.206,1.98,2.572,1.776,1.159,0.64,2.777,0.398
2.007,2.047,1.83,1.324,2.237,1.268,0.646,0.412,2.144,0.16
2.369,1.653,1.637,1.188,2.173,0.895,0.505,0.464,1.806,0.234
1.642,1.544,1.076,1.024,1.956,0.563,0.251,0.189,1.767,0.101
3.179,2.713,2.388,2.044,2.532,1.545,1.029,0.662,2.539,0.246
3.11,2.953,2.775,2.411,2.72,2.2,0.739,0.35,2.36,0.35
2.43,2.368,2.089,1.868,2.404,1.362,0.79,0.342,2.162,0.327
1.036,0.526,0.648,0.465,2.039,0.562,0.412,0.354,1.471,0.031
1.176,1.351,0.788,0.938,1.708,0.569,0.168,0.094,1.908,0.196
2.973,2.584,2.547,2.049,2.488,1.712,0.781,0.531,2.597,0.415
3.045,2.881,2.599,2.425,2.437,1.253,0.334,0.236,2.71,0.122
2.78,1.983,1.781,1.381,2.337,1.185,0.93,0.74,2.086,0.118
3.737,3.778,3.378,2.932,3.092,2.626,1.178,0.461,3.378,1.022
2.883,2.74,2.856,2.739,2.766,1.905,0.611,0.177,2.783,0.297
1.664,1.544,1.196,1.107,2.053,0.911,0.232,0.328,1.489,0.098
2.781,2.763,2.377,1.979,2.321,1.42,0.51,0.29,2.305,0.292
2.578,3.081,2.447,2.092,2.536,1.933,0.72,0.307,2.528,0.863
2.375,1.919,1.243,0.884,2.139,1.047,0.309,0.29,1.845,0.141
1.331,1.576,1.332,1.157,1.909,0.658,0.421,0.103,1.817,0.25
2.692,2.52,2.215,2.035,2.456,1.418,0.362,0.134,2.298,0.267
2.121,1.837,1.535,1.341,2.426,1.205,0.304,0.277,1.867,0.104
0.883,1.087,0.905,0.728,1.859,0.568,0.375,0.31,1.717,0.038
3.27,3.301,2.563,2.769,2.707,2.038,1.55,0.888,2.925,0.845
3.273,2.705,2.432,1.954,2.815,1.474,2.047,1.873,2.826,0.278
3.242,2.892,2.436,2.214,2.309,1.891,1.476,0.673,2.332,0.433
2.178,1.674,1.891,1.436,2.077,1.082,0.323,0.297,2.013,0.202
2.023,1.785,1.667,1.415,2.243,1.202,0.462,0.18,2.032,0.194
2.303,2.289,2.311,1.914,2.507,1.69,0.137,0.198,2.149,0.227
1.677,1.534,1.445,0.736,2.072,1.028,0.423,0.663,2.116,0.067
2.714,2.717,2.42,2.023,2.632,1.687,0.613,0.362,2.565,0.555
3.059,2.814,2.172,1.828,2.195,1.468,0.73,0.283,2.295,0.239
2.868,2.814,2.479,2.47,2.446,1.566,0.912,0.363,2.55,0.304
3.1,2.759,2.491,2.14,2.418,1.73,0.875,0.573,2.386,0.489
1.756,1.721,1.348,1.177,2.051,1.02,0.171,0.163,1.436,0.145
2.894,2.53,2.112,1.827,2.593,1.075,0.296,0.326,2.359,0.267
2.391,2.457,1.914,1.895,2.417,1.361,0.638,0.145,2.409,0.136
3.222,2.879,2.597,2.418,2.917,2.026,0.923,0.754,2.635,0.238
3.43,2.945,2.959,2.55,2.738,1.583,0.597,0.511,2.679,0.416
2.929,2.748,2.499,2.084,2.568,1.576,1.318,0.817,2.056,0.455
2.52,1.902,1.919,1.726,2.329,1.088,0.438,0.227,2.145,0.083
3.28,2.691,2.296,1.629,2.175,1.142,0.342,0.19,2.259,0.207
2.822,3.049,2.571,2.049,2.552,1.86,1.478,1.212,2.471,0.782
2.926,2.764,2.397,2.161,2.489,1.528,0.384,0.28,2.294,0.299
3.087,2.993,2.592,2.158,2.836,2.346,0.838,0.621,2.574,0.572
3.51,3.718,3.304,2.807,2.908,2.225,3.287,2.678,3.28,0.76
2.605,2.381,2.18,1.448,2.546,1.269,0.495,0.362,2.266,0.363
1.897,2.07,1.145,1.178,2.022,0.908,0.216,0.141,1.692,0.038
1.722,1.34,1.635,1.369,2.164,0.745,0.794,0.671,2.181,0.09
2.084,1.976,1.361,1.112,2.081,0.925,0.26,0.217,2.23,0.07
2.916,2.815,2.295,2.052,2.368,1.695,1.125,0.53,2.304,0.539
1.886,1.369,1.352,0.921,2.067,0.553,0.196,0.008,1.629,0.088
2.151,1.665,1.144,1.445,2.255,0.855,1.036,0.477,2.195,0.19
1.878,1.735,1.441,1.334,2.044,0.927,0.462,0.22,2.118,0.083
3.547,3.805,3.304,2.868,2.997,2.881,1.144,0.412,2.965,1.64
3.587,3.507,3.076,3.1,3.373,2.908,2.01,1.353,3.364,0.689
1.134,1.032,1.02,0.793,1.907,0.386,0.285,0.264,1.333,0.001
0.906,0.807,0.607,0.546,1.996,0.309,0.049,0.1,1.012,0.159
1.904,1.496,1.221,1.154,2.089,0.533,0.168,0.016,1.558,0.0
2.867,2.401,1.948,2.081,2.129,1.257,0.195,0.08,2.392,0.152
2.791,2.646,2.151,1.834,2.367,1.529,1.138,0.562,2.697,0.404
2.139,1.993,1.523,1.198,2.053,1.136,0.377,0.444,1.992,0.375
3.113,3.001,2.46,2.666,2.739,1.846,1.284,0.9,2.738,0.316
1.867,1.822,1.322,1.093,2.173,0.908,0.654,0.459,1.736,0.296
0.787,0.948,0.791,0.597,1.728,0.379,0.155,0.09,1.429,0.042
2.757,2.957,2.553,2.44,2.217,1.812,0.585,0.219,2.528,0.228
3.017,3.052,2.618,2.138,2.473,1.661,0.617,0.548,2.486,0.402
2.85,2.446,2.218,1.552,2.165,1.542,0.816,0.382,2.199,0.669
2.964,3.279,2.638,2.295,2.672,2.027,0.927,1.04,2.735,0.443
3.131,2.811,2.5,1.877,2.684,1.463,0.549,0.278,2.585,0.385
1.491,1.551,0.816,1.038,1.951,0.567,0.174,0.045,2.003,0.005
2.656,2.328,1.993,1.654,2.195,1.048,0.354,0.24,2.198,0.207
2.783,2.405,1.928,1.826,2.268,1.58,0.628,0.252,2.233,0.232
3.444,3.382,2.942,2.588,2.957,2.173,1.191,0.929,3.044,0.404
2.712,2.646,2.415,1.837,2.671,1.643,0.537,0.153,2.263,0.202
2.694,2.352,2.226,1.888,2.335,1.579,0.401,0.146,2.321,0.247
3.517,3.532,3.173,2.723,3.256,2.523,2.426,1.852,3.229,0.365
2.107,2.268,1.54,1.37,2.21,0.69,0.633,0.214,2.162,0.0
3.064,2.963,2.65,2.5,2.763,1.804,0.8,0.386,2.574,0.335
1.815,1.585,1.226,0.873,2.096,0.634,0.616,0.464,1.708,0.053
3.119,2.965,2.354,2.27,2.678,1.778,0.99,0.542,2.715,0.543
3.266,2.497,2.192,2.032,2.756,1.714,0.939,0.289,2.573,0.197
2.978,3.286,2.975,2.991,2.942,2.036,0.46,0.143,3.16,0.6
2.667,2.197,1.318,1.411,2.523,1.115,0.336,0.155,1.774,0.349
1.973,1.598,1.323,0.827,1.945,0.779,0.261,0.026,1.908,0.056
1.834,1.701,1.423,1.226,1.985,0.849,0.321,0.309,1.745,0.182
2.767,2.645,1.969,1.591,2.356,1.459,1.158,0.379,1.968,0.381
3.814,3.414,3.432,3.087,3.179,2.454,2.151,1.586,3.138,0.998
3.277,2.809,2.516,2.112,2.604,1.431,0.675,0.27,2.697,0.464
2.756,2.425,2.39,1.632,2.601,1.127,0.377,0.198,1.96,0.362
2.672,2.427,2.236,1.699,2.406,0.81,0.398,0.359,2.419,0.15
3.011,3.005,2.447,2.232,2.483,2.012,0.526,0.347,2.39,0.376
1.702,1.266,1.396,1.162,2.226,1.064,0.332,0.083,1.986,0.176
3.16,2.714,2.296,2.204,2.712,1.756,1.254,0.897,2.965,0.279
2.517,2.171,2.167,1.929,2.211,1.133,0.409,0.32,2.274,0.163
2.66,2.669,2.324,1.878,2.446,1.523,0.457,0.156,2.445,0.108
2.867,2.307,1.969,1.663,2.214,1.111,1.296,0.722,2.156,0.129
2.335,1.998,1.667,1.255,2.094,0.591,0.163,0.248,2.138,0.083
1.49,1.095,0.723,0.467,1.912,0.561,0.088,0.03,1.714,0.004
3.19,2.743,2.477,2.124,2.815,1.936,1.585,1.253,2.45,0.337
3.093,3.016,2.231,2.188,2.532,1.473,0.827,0.302,2.705,0.387
1.93,2.137,1.436,1.407,2.028,0.858,0.624,0.235,1.535,0.314
1.067,0.988,0.416,0.441,1.981,0.364,0.065,0.079,1.475,0.0
3.74,3.14,2.918,2.569,2.861,2.359,0.507,0.473,2.934,0.673
2.957,2.351,2.155,2.132,2.517,1.629,0.413,0.26,2.399,0.397
0.999,1.171,1.057,0.864,1.828,0.484,0.198,0.144,1.627,0.05
1.419,1.39,1.478,1.085,1.913,0.851,0.493,0.199,1.719,0.091
1.751,1.986,1.342,1.306,2.153,0.692,0.161,0.095,2.121,0.228
3.31,3.146,3.038,2.254,2.337,1.769,0.88,0.446,2.701,0.216
3.218,2.837,2.833,2.413,2.625,1.805,0.39,0.328,2.52,0.308
3.481,3.325,2.626,2.362,2.733,2.18,2.549,2.325,2.841,0.658
3.259,2.832,2.393,2.205,2.501,1.7,0.783,0.417,2.526,0.315
3.089,2.727,2.701,2.224,2.519,1.414,0.493,0.423,2.395,0.379
2.763,2.668,2.301,1.984,2.571,1.786,1.178,0.514,2.47,0.414
2.989,2.331,2.236,1.81,2.405,1.52,0.789,0.453,2.46,0.079
3.198,2.647,2.426,2.253,2.539,1.689,1.894,0.799,2.404,0.551
2.776,2.739,2.346,2.37,2.5,1.582,0.574,0.173,2.477,0.663
3.02,2.73,2.252,2.012,2.581,1.617,1.297,1.034,2.182,0.246
2.592,2.321,2.215,1.8,2.267,1.144,0.441,0.299,2.232,0.181
3.128,2.829,2.49,2.307,2.367,1.76,0.738,0.578,2.651,0.369
3.065,2.763,2.336,1.953,2.665,1.649,0.865,0.498,2.2,0.159
2.521,2.229,2.008,1.697,2.121,1.47,0.278,0.313,2.288,0.203
3.15,2.742,2.402,1.663,2.54,1.33,0.622,0.245,2.623,0.284
3.099,2.735,2.456,2.036,2.502,1.362,0.547,0.149,2.466,0.222
3.534,3.417,3.059,2.624,2.902,2.202,1.931,1.127,2.895,0.693
2.688,2.174,2.205,1.599,2.455,1.292,0.487,0.29,2.351,0.069
2.556,2.382,2.003,2.002,2.359,1.46,1.344,0.715,2.397,0.403
3.714,3.288,3.303,2.557,2.84,2.062,1.619,0.888,3.25,0.521
3.363,3.211,2.97,2.665,2.554,1.646,0.561,0.257,2.761,0.418
2.244,1.856,1.445,1.335,2.074,0.708,0.332,0.297,1.785,0.02
2.295,2.251,1.834,1.431,2.245,1.026,0.702,0.189,2.224,0.239
2.978,2.766,2.211,1.889,2.623,1.709,1.185,0.501,2.629,0.391
2.837,2.797,2.317,2.212,2.458,1.751,0.904,0.334,2.656,0.482
2.468,2.502,1.768,1.535,2.229,1.063,0.437,0.388,1.776,0.304
3.521,3.635,3.015,2.566,3.321,1.964,0.82,0.547,3.25,0.973
1.543,1.069,0.867,0.866,2.103,0.629,0.361,0.123,1.636,0.004
2.476,2.64,2.06,2.249,2.529,1.233,0.643,0.212,2.313,0.688
1.791,1.819,1.237,1.373,2.146,0.983,0.229,0.238,2.019,0.142
3.195,2.947,2.545,2.43,2.695,1.792,1.163,1.049,2.649,0.316
3.134,2.736,2.72,1.925,2.463,2.339,1.936,1.201,2.744,0.64
3.326,2.966,2.924,2.515,2.614,2.004,1.082,0.76,2.63,0.537
1.713,1.399,1.374,1.273,1.833,0.988,0.029,0.083,1.714,0.11
2.534,2.558,2.007,1.775,2.212,1.505,0.779,0.461,2.423,0.136
1.626,1.592,1.244,1.116,2.241,0.492,0.532,0.461,1.813,0.235
2.591,2.205,1.778,1.475,2.326,1.346,1.096,0.706,2.351,0.523
2.538,2.43,2.19,1.977,2.298,1.216,0.28,0.133,2.083,0.152
2.535,2.206,1.566,1.591,2.335,1.377,0.197,0.07,2.0,0.14
3.223,3.052,2.56,2.436,2.599,1.895,0.793,0.528,2.808,0.418
1.8,2.024,2.108,1.687,1.866,0.857,0.359,0.149,1.918,0.125
2.742,2.403,2.148,2.031,2.516,1.311,0.25,0.208,2.105,0.238
3.564,3.279,3.17,2.331,2.601,1.939,2.139,1.995,2.981,0.723
2.784,2.745,2.852,2.303,2.652,2.024,0.653,0.409,2.483,0.39
2.066,2.18,1.577,1.286,2.219,0.8,0.29,0.367,1.672,0.097
2.944,2.902,2.496,2.294,2.553,1.536,0.596,0.297,2.198,0.21
1.33,0.691,0.755,0.463,1.881,0.472,0.647,0.423,1.761,0.146
2.761,3.151,2.885,2.404,2.446,1.824,0.728,0.26,2.702,0.342
1.509,1.445,0.976,0.724,1.854,0.737,0.31,0.115,1.838,0.036
2.62,2.285,2.136,1.924,2.274,1.128,0.571,0.236,2.227,0.31
3.273,2.986,2.637,2.316,2.94,2.199,2.018,1.689,2.925,0.783
2.582,2.036,2.15,1.668,2.253,0.985,0.252,0.166,2.248,0.086
1.87,1.455,0.955,1.46,2.043,0.816,0.466,0.192,1.549,0.05
3.121,2.526,2.147,2.02,2.482,1.597,0.701,0.147,2.483,0.279
2.021,1.57,1.12,0.877,1.86,0.709,0.357,0.192,1.538,0.0
1.061,0.9,0.471,0.303,1.98,0.388,0.22,0.06,1.279,0.0
3.056,2.778,2.189,1.834,2.374,1.771,0.702,0.422,2.409,0.273
3.415,3.38,2.851,2.428,2.623,1.962,1.297,0.96,2.566,0.498
1.85,2.027,1.072,1.515,2.17,1.233,0.294,0.605,1.987,0.34
2.161,1.732,1.583,1.129,2.143,0.804,0.376,0.366,1.739,0.049
1.886,1.588,1.53,0.798,2.01,0.795,0.156,0.17,1.84,0.035
2.661,2.515,2.117,1.725,2.449,1.336,0.618,0.848,2.435,0.204
3.147,2.621,2.593,2.157,2.602,1.917,0.709,0.375,2.581,0.276
2.716,2.385,2.231,1.563,2.213,1.13,0.45,0.202,2.129,0.076
2.819,2.549,2.443,1.666,2.401,1.856,0.95,0.326,2.458,0.413
2.078,1.916,1.584,1.374,2.368,1.178,0.67,0.382,2.0,0.272
2.799,2.451,2.016,1.783,2.285,1.114,0.325,0.277,2.221,0.14
3.31,3.585,3.36,2.981,3.227,2.276,0.747,0.224,2.588,1.299
3.001,2.465,2.487,1.678,2.354,1.601,0.466,0.305,2.625,0.21
2.041,2.119,1.977,1.72,2.127,1.378,0.636,0.45,2.305,0.316
3.467,3.095,2.716,2.323,2.849,1.643,1.749,0.836,3.019,0.811
2.982,2.9,2.101,1.543,2.489,1.443,1.021,0.764,2.169,0.222
2.739,2.484,2.32,1.579,2.394,1.044,0.621,0.343,1.953,0.118
2.717,2.36,2.004,1.771,2.458,1.386,0.961,0.563,2.11,0.157
1.863,1.869,1.604,1.256,1.833,0.596,0.1,0.085,1.803,0.0
2.568,2.335,1.73,1.545,2.384,1.167,1.456,1.667,2.173,0.212
3.288,3.087,3.273,2.417,2.93,2.302,2.61,1.427,2.885,0.682
3.07,3.092,2.841,2.094,2.66,1.694,0.561,0.368,2.789,0.317
2.276,2.078,1.527,1.418,2.079,0.773,0.589,0.3,1.97,0.166
2.922,2.821,2.718,2.425,2.741,1.96,0.478,0.039,2.767,0.389
3.226,2.757,2.384,2.165,2.518,1.749,0.845,0.522,2.257,0.367
2.632,2.305,1.98,1.861,2.294,1.459,0.472,0.3,2.245,0.202
3.186,2.694,2.556,2.025,2.462,1.793,1.11,0.793,2.567,0.523
3.711,3.446,3.403,2.988,3.106,2.208,0.821,0.185,3.155,0.691
2.022,1.941,1.755,1.342,2.06,0.985,0.91,0.429,2.254,0.312
3.495,3.103,2.847,2.254,2.989,2.222,0.467,0.589,2.973,0.178
1.735,1.351,0.972,0.716,2.109,0.721,0.118,0.196,1.642,0.0
1.647,1.8,0.951,1.009,2.226,0.844,0.57,0.285,1.938,0.123
1.366,1.264,0.932,0.617,1.833,0.381,0.147,0.206,1.374,0.017
3.309,3.071,2.903,2.601,2.893,1.875,1.317,1.209,2.582,1.041
1.996,2.147,1.545,1.198,2.049,0.654,0.284,0.207,2.054,0.048
2.548,2.279,1.942,1.686,2.265,1.233,0.512,0.271,1.958,0.128
3.087,2.498,2.097,1.811,2.209,1.937,0.839,1.107,2.346,0.546
3.159,3.088,2.591,2.226,2.282,1.642,0.567,0.296,2.453,0.555
2.599,2.424,1.939,1.978,2.515,1.302,0.436,0.224,2.326,0.462
3.032,2.829,2.841,2.63,3.182,2.112,1.403,0.864,2.889,0.705
3.088,2.842,2.095,1.974,2.523,1.819,0.844,0.561,2.472,0.59
3.091,2.844,2.062,1.961,2.492,1.836,1.359,0.868,2.485,0.243
1.756,1.894,1.419,1.394,2.131,0.716,0.163,0.104,1.851,0.08
3.279,2.961,2.593,1.726,2.517,1.508,0.665,0.313,2.66,0.449
2.901,2.374,2.445,1.906,2.46,1.162,0.508,0.237,2.306,0.286
2.436,1.759,1.619,1.265,2.291,0.996,0.146,0.126,2.176,0.2
2.954,2.877,2.307,1.832,2.654,1.296,0.806,0.343,2.823,0.404
1.904,1.872,2.143,1.515,1.758,1.198,0.265,0.131,1.942,0.38
2.529,2.384,2.378,1.538,2.235,1.295,0.295,0.189,1.961,0.203
1.862,1.783,1.601,1.075,2.189,0.843,0.0,0.11,1.855,0.0
2.769,2.124,1.868,1.579,2.013,1.108,0.746,0.581,2.356,0.151
2.326,2.511,2.241,1.608,2.194,1.692,1.156,0.595,2.358,0.32
3.137,2.963,2.694,2.324,2.408,1.726,1.529,0.585,2.943,0.532
2.845,2.732,2.134,1.87,2.31,1.507,1.02,0.576,2.443,0.313
3.246,2.77,3.059,3.234,3.021,2.338,0.353,0.27,3.052,0.747
2.866,2.164,1.995,2.0,2.365,1.306,0.798,0.547,2.345,0.344
1.714,1.962,1.435,1.515,2.061,1.128,0.395,0.397,1.792,0.284
2.864,2.796,2.263,2.336,2.37,1.489,1.233,0.666,2.44,0.179
2.929,2.519,2.336,1.992,2.412,1.322,0.802,0.354,2.233,0.173
2.204,2.192,1.798,1.471,2.307,1.159,0.742,0.789,2.061,0.209
2.809,2.468,1.699,1.651,2.39,1.351,1.204,0.618,2.024,0.107
3.413,3.491,3.39,2.941,3.028,1.959,0.564,0.215,3.078,0.806
3.329,2.995,2.746,2.347,2.531,1.59,1.362,0.724,2.631,0.303
3.483,3.126,2.83,2.533,2.793,2.037,1.086,0.695,2.66,0.991
2.742,2.932,2.544,2.129,2.598,1.915,0.33,0.099,2.645,0.364
2.951,2.508,2.108,1.954,2.417,1.709,0.578,0.18,2.456,0.273
0.423,0.771,0.544,0.533,1.711,0.46,0.191,0.09,1.58,0.0
2.32,2.01,2.023,1.873,2.267,1.431,0.185,0.109,1.764,0.26
1.836,1.206,1.308,0.957,1.952,0.689,0.476,0.136,2.032,0.105
3.522,3.117,2.822,2.218,2.932,1.925,1.771,0.928,3.056,0.653
1.968,1.397,1.458,1.008,2.06,0.632,0.278,0.344,1.856,0.059
2.407,1.747,1.813,1.593,2.188,1.246,0.37,0.342,1.812,0.134
2.33,1.992,1.853,1.445,1.958,0.787,0.199,0.123,2.11,0.116
3.052,2.825,3.007,2.239,2.408,1.51,0.313,0.214,2.675,0.444
2.883,2.61,2.176,1.66,2.343,1.625,0.346,0.157,2.161,0.226
1.939,1.775,1.104,0.924,1.841,0.82,0.231,0.282,1.537,0.116
2.531,2.4,1.857,1.721,2.352,1.413,0.606,0.258,2.072,0.089
1.676,1.836,1.115,0.992,1.917,0.656,0.329,0.232,1.723,0.147
2.713,2.408,2.246,2.243,2.532,1.46,0.792,0.648,2.379,0.263
2.822,2.776,2.918,2.248,2.35,1.937,1.067,0.513,2.598,0.911
3.305,3.383,3.266,2.725,2.845,2.243,0.485,0.266,2.898,0.455
1.893,1.587,1.19,1.132,2.032,0.976,0.51,0.408,1.891,0.419
3.386,3.512,2.957,2.724,2.999,1.882,1.361,0.876,3.069,0.355
3.469,3.395,3.178,3.032,3.2,2.293,0.638,0.332,3.13,0.819
1.928,2.02,1.687,1.7,2.309,1.19,0.281,0.156,1.818,0.183
3.189,2.938,2.536,2.113,2.524,1.944,1.219,0.404,2.608,0.68
2.962,3.077,2.96,2.767,2.821,1.904,0.327,0.257,2.765,0.49
2.783,2.435,2.224,1.7,2.47,1.861,0.74,0.439,2.369,0.312
2.798,2.805,2.271,1.998,2.373,1.371,0.29,0.054,2.392,0.121
2.425,2.531,2.296,1.887,2.124,1.08,0.691,0.267,2.308,0.245
2.268,2.365,1.693,1.611,2.121,1.056,0.289,0.243,2.075,0.347
1.27,1.183,1.014,0.686,1.893,0.812,0.16,0.022,1.696,0.163
2.207,2.366,2.522,1.819,2.27,1.394,1.028,0.927,2.475,0.154
2.584,2.612,1.921,1.587,2.252,1.313,0.6,0.222,2.218,0.123
1.441,1.041,0.823,0.99,2.124,0.874,0.255,0.089,1.225,0.043
2.516,1.853,1.808,1.433,2.273,1.262,0.364,0.111,1.953,0.462
0.219,0.745,0.324,0.197,1.81,0.096,0.327,0.134,1.37,0.0
2.764,2.446,2.071,1.665,2.377,1.164,0.62,0.509,2.337,0.517
2.879,2.943,2.666,2.614,2.664,2.154,0.969,0.33,2.496,0.601
3.332,3.214,2.846,2.373,2.643,2.372,0.724,0.279,2.754,0.619
1.348,1.133,0.602,0.596,2.004,0.327,0.204,0.129,1.317,0.0
3.306,2.919,2.822,2.513,2.494,1.732,0.301,0.222,2.366,0.389
2.397,2.54,2.215,2.021,2.277,1.091,0.19,0.151,2.573,0.17
1.756,1.491,0.954,1.049,2.072,0.572,0.157,0.248,1.793,0.223
1.986,1.898,1.666,1.23,2.28,0.777,0.749,0.163,2.196,0.284
2.498,2.027,1.565,1.332,2.156,1.074,0.333,0.115,1.629,0.164
2.593,2.62,2.168,1.592,2.519,1.497,0.827,0.507,2.468,0.451
2.69,2.282,2.121,1.779,2.104,1.285,0.395,0.098,1.882,0.193
1.874,1.35,1.209,1.039,2.337,0.8,0.382,0.157,1.523,0.108
3.25,2.568,2.586,2.138,2.409,1.821,1.426,0.768,2.689,0.219
2.939,2.413,1.941,2.056,2.405,1.571,0.804,0.275,2.533,0.171
2.438,2.228,2.354,2.054,2.547,1.232,0.552,0.225,2.406,0.179
3.616,3.066,3.148,2.869,2.818,2.168,1.296,0.638,3.109,0.983
3.065,3.349,3.146,2.576,2.684,1.853,1.047,0.58,2.816,0.774
1.53,0.913,0.916,0.621,1.725,0.622,0.179,0.147,1.544,0.116
2.752,2.713,2.276,1.759,2.18,1.307,0.378,0.152,2.107,0.243
3.413,3.219,2.973,2.352,2.936,2.074,2.266,1.354,2.818,0.519
3.237,3.079,2.858,2.321,2.588,1.737,1.677,1.208,2.961,0.601
2.937,2.741,2.17,2.186,2.506,1.514,0.634,0.025,2.608,0.379
3.068,2.708,2.477,2.016,3.138,1.69,0.976,0.275,2.24,0.673
2.221,2.379,2.329,1.95,2.432,1.768,0.916,0.366,2.277,0.582
0.77,0.84,0.458,0.89,1.954,0.56,0.231,0.072,1.588,0.017
2.071,1.808,1.19,1.362,2.392,0.848,0.857,0.53,2.124,0.264
3.126,3.112,2.566,1.938,2.809,1.92,2.902,2.878,2.909,0.337
3.068,2.589,2.555,2.058,2.414,1.623,0.997,0.813,2.494,0.661
3.362,3.004,2.938,2.447,2.833,2.021,0.727,0.461,2.606,0.528
2.365,2.519,2.023,1.586,2.274,1.423,0.344,0.123,2.019,0.244
2.588,2.318,1.625,1.645,2.18,1.118,0.317,0.121,2.313,0.141
1.363,1.802,1.126,0.97,1.654,0.96,0.095,0.182,1.749,0.241
2.277,2.101,1.95,1.386,2.137,1.232,0.533,0.223,1.989,0.187
2.693,2.728,2.412,1.868,2.441,1.37,0.881,0.391,2.331,0.146
2.555,2.389,1.608,1.347,2.241,1.265,0.597,0.237,2.245,0.059
2.789,2.671,2.084,1.852,2.379,1.393,0.678,0.443,2.374,0.357
3.047,2.709,2.673,2.129,2.44,1.862,0.791,0.647,2.91,0.343
1.872,1.92,0.983,0.654,1.954,0.576,0.314,0.295,1.757,0.002
3.709,3.61,3.46,3.35,3.125,2.721,2.212,0.566,3.52,0.555
2.275,2.25,2.038,1.947,2.437,1.274,0.243,0.265,2.466,0.143
1.374,1.285,1.205,0.818,2.009,0.677,0.191,0.287,1.715,0.145
2.299,2.18,1.712,1.918,2.692,1.527,0.637,0.15,2.225,0.235
3.413,3.292,3.275,2.851,2.817,2.02,1.056,0.556,2.923,0.566
2.638,1.791,1.822,1.375,2.377,1.328,0.167,0.156,1.923,0.109
2.574,2.704,2.186,1.969,2.242,1.175,0.568,0.223,2.597,0.233
3.074,2.993,2.608,2.205,2.516,1.757,1.071,0.959,2.577,0.869
3.161,2.79,2.653,2.384,2.664,1.81,2.404,1.532,2.607,0.502
3.257,3.113,2.767,2.385,2.769,2.04,1.857,2.116,2.893,0.179
3.306,3.116,2.652,2.522,3.03,2.243,0.651,0.16,2.738,0.656
2.757,2.561,2.027,1.842,2.307,1.437,0.383,0.105,2.179,0.045
2.739,2.824,2.0,1.958,2.762,2.107,1.198,0.567,2.794,0.379
3.116,2.779,2.7,2.163,2.183,1.858,0.627,0.669,2.203,0.432
1.186,1.338,1.007,0.798,1.853,0.853,0.296,0.361,1.657,0.132
1.737,1.782,1.366,1.231,1.953,0.719,0.258,0.128,1.979,0.048
1.553,1.305,0.556,0.91,2.049,0.657,0.142,0.128,1.639,0.104
3.071,2.789,2.538,2.391,2.462,1.473,0.5,0.298,2.814,0.327
3.201,3.228,3.1,2.793,2.421,2.152,1.2,0.447,3.052,0.602
2.14,2.278,1.946,1.57,2.32,0.782,0.449,0.122,2.102,0.128
1.756,1.679,1.578,0.863,2.211,0.634,0.55,0.132,2.031,0.182
